Facility Name,Primary Service Category,Layers of Care Provided,Parish,City,Physical Address,Intake / Admissions Phone,After-Hours Coverage Line,Admin Email Contact,Age Groups Treated (Ages),Total Psychiatric Bed Count,Specialized Clinical Tracks,Medicaid Enrolled (Y/N),Medicare Enrolled (Y/N),Commercial Insurance Accepted,Discharge Planning / Referral Liaison,program_name,clarity_fit,notes
Monroe Surgical Hospital,Hospital,Hospital,Ouachita,Monroe,2408 Broadmoor Blvd.,3184100002.0,,robynhemphill@monroesurgical.com,,0,Substance Use Disorder,,,,Robyn  Hemphill,Monroe Surgical Hospital,,
P & S Surgical Hospital,Hospital,Hospital,Ouachita,Monroe,312 Grammont Street Ste. 101,3183884040.0,,lindaholyfield@pssurgery.com,,0,Substance Use Disorder,,,,Linda  Holyfield,P & S Surgical Hospital,,
Riverbend Rehabilitation Hospital,Hospital,Hospital,Ouachita,Monroe,4310 South Grand Street,3186548300.0,,billy@innovativeofficesystems.net,,0,Substance Use Disorder,,,,"Willaim H means, Jr.",Riverbend Rehabilitation Hospital,,
Specialty Hospital,Hospital,Hospital,Ouachita,Monroe,"309 Jackson Street, 7th Floor",3189664126.0,,jerry.rogers@lhcgroup.com,,0,Substance Use Disorder,,,,Jerry T Rogers,Specialty Hospital,,
St. Francis Medical Center,Hospital,Hospital,Ouachita,Monroe,309 Jackson Street,3189664000.0,,kristin.wolkart@stfran.com,,0,Substance Use Disorder,,,,Kristin  Wolkart,St. Francis Medical Center,,
University Health Conway,Hospital,Hospital,Ouachita,Monroe,4864 Jackson Street,3183307000.0,,jonathan.phillips@uhsystem.com,,0,Substance Use Disorder,,,,Jonathan  Phillips,University Health Conway,,
Allegiance Health Center of Monroe,Hospital,Hospital,Ouachita,Monroe,3421 Medical Park Drive,3189664686.0,,dthompson.ruston@ahmgt.com,,0,Substance Use Disorder,,,,MS Donna K Thompson,Allegiance Health Center of Monroe,,
Louisiana Extended Care Hospital of Natchitoches,Hospital,Hospital,Natchitoches,Natchitoches,"501 Keyser Avenue, 4th floor",3183542044.0,,John.Rivoire@lhcgroup.com,,0,Substance Use Disorder,,,,John  Rivoire,Louisiana Extended Care Hospital of Natchitoches,,
Teche Regional Medical Center,Hospital,Hospital,St. Mary,Morgan City,1125 Marguerite Street,9853804407.0,,Scott.Smith1@LPNT.net,,0,Substance Use Disorder,,,,Scott M Smith,Teche Regional Medical Center,,
Assumption Community Hospital,Hospital,Hospital,Assumption,Napoleonville,135 Highway 402,9853693600.0,,christina.hockaday@ololrmc.com,,0,Substance Use Disorder,,,,CHRISTINA  HOCKADAY,Assumption Community Hospital,,
Iberia Rehabilitation Hospital,Hospital,Hospital,Iberia,New Iberia,532 Jefferson Terrace Street,3373646923.0,,athanolivier@iberiarehab.net,,0,Substance Use Disorder,,,,Athan  Olivier,Iberia Rehabilitation Hospital,,
Iberia General Hospital & Medical Center,Hospital,Hospital,Iberia,New Iberia,2315 East Main Street,3373640441.0,,ptempleton@iberiamedicalcenter.com,,0,Substance Use Disorder,,,,Parker A Templeton,Iberia General Hospital & Medical Center,,
East Carroll Parish Hospital,Hospital,Hospital,East Carroll,Lake Providence,336 North Hood Street,3185594023.0,,lenglerth@ecphosp.com,,0,Substance Use Disorder,,,,MS Ladonna  Englerth,East Carroll Parish Hospital,,
"Beacon Behavioral Hospital, Inc",Hospital,Hospital,St. James,Lutcher,2471 Louisiana Ave,2252586103.0,,denisew@beaconbh.com,,0,Substance Use Disorder,,,,Denise  White,"Beacon Behavioral Hospital, Inc",,
St. James Parish Hospital,Hospital,Hospital,St. James,Lutcher,1645 Lutcher Avenue,2258695512.0,,mpratt@sjph.org,,0,Substance Use Disorder,,,,MS MARY  PRATT,St. James Parish Hospital,,
Byrd Regional Hospital,Hospital,Hospital,Vernon,Leesville,1020 Fertitta Boulevard,3372399041.0,,roger_ledoux@chs.net,,0,Substance Use Disorder,,,,MR Roger  Ledoux,Byrd Regional Hospital,,
"Doctors Hospital at Deer Creek, LLC",Hospital,Hospital,Vernon,Leesville,815 South 10th Street,3373925088.0,,wbarrow@dhdc.md,,0,Substance Use Disorder,,,,WILLIAM F BARROW II,"Doctors Hospital at Deer Creek, LLC",,
Leesville Rehabilitation Hospital,Hospital,Hospital,Vernon,Leesville,900 South Sixth Street,3373928118.0,,jackcausey@leesvillerehab.com,,0,Substance Use Disorder,,,,JACK  CAUSEY,Leesville Rehabilitation Hospital,,
"Tri Parish Rehabilitation Hospital, LLC",Hospital,Hospital,Vernon,Leesville,8088 Hawks Road,3374628880.0,,lhiggins@triparishhospital.com,,0,Substance Use Disorder,,,,LARISA  HIGGINS,"Tri Parish Rehabilitation Hospital, LLC",,
PAM Specialty Hospital of Lafayette,Hospital,Hospital,Lafayette,Lafayette,204 Energy Parkway,3372321905.0,,jelenbaas@postacute.com,,0,Substance Use Disorder,,,,Jerry  Elenbaas,PAM Specialty Hospital of Lafayette,,
Park Place Surgical Hospital,Hospital,Hospital,Lafayette,Lafayette,4811 Ambassador Caffery Parkway,3372378119.0,,bmoore@parkplacesurgery.com,,0,Substance Use Disorder,,,,JBrandon  Moore,Park Place Surgical Hospital,,
University Hospital & Clinics,Hospital,Hospital,Lafayette,Lafayette,2390 West Congress St.,3372616000.0,,kdhebert@lgh.org,,0,Substance Use Disorder,,,,Katherine D Hebert,University Hospital & Clinics,,
Women''''s and Children''''s Hospital,Hospital,Hospital,Lafayette,Lafayette,4600 Ambassador Caffery Parkway,3375219100.0,,Leona.boullion@HCAhealthcare.com,,0,Substance Use Disorder,,,,LEONA  BOULLION,Women''''s and Children''''s Hospital,,
AVAIL HEALTH LAKE CHARLES HOSPITAL,Hospital,Hospital,Calcasieu,Lake Charles,3730 NELSON ROAD,3375130817.0,,dpatel@amdglobal.com,,0,Substance Use Disorder,,,,"Dharmesh  Patel, MD",AVAIL HEALTH LAKE CHARLES HOSPITAL,,
Christus Lake Area Hospital,Hospital,Hospital,Calcasieu,Lake Charles,4200 Nelson Road,3374746370.0,,robbin.odom@christushealth.org,,0,Substance Use Disorder,,,,Robbin  Odom,Christus Lake Area Hospital,,
Christus St. Patrick Hospital,Hospital,Hospital,Calcasieu,Lake Charles,524 Dr. Michael DeBakey Drive,3374362511.0,,donald.lloyd@christushealth.org,,0,Substance Use Disorder,,,,MR Donald  Lloyd,Christus St. Patrick Hospital,,
Memorial Specialty Hospital,Hospital,Hospital,Calcasieu,Lake Charles,524 Dr. Michael Debakey Drive,3374808990.0,,rlafleur@lcmh.com,,0,Substance Use Disorder,,,,Robert  LaFleur,Memorial Specialty Hospital,,
Crescent City Surgical Centre,Hospital,Hospital,Jefferson,Metairie,3017 Galleria Drive,5048302500.0,,klong@ccsurg.com,,0,Substance Use Disorder,,,,Kirk  Long,Crescent City Surgical Centre,,
Omega Hospital LLC,Hospital,Hospital,Jefferson,Metairie,2525 Severn Avenue,5048324200.0,,krousselle@omegahospital.com,,0,Substance Use Disorder,,,,Karen  Rousselle,Omega Hospital LLC,,
DeSoto Regional Health System,Hospital,Hospital,Desoto,Mansfield,207 Jefferson Street,3188724610.0,,toddeppler@desotoregional.com,,0,Substance Use Disorder,,,,Verna  Mitchell,DeSoto Regional Health System,,
Sabine Medical Center,Hospital,Hospital,Sabine,Many,240 Highland Drive,3182565691.0,,Calving@sabinemedicalcenter.net,,0,Substance Use Disorder,,,,Calvin  Green,Sabine Medical Center,,
BridgePoint Continuing Care Hospital,Hospital,Hospital,Jefferson,Marrero,"1101 Medical Center Blvd., 7th Floor",5043496836.0,,tkknoske@bridgepointhealthcare.com,,0,Substance Use Disorder,,,,THOMAS  KNOSKE,BridgePoint Continuing Care Hospital,,
West Jefferson Medical Center,Hospital,Hospital,Jefferson,Marrero,1101 Medical Center Boulevard,5043475511.0,,Nancy.Cassagne@wjmc.org,,0,Substance Use Disorder,,,,Nancy R Cassagne,West Jefferson Medical Center,,
"Ochsner Medical Center - Northshore,LLC",Hospital,Hospital,St. Tammany,Slidell,100 Medical Center Drive,9856465000.0,,bgoodson@ochsner.org,,0,Substance Use Disorder,,,,Bradley R Goodson,"Ochsner Medical Center - Northshore,LLC",,
Slidell Memorial Hospital,Hospital,Hospital,St. Tammany,Slidell,1001 Gause Boulevard,9852802200.0,,bill.davis@slidellmemorial.org,,0,Substance Use Disorder,,,,"MR John (""Bill"") W Davis",Slidell Memorial Hospital,,
Southern Surgical Hospital,Hospital,Hospital,St. Tammany,Slidell,1700 W. Lindberg Drive,9856410600.0,,mpisciotta@uspi.com,,0,Substance Use Disorder,,,,Michael  Pisciotta,Southern Surgical Hospital,,
Sterling Surgical Hospital,Hospital,Hospital,St. Tammany,Slidell,989 Robert Blvd.,9856908200.0,,cdaniel@sterlingsurgical.net,,0,Substance Use Disorder,,,,Chris  Daniel,Sterling Surgical Hospital,,
Madison Parish Hospital,Hospital,Hospital,Madison,Tallulah,900 Johnson Street,3185742374.0,,tedt@madisonparishhospital.com,,0,Substance Use Disorder,,,,Theodore  Topolewski,Madison Parish Hospital,,
West Calcasieu Cameron Hospital,Hospital,Hospital,Calcasieu,Sulphur,701 Cypress Street,3375277034.0,,jfruge@wcch.com/dford@wcch.com,,0,Substance Use Disorder,,,,Janie  Fruge,West Calcasieu Cameron Hospital,,
Sterlington Rehabilitation Hospital,Hospital,Hospital,Ouachita,Sterlington,370 W Hickory Street,3182814531.0,,cwaldrop@sterlingtonrehab.com,,0,Substance Use Disorder,,,,Cathy  Martin,Sterlington Rehabilitation Hospital,,
Cornerstone Hospital of Southwest Louisiana,Hospital,Hospital,Calcasieu,Sulphur,703 Cypress Street,3373106000.0,,jeffery.clark@chghospitals.com,,0,Substance Use Disorder,,,,Jeffrey  CLARK,Cornerstone Hospital of Southwest Louisiana,,
Christus Health Shreveport - Bossier,Hospital,Hospital,Caddo,Shreveport,1453 E. Bert Kouns Industrial Drive,3186815000.0,,isaac.palmer@christushealth.org,,0,Substance Use Disorder,,,,Isaac R Palmer,Christus Health Shreveport - Bossier,,
LifeCare Hospitals of Shreveport,Hospital,Hospital,Caddo,Shreveport,8001 Youree Drive,3186888504.0,,brent.martin@lifecare-hospitals.com,,0,Substance Use Disorder,,,,Brent  Martin,LifeCare Hospitals of Shreveport,,
"Promise Hospital of Louisiana,Inc",Hospital,Hospital,Caddo,Shreveport,1800 Irving Place  Suite 100,3184254096.0,,rick.stockton@promisehealthcare.com,,0,Substance Use Disorder,,,,MR Rick  Stockton,"Promise Hospital of Louisiana,Inc",,
Shriners Hospitals for Children,Hospital,Hospital,Caddo,Shreveport,3100 Samford Avenue,3182225704.0,,kgreen@shrinenet.org,,0,Substance Use Disorder,,,,Mr. Gary Green,Shriners Hospitals for Children,,
Specialists Hospital Shreveport,Hospital,Hospital,Caddo,Shreveport,1500 Line Avenue,3182133800.0,,kmoore@spechosp.com,,0,Substance Use Disorder,,,,Kandi  Moore,Specialists Hospital Shreveport,,
University Health Shreveport,Hospital,Hospital,Caddo,Shreveport,1541 Kings Highway,3186755000.0,,mark.randolph@uhsystem.com,,0,Substance Use Disorder,,,,MARK  RANDOLPH,University Health Shreveport,,
Cornerstone Hospital West Monroe,Hospital,Hospital,Ouachita,West Monroe,6198 Cypress Street,3183965600.0,,rcsimpson@chghospitals.com,,0,Substance Use Disorder,,,,MR Robert C Simpson,Cornerstone Hospital West Monroe,,
Louisiana Extended Care Hospital of West Monroe,Hospital,Hospital,Ouachita,West Monroe,"503 McMillan Road, 3rd Floor",3183294300.0,,cleta.munholland@lhcgroup.com,,0,Substance Use Disorder,,,,Cleta  Munholland,Louisiana Extended Care Hospital of West Monroe,,
"Specialty Hospital of Winnfield, Inc",Hospital,Hospital,Winn,Winnfield,915 1st Street,3186480212.0,,chuckjurek@specialtyhospital.net,,0,Substance Use Disorder,,,,Chuck  Jurek,"Specialty Hospital of Winnfield, Inc",,
Winn Parish Medical Center,Hospital,Hospital,Winn,Winnfield,301 West Boundary Ave.,3186483000.0,,bbogle@ahmgt.com,,0,Substance Use Disorder,,,,BRYAN  BOGLE,Winn Parish Medical Center,,
Lane Regional Medical Center,Hospital,Hospital,East Baton Rouge,Zachary,6300 Main Street,2256584000.0,,lmeese@lanermc.org,,0,Substance Use Disorder,,,,LARRY  MEESE,Lane Regional Medical Center,,
Zachary-AMG Specialty Hospital,Hospital,Hospital,East Baton Rouge,Zachary,"4601 McHugh Road, Bldg. B",2256831600.0,,aebeling@amgihm.com,,0,Substance Use Disorder,,,,APRIL  EBELING,Zachary-AMG Specialty Hospital,,
Franklin Medical Center,Hospital,Hospital,Franklin,Winnsboro,2106 Loop Road,3184359411.0,,bkramer@fmc-cares.com,,0,Substance Use Disorder,,,,Blake  Kramer,Franklin Medical Center,,
Thibodaux Regional Medical Center,Hospital,Hospital,Lafourche,Thibodaux,602 N. Acadia Road,9854475500.0,,greg.stock@thibodaux.com,,0,Substance Use Disorder,,,,MR Greg  Stock,Thibodaux Regional Medical Center,,
North Caddo Medical Center,Hospital,Hospital,Caddo,Vivian,815 South Pine Street,3183753235.0,,djones@wkhs.com,,0,Substance Use Disorder,,,,David C Jones,North Caddo Medical Center,,
Promise Hospital of Miss Lou,Hospital,Hospital,Concordia,Vidalia,209 Front Street,3183366500.0,,mharrell@promisehealthcare.com,,0,Substance Use Disorder,,,,Michael  Harrell,Promise Hospital of Miss Lou,,
St. Landry Extended Care Hospital,Hospital,Hospital,St. Landry,Opelousas,"539 E. Prudhomme Street, 6th Floor",3379485184.0,,Biff.David@lhcgroup.com,,0,Substance Use Disorder,,,,Biff David,St. Landry Extended Care Hospital,,
ACCORD REHABILITATION HOSPITAL,Hospital,Hospital,Iberville,Plaquemine,59213 River West Drive,2256878100.0,,julenemcalister@aol.com,,0,Substance Use Disorder,,,,JULENE  MCALISTER,ACCORD REHABILITATION HOSPITAL,,
Optima Specialty Hospital,Hospital,Hospital,Lafayette,Lafayette,1131 Rue DeBelier,3379910571.0,,glynis.deroche@acadiahealthcare.com,,0,Substance Use Disorder,,,,GLYNIS  DEROCHE,Optima Specialty Hospital,,
"Beacon Behavioral Hospital - New Orleans, Inc",Hospital,Hospital,Orleans,New Orleans,"14500 Hayne Blvd., Suite 200",5042100460.0,,rickyr@beaconbh.com,,0,Substance Use Disorder,,,,RICHARD  ROBESON,"Beacon Behavioral Hospital - New Orleans, Inc",,
Childrens Hospital,Hospital,Hospital,Orleans,New Orleans,200 Henry Clay Avenue,5048999511.0,,John.nickens@lcmchealth.org,,0,Substance Use Disorder,,,,John  Nickens,Childrens Hospital,,
Cobalt Rehabilitation Hospital New Orleans,Hospital,Hospital,Jefferson,New Orleans,3801 Bienville Street,5049303500.0,,stranchina@cobaltrehab.com,,0,Substance Use Disorder,,,,SCOTT  TRANCHINA,Cobalt Rehabilitation Hospital New Orleans,,
Curahealth New Orleans,Hospital,Hospital,Orleans,New Orleans,3601 Coliseum St.,5048991555.0,,richard.daugdrill@curahealth.com,,0,Substance Use Disorder,,,,Richard  Draughill,Curahealth New Orleans,,
New Orleans East Hospital,Hospital,Hospital,Orleans,New Orleans,5620 Read Boulevard,5045926600.0,,Takeisha.davis@noehospital.org,,0,Substance Use Disorder,,,,TAKEISHA  DAVIS,New Orleans East Hospital,,
Ochsner Medical Center,Hospital,Hospital,Jefferson,New Orleans,1516 Jefferson Highway,5048423000.0,,rwolterman@ochsner.org,,0,Substance Use Disorder,,,,MICHAEL F HULEFELD,Ochsner Medical Center,,
St. Catherine Memorial Hospital,Hospital,Hospital,Orleans,New Orleans,14500 Hayne Blvd.,5042103000.0,,lexisnunez@stcatherine-hospital.com,,0,Substance Use Disorder,,,,LEXIS L NUNEZ,St. Catherine Memorial Hospital,,
St. Charles Surgical Hospital,Hospital,Hospital,Orleans,New Orleans,1717 St. Charles Ave.,5047177118.0,,myra.digange@scsh.com,,0,Substance Use Disorder,,,,Myra  Deigange,St. Charles Surgical Hospital,,
Touro Infirmary,Hospital,Hospital,Orleans,New Orleans,1401 Foucher Street,5048978247.0,,susan.andrews@lcmchealth.org,,0,Substance Use Disorder,,,,KEVIN  HARDY,Touro Infirmary,,
Oakdale Community Hospital,Hospital,Hospital,Allen,Oakdale,130 N Hospital Drive,3182153225.0,,probinson@ahmgt.com,,0,Substance Use Disorder,,,,Patrick  Robinson,Oakdale Community Hospital,,
Pointe Coupee General Hospital,Hospital,Hospital,Pointe Coupee,New Roads,2202 False River Drive,2256386331.0,,colinde@pcgh.org,,0,Substance Use Disorder,,,,Chad E Olinde,Pointe Coupee General Hospital,,
West Carroll Memorial Hospital,Hospital,Hospital,West Carroll,Oak Grove,706 Ross Street,3184283237.0,,rrmorris@wchsystems.com,,0,Substance Use Disorder,,,,Raymond  Morris,West Carroll Memorial Hospital,,
Richardson Medical Center,Hospital,Hospital,Richland,Rayville,254 Highway 3048,3187284181.0,,jamesb@richardsonmed.org,,0,Substance Use Disorder,,,,"James W Barrett, Jr",Richardson Medical Center,,
West Feliciana Parish Hospital,Hospital,Hospital,West Feliciana,Saint Francisville,"5266 Commerce Street, Building B",2256353811.0,,chastantl@wfph.org,,0,Substance Use Disorder,,,,"MR Lee  Chastant, Iii",West Feliciana Parish Hospital,,
Northern Louisiana Medical Center,Hospital,Hospital,Lincoln,Ruston,401 East Vaughn Avenue,3182542100.0,,roy_finch@chs.net,,0,Substance Use Disorder,,,,KEITH  NEWTON,Northern Louisiana Medical Center,,
Ruston Regional Specialty Hospital,Hospital,Hospital,Lincoln,Ruston,1401 Ezell Street,3182513126.0,,markr@priorityhospitalgroup.com,,0,Substance Use Disorder,,,,LEIGH  STOREY,Ruston Regional Specialty Hospital,,
"Our Lady of Lourdes Regional Medical Center, Inc.",Hospital,Hospital,Lafayette,Lafayette,4801 Ambassador Caffery Parkway,3374702100.0,,Bryan.Lee@fmolhs.org,,0,Substance Use Disorder,,,,Bryan  Lee,"Our Lady of Lourdes Regional Medical Center, Inc.",,
Louisiana Extended Care Hospital of Lafayette,Hospital,Hospital,Lafayette,Lafayette,"2810 Ambassador Caffery Parkway, 6th Floor",3372898180.0,,kevin.frank@lhcgroup.com,,0,Substance Use Disorder,,,,KEVIN  FRANK,Louisiana Extended Care Hospital of Lafayette,,
"The NeuroMedical Center Rehabilitation Hospital, LLC",Hospital,Hospital,East Baton Rouge,Baton Rouge,10101 Park Rowe Avenue Ste 600,2259062999.0,,smix@nmcrehab.com,,0,Substance Use Disorder,,,,SHERRY F MIX,"The NeuroMedical Center Rehabilitation Hospital, LLC",,
The Spine Hospital of Louisiana,Hospital,Hospital,East Baton Rouge,Baton Rouge,10105 Park Row Circle Ste. 250,2257639900.0,,robert.blair@spinehola.com,,0,Substance Use Disorder,,,,ROBERT  BLAIR,The Spine Hospital of Louisiana,,
Womans Hospital,Hospital,Hospital,East Baton Rouge,Baton Rouge,100 Woman's Way,2259271300.0,,teri.fontenot@womans.org,,0,Substance Use Disorder,,,,MS Teri G Fontenot,Womans Hospital,,
Surgical Specialty Center of Baton Rouge,Hospital,Hospital,East Baton Rouge,Baton Rouge,8080 Bluebonnet Blvd.,2254088080.0,,ann.heine@sscbr.com,,0,Substance Use Disorder,,,,ANN  HEINE,Surgical Specialty Center of Baton Rouge,,
Sage Rehabilitation Hospital,Hospital,Hospital,East Baton Rouge,Baton Rouge,8000 Summa Avenue,2258190703.0,,gbryant@sage-rehab.org,,0,Substance Use Disorder,,,,GAYLA  BRYANT,Sage Rehabilitation Hospital,,
"Promise Hospital of Baton Rouge, Inc",Hospital,Hospital,East Baton Rouge,Baton Rouge,"3600 Florida Blvd, 4th floor",2252365440.0,,Karen.Crayton@Promisehealthcare.com,,0,Substance Use Disorder,,,,Karen  Crayton,"Promise Hospital of Baton Rouge, Inc",,
Baton Rouge Rehab Hospital,Hospital,Hospital,East Baton Rouge,Baton Rouge,8595 United Plaza Boulevard,2259270567.0,,trisha.guidry@brrehab.com,,0,Substance Use Disorder,,,,Trisha  Guidry,Baton Rouge Rehab Hospital,,
Bethesda Rehabilitation Hospital,Hospital,Hospital,East Baton Rouge,Baton Rouge,8225 Summa Ave.,2257672034.0,,bethesdarehab@att.net,,0,Substance Use Disorder,,,,MATTHEW  MURPHY,Bethesda Rehabilitation Hospital,,
Ochsner Medical Center - Baton Rouge,Hospital,Hospital,East Baton Rouge,Baton Rouge,17000 Medical Center Drive,2257522470.0,,emcmillen@ochsner.org,,0,Substance Use Disorder,,,,MR Eric  McMillen,Ochsner Medical Center - Baton Rouge,,
Promise Hospital Baton Rouge,Hospital,Hospital,East Baton Rouge,Baton Rouge,5130 Mancuso Lane,2254909637.0,,kiley.cedotal@promisehealthcare.com,,0,Substance Use Disorder,,,,Kiley  Cedotal,Promise Hospital Baton Rouge,,
St. Martin Hospital,Hospital,Hospital,St. Martin,Breaux Bridge,210 Champagne Boulevard,3373322178.0,,kowyble@lgh.org,,0,Substance Use Disorder,,,,Karen O Wyble,St. Martin Hospital,,
Cornerstone Hospital of Bossier City,Hospital,Hospital,Bossier,Bossier City,4900 Medical Drive,3186773300.0,,sburnette@chghospitals.com,,0,Substance Use Disorder,,,,MR Sheri  Burnette,Cornerstone Hospital of Bossier City,,
Pathway Rehabilitation Hospital of Bossier,Hospital,Hospital,Bossier,Bossier City,4900 Medical Drive,3188415555.0,,jmanning@pathrehab.com,,0,Substance Use Disorder,,,,MR James  Manning,Pathway Rehabilitation Hospital of Bossier,,
St. Bernard Parish Hospital,Hospital,Hospital,St. Bernard,Chalmette,8000 West Judge Perez Drive,5048269500.0,,KKeene@ochsner.org,,0,Substance Use Disorder,,,,KIM  KEENE,St. Bernard Parish Hospital,,
Bunkie General Hospital,Hospital,Hospital,Avoyelles,Bunkie,427 Evergreen St.,3183466681.0,,ldeville@bunkiegeneral.com,,0,Substance Use Disorder,,,,Linda F Deville,Bunkie General Hospital,,
Reeves Memorial Medical Center,Hospital,Hospital,Union,Bernice,409 First Street,3182859066.0,,Kerry.goff@reevesmemorial.com,,0,Substance Use Disorder,,,,Kerry  Goff,Reeves Memorial Medical Center,,
"Cypress Grove Behavioral Health, LLC",Hospital,Hospital,Morehouse,Bastrop,4673 Eugene Ware Blvd.,3182812448.0,,bret.moon@meridianprograms.com,,0,Substance Use Disorder,,,,Bret  Moon,"Cypress Grove Behavioral Health, LLC",,
Central Louisiana Surgical Hospital,Hospital,Hospital,Rapides,Alexandria,651 North Bolton Ave,3184496400.0,,LBarker@clshospital.com,,0,Substance Use Disorder,,,,MS LOUISE  BARKER,Central Louisiana Surgical Hospital,,
"Compass Behavioral Center of Alexandria, Inc",Hospital,Hospital,Rapides,Alexandria,6410 Masonic Drive,3184730035.0,,andre@compasshealthcare.com,,0,Substance Use Disorder,,,,ANDRE  ROBICHAUX,"Compass Behavioral Center of Alexandria, Inc",,
HealthSouth Rehabilitation Hospital of Alexandria,Hospital,Hospital,Rapides,Alexandria,104 North 3rd Street,3184491370.0,,james.mcclung@healthsouth.com,,0,Substance Use Disorder,,,,James  McClung,HealthSouth Rehabilitation Hospital of Alexandria,,
"Compass Behavioral Center of Houma, Inc",Hospital,Hospital,Terrebonne,Houma,4701 West Park Avenue,9858761715.0,,charlien@compasshealthcare.com,,0,Substance Use Disorder,,,,Charles  Naparalla,"Compass Behavioral Center of Houma, Inc",,
Terrebonne General Medical Center,Hospital,Hospital,Terrebonne,Houma,8166 Main Street,9858734141.0,,dean.verret@tgmc.com,,0,Substance Use Disorder,,,,MS Phyllis  Peoples,Terrebonne General Medical Center,,
Jennings American Legion Hospital,Hospital,Hospital,Jefferson Davis,Jennings,1634 Elton Road,3376167000.0,,dwilliams@jalh.com,,0,Substance Use Disorder,,,,DANA  WILLIAMS,Jennings American Legion Hospital,,
Jennings Senior Care Hospital,Hospital,Hospital,Jefferson Davis,Jennings,"1 Hospital Drive, Suite 201",3378241558.0,,Kirk@compasshealthcare.com,,0,Substance Use Disorder,,,,Kirk  Perron,Jennings Senior Care Hospital,,
Heart Hospital of Lafayette,Hospital,Hospital,Lafayette,Lafayette,1105 Kaliste Saloom Road,3374701000.0,,danna.crain@lourdesrmc.com,,0,Substance Use Disorder,,,,Danna M Crain,Heart Hospital of Lafayette,,
Lafayette General Medical Center,Hospital,Hospital,Lafayette,Lafayette,1214 Coolidge Avenue,3372897991.0,,pgandy@lgmc.com,,0,Substance Use Disorder,,,,MR Patrick  Gandy,Lafayette General Medical Center,,
Lafayette General Surgical Hospital,Hospital,Hospital,Lafayette,Lafayette,1000 W. Pinhook Rd. Suite 100,3372898095.0,,khdooley@lgh.org,,0,Substance Use Disorder,,,,KIMBERLY  DOOLEY,Lafayette General Surgical Hospital,,
Lake Pines Hospital,Hospital,Hospital,Jefferson,Kenner,3639 Loyola Ave,5043052700.0,,Debbie.tullier@lakepineshospital.com,,0,Substance Use Disorder,,,,Debbie  Tullier,Lake Pines Hospital,,
Oceans Behavioral Hospital of Greater New Orleans,Hospital,Hospital,Jefferson,Kenner,716 Village Road,5044648895.0,,dspiers@oceanshealthcare.com,,0,Substance Use Disorder,,,,Deborah  Spiers,Oceans Behavioral Hospital of Greater New Orleans,,
"St. Theresa Specialty Hospital, LLC",Hospital,Hospital,Jefferson,Kenner,3601 Loyola Drive,5049047561.0,,staffupcoaghing@gmasil.com,,0,Substance Use Disorder,,,,latrenda c barnes,"St. Theresa Specialty Hospital, LLC",,
Abrom Kaplan Memorial Hospital,Hospital,Hospital,Vermilion,Kaplan,1310 West Seventh Street,3376438300.0,,bquebodeaux@lgh.org,,0,Substance Use Disorder,,,,Bryce  Quebodeaux,Abrom Kaplan Memorial Hospital,,
"Beacon Behavioral Hospital - Northshore, Inc.",Hospital,Hospital,St. Tammany,Lacombe,"64026 Hwy 434, Suite 300 (3rd Floor)",9859820226.0,,danielles@beaconbh.com,,0,Substance Use Disorder,,,,DANIELLE  SONES,"Beacon Behavioral Hospital - Northshore, Inc.",,
Oceans Behavioral Hospital of Kentwood,Hospital,Hospital,Tangipahoa,Kentwood,921 Avenue G,9852290717.0,,fritz.nelson@oceanshealthcare.com,,0,Substance Use Disorder,,,,Frederick  NELSON,Oceans Behavioral Hospital of Kentwood,,
"Southeast Regional Medical Center, Inc.",Hospital,Hospital,Tangipahoa,Kentwood,719 Avenue G,9852299193.0,,srmcltac@att.net,,0,Substance Use Disorder,,,,"LEON  EMERY, JR","Southeast Regional Medical Center, Inc.",,
Sage Specialty Care Hospital,Hospital,Hospital,Livingston,Denham Springs,8375 Florida Boulevard,2256652664.0,,sfaulkner@sageltac.com,,0,Substance Use Disorder,,,,Sharon  Faulkner,Sage Specialty Care Hospital,,
Acadia General Hospital,Hospital,Hospital,Acadia,Crowley,1305 Crowley Rayne Highway,3377833222.0,,jjmitchell@lgh.org,,0,Substance Use Disorder,,,,Joseph J Mitchell,Acadia General Hospital,,
Fairway Medical Center,Hospital,Hospital,St. Tammany,Covington,67252 Industry Lane,9858016252.0,,cdrouant@fairwaymedical.com,,0,Substance Use Disorder,,,,SCOTT P BOUDREAUX,Fairway Medical Center,,
Riverland Medical Center,Hospital,Hospital,Concordia,Ferriday,1700 Wallace Blvd.,3187576551.0,,wrucker@riverlandmedical.com,,0,Substance Use Disorder,,,,William H Rucker,Riverland Medical Center,,
St. Elizabeth Hospital,Hospital,Hospital,Ascension,Gonzales,1125 West Highway 30,2256475000.0,,robert.burgess@steh.com,,0,Substance Use Disorder,,,,Robert  Burgess,St. Elizabeth Hospital,,
Joel Casale,Hospitalist,Outpatient / Provider,,Bossier City,2400 Hospital Dr,,,,Adult (65+),0,Hospitalist,Unknown,Y,,,Joel Casale,,
Naveed Malik,Hospitalist,Outpatient / Provider,,Mandeville,4404 Highway 22,,,,Adult (65+),0,Hospitalist,Unknown,Y,,,Naveed Malik,,
Lauren Jacoby,Hospitalist,Outpatient / Provider,,Lake Charles,524 Dr Michael Debakey Dr,,,,Adult (65+),0,Hospitalist,Unknown,Y,,,Lauren Jacoby,,
Thomas Kazecki,Hospitalist,Outpatient / Provider,,Lake Charles,1905 Country Club Rd,,,,Adult (65+),0,Hospitalist,Unknown,Y,,,Thomas Kazecki,,
Venkatasai Boda Eswara,Hospitalist,Outpatient / Provider,,Shreveport,1501 Kings Hwy,,,,Adult (65+),0,Hospitalist,Unknown,Y,,,Venkatasai Boda Eswara,,
Ifedolapo Olanrewaju,Hospitalist,Outpatient / Provider,,Alexandria,3330 Masonic Dr,,,,Adult (65+),0,Hospitalist,Unknown,Y,,,Ifedolapo Olanrewaju,,
Radha Vanukuri,Hospitalist,Outpatient / Provider,,Thibodaux,931 North Canal Blvd,,,,Adult (65+),0,Hospitalist,Unknown,Y,,,Radha Vanukuri,,
Narendra Kanamathareddy,Hospitalist,Outpatient / Provider,,Monroe,309 Jackson St,,,,Adult (65+),0,Hospitalist,Unknown,Y,,,Narendra Kanamathareddy,,
Yougandhar Akula,Hospitalist,Outpatient / Provider,,Baton Rouge,6444 Jones Creek Rd,,,,Adult (65+),0,Hospitalist,Unknown,Y,,,Yougandhar Akula,,
Amy Gessford,Hospitalist,Outpatient / Provider,,Shreveport,1453 E Bert Kouns Industrial Loop,,,,Adult (65+),0,Hospitalist,Unknown,Y,,,Amy Gessford,,
Virasith Rajapho,Hospitalist,Outpatient / Provider,,Lafayette,311 Bluebonnet Dr,,,,Adult (65+),0,Hospitalist,Unknown,Y,,,Virasith Rajapho,,
Ezekiel Onigbinde,Hospitalist,Outpatient / Provider,,Monroe,309 Jackson St,,,,Adult (65+),0,Hospitalist,Unknown,Y,,,Ezekiel Onigbinde,,
Kelly Carlisle,Hospitalist,Outpatient / Provider,,Shreveport,One Saint Mary Place,,,,Adult (65+),0,Hospitalist,Unknown,Y,,,Kelly Carlisle,,
Christopher Whipple,Hospitalist,Outpatient / Provider,,New Orleans,1829 Joseph St,,,,Adult (65+),0,Hospitalist,Unknown,Y,,,Christopher Whipple,,
Neha Jaswal,Hospitalist,Outpatient / Provider,,Monroe,309 Jackson St,,,,Adult (65+),0,Hospitalist,Unknown,Y,,,Neha Jaswal,,
Olaide Odelola,Hospitalist,Outpatient / Provider,,Slidell,1001 Gause Blvd,,,,Adult (65+),0,Hospitalist,Unknown,Y,,,Olaide Odelola,,
Sergio Murillo,Hospitalist,Outpatient / Provider,,Shreveport,1501 Kings Hwy,,,,Adult (65+),0,Hospitalist,Unknown,Y,,,Sergio Murillo,,
Herman Toliver,Hospitalist,Outpatient / Provider,,New Orleans,1415 Tulane Ave,,,,Adult (65+),0,Hospitalist,Unknown,Y,,,Herman Toliver,,
Aqib Sultan,Hospitalist,Outpatient / Provider,,Slidell,100 Medical Center Drive,,,,Adult (65+),0,Hospitalist,Unknown,Y,,,Aqib Sultan,,
Shalin Shakya,Hospitalist,Outpatient / Provider,,Shreveport,8001 Youree Dr Ste 4007,,,,Adult (65+),0,Hospitalist,Unknown,Y,,,Shalin Shakya,,
Leonidas Arapos,Hospitalist,Outpatient / Provider,,Gretna,2500 Belle Chasse Highway,,,,Adult (65+),0,Hospitalist,Unknown,Y,,,Leonidas Arapos,,
Tejal Jetha,Hospitalist,Outpatient / Provider,,Monroe,309 Jackson St,,,,Adult (65+),0,Hospitalist,Unknown,Y,,,Tejal Jetha,,
Mohammad Cheema,Hospitalist,Outpatient / Provider,,Kenner,4232 Williams Blvd,,,,Adult (65+),0,Hospitalist,Unknown,Y,,,Mohammad Cheema,,
Rashmi Rajeshwar,Hospitalist,Outpatient / Provider,,Monroe,309 Jackson St,,,,Adult (65+),0,Hospitalist,Unknown,Y,,,Rashmi Rajeshwar,,
Dokun Dairo,Hospitalist,Outpatient / Provider,,Crowley,1305 Crowley Rayne Hwy,,,,Adult (65+),0,Hospitalist,Unknown,Y,,,Dokun Dairo,,
Michael Nguyen,Hospitalist,Outpatient / Provider,,Slidell,1001 Gause Blvd,,,,Adult (65+),0,Hospitalist,Unknown,Y,,,Michael Nguyen,,
Penny Boyle,Hospitalist,Outpatient / Provider,,Kenner,200 W Esplanade Ave,,,,Adult (65+),0,Hospitalist,Unknown,Y,,,Penny Boyle,,
Rachana Marathi,Hospitalist,Outpatient / Provider,,Terrytown,2500 Belle Chasse Hwy,,,,Adult (65+),0,Hospitalist,Unknown,Y,,,Rachana Marathi,,
Kimberly Fremin,Hospitalist,Outpatient / Provider,,Luling,1057 Paul Maillard Rd,,,,Adult (65+),0,Hospitalist,Unknown,Y,,,Kimberly Fremin,,
Thomas Craig,Hospitalist,Outpatient / Provider,,New Orleans,1542 Tulane Ave Fl 3,,,,Adult (65+),0,Hospitalist,Unknown,Y,,,Thomas Craig,,
David English,Hospitalist,Outpatient / Provider,,New Orleans,1430 Tulane Ave # Sl-50,,,,Adult (65+),0,Hospitalist,Unknown,Y,,,David English,,
Peter Braud,Hospitalist,Outpatient / Provider,,Covington,1202 S Tyler St,,,,Adult (65+),0,Hospitalist,Unknown,Y,,,Peter Braud,,
Osamede Obanor,Hospitalist,Outpatient / Provider,,Covington,1202 S Tyler St,,,,Adult (65+),0,Hospitalist,Unknown,Y,,,Osamede Obanor,,
James Griffee,Hospitalist,Outpatient / Provider,,Slidell,901 Gause Blvd,,,,Adult (65+),0,Hospitalist,Unknown,Y,,,James Griffee,,
Mohammad-Hesam Akbarian-Tefaghi,Hospitalist,Outpatient / Provider,,Shreveport,2551 Greenwood Rd Ste 410,,,,Adult (65+),0,Hospitalist,Unknown,Y,,,Mohammad-Hesam Akbarian-Tefaghi,,
Bao Tran,Hospitalist,Outpatient / Provider,,Baton Rouge,5000 Hennessy Blvd,,,,Adult (65+),0,Hospitalist,Unknown,Y,,,Bao Tran,,
Benjamin Wright,Hospitalist,Outpatient / Provider,,Slidell,1001 Gause Blvd,,,,Adult (65+),0,Hospitalist,Unknown,Y,,,Benjamin Wright,,
Murthy Muthuswamy,Hospitalist,Outpatient / Provider,,Lafayette,4801 Ambassador Caffery Parkway,,,,Adult (65+),0,Hospitalist,Unknown,Y,,,Murthy Muthuswamy,,
Bipasha Nath,Hospitalist,Outpatient / Provider,,New Orleans,1514 Jefferson Hwy,,,,Adult (65+),0,Hospitalist,Unknown,Y,,,Bipasha Nath,,
Paul Hollingsworth,Hospitalist,Outpatient / Provider,,Shreveport,1501 Kings Hwy,,,,Adult (65+),0,Hospitalist,Unknown,Y,,,Paul Hollingsworth,,
Leena Patel,Hospitalist,Outpatient / Provider,,Baton Rouge,5000 Hennessy Blvd,,,,Adult (65+),0,Hospitalist,Unknown,Y,,,Leena Patel,,
Anjana Desilva,Hospitalist,Outpatient / Provider,,Baton Rouge,5000 Hennessy Blvd,,,,Adult (65+),0,Hospitalist,Unknown,Y,,,Anjana Desilva,,
Robert Oubre,Hospitalist,Outpatient / Provider,,Baton Rouge,Hospital Medicine Services,,,,Adult (65+),0,Hospitalist,Unknown,Y,,,Robert Oubre,,
Otto Villa,Hospitalist,Outpatient / Provider,,Monroe,309 Jackson St,,,,Adult (65+),0,Hospitalist,Unknown,Y,,,Otto Villa,,
Vikrambhai Desai,Hospitalist,Outpatient / Provider,,Slidell,1001 Gause Blvd,,,,Adult (65+),0,Hospitalist,Unknown,Y,,,Vikrambhai Desai,,
Alma Gjino,Hospitalist,Outpatient / Provider,,Slidell,1051 Gause Blvd Ste 360,,,,Adult (65+),0,Hospitalist,Unknown,Y,,,Alma Gjino,,
Debbie Dixon,Hospitalist,Outpatient / Provider,,Baton Rouge,5000 Hennessy Blvd,,,,Adult (65+),0,Hospitalist,Unknown,Y,,,Debbie Dixon,,
Lan Pham,Hospitalist,Outpatient / Provider,,Baton Rouge,5000 Hennessy Blvd,,,,Adult (65+),0,Hospitalist,Unknown,Y,,,Lan Pham,,
Oscar Shoenfelt,Hospitalist,Outpatient / Provider,,Baton Rouge,5000 Hennessy Blvd,,,,Adult (65+),0,Hospitalist,Unknown,Y,,,Oscar Shoenfelt,,
David Hurtado De Mendoza Paz,Hospitalist,Outpatient / Provider,,Shreveport,8001 Youree Dr Ste 4007,,,,Adult (65+),0,Hospitalist,Unknown,Y,,,David Hurtado De Mendoza Paz,,
John Ho,Hospitalist,Outpatient / Provider,,Lafayette,200 Corporate Blvd,,,,Adult (65+),0,Hospitalist,Unknown,Y,,,John Ho,,
Stephanie Falcon,Hospitalist,Outpatient / Provider,,Baton Rouge,5000 Hennessy Blvd,,,,Adult (65+),0,Hospitalist,Unknown,Y,,,Stephanie Falcon,,
Faheem Iqbal,Hospitalist,Outpatient / Provider,,Baton Rouge,7777 Hennessy Blvd Ste 701,,,,Adult (65+),0,Hospitalist,Unknown,Y,,,Faheem Iqbal,,
James Joyce,Hospitalist,Outpatient / Provider,,Covington,1202 S. Tyler Street,,,,Adult (65+),0,Hospitalist,Unknown,Y,,,James Joyce,,
Nicole Iwuchukwu,Hospitalist,Outpatient / Provider,,Baton Rouge,5000 Hennessy Blvd,,,,Adult (65+),0,Hospitalist,Unknown,Y,,,Nicole Iwuchukwu,,
Charles Bulathsinghala,Hospitalist,Outpatient / Provider,,New Orleans,1415 Tulane Ave Fl 4,,,,Adult (65+),0,Hospitalist,Unknown,Y,,,Charles Bulathsinghala,,
Heather Kahn,Hospitalist,Outpatient / Provider,,New Orleans,1516 Jefferson Hwy,,,,Adult (65+),0,Hospitalist,Unknown,Y,,,Heather Kahn,,
Bukola Afilaka,Hospitalist,Outpatient / Provider,,Alexandria,3330 Masonic Dr,,,,Adult (65+),0,Hospitalist,Unknown,Y,,,Bukola Afilaka,,
Kate Foret,Hospitalist,Outpatient / Provider,,Baton Rouge,5000 Hennessy Blvd,,,,Adult (65+),0,Hospitalist,Unknown,Y,,,Kate Foret,,
Deepti Reddy,Hospitalist,Outpatient / Provider,,New Orleans,1514 Jefferson Hwy,,,,Adult (65+),0,Hospitalist,Unknown,Y,,,Deepti Reddy,,
Pouya Mafi,Hospitalist,Outpatient / Provider,,Shreveport,8001 Youree Dr Ste 4007,,,,Adult (65+),0,Hospitalist,Unknown,Y,,,Pouya Mafi,,
Krupa Gandhi,Hospitalist,Outpatient / Provider,,Bogalusa,433 Plaza St,,,,Adult (65+),0,Hospitalist,Unknown,Y,,,Krupa Gandhi,,
Vilmogil Tano,Hospitalist,Outpatient / Provider,,Shreveport,2551 Greenwood Rd,,,,Adult (65+),0,Hospitalist,Unknown,Y,,,Vilmogil Tano,,
Mariam Majd,Hospitalist,Outpatient / Provider,,Metairie,4200 Houma Blvd Fl 6,,,,Adult (65+),0,Hospitalist,Unknown,Y,,,Mariam Majd,,
David Pollet,Hospitalist,Outpatient / Provider,,Metairie,4200 Houma Blvd Fl 6,,,,Adult (65+),0,Hospitalist,Unknown,Y,,,David Pollet,,
Waddah Saeed,Hospitalist,Outpatient / Provider,,Independence,52579 Highway 51 S,,,,Adult (65+),0,Hospitalist,Unknown,Y,,,Waddah Saeed,,
Anhthao Nguyen,Hospitalist,Outpatient / Provider,,Baton Rouge,7777 Hennessy Blvd,,,,Adult (65+),0,Hospitalist,Unknown,Y,,,Anhthao Nguyen,,
Canh Hoang,Hospitalist,Outpatient / Provider,,Terrytown,2500 Belle Chasse Hwy,,,,Adult (65+),0,Hospitalist,Unknown,Y,,,Canh Hoang,,
Derek Smith,Hospitalist,Outpatient / Provider,,New Orleans,1514 Jefferson Hwy,,,,Adult (65+),0,Hospitalist,Unknown,Y,,,Derek Smith,,
Russell Riehl,Hospitalist,Outpatient / Provider,,Hammond,15790 Paul Vega Md Dr,,,,Adult (65+),0,Hospitalist,Unknown,Y,,,Russell Riehl,,
Britta Haydel,Hospitalist,Outpatient / Provider,,Metairie,4228 Houma Blvd,,,,Adult (65+),0,Hospitalist,Unknown,Y,,,Britta Haydel,,
Patricia Harlan,Hospitalist,Outpatient / Provider,,Metairie,4200 Houma Blvd,,,,Adult (65+),0,Hospitalist,Unknown,Y,,,Patricia Harlan,,
Philip Putnam,Hospitalist,Outpatient / Provider,,New Orleans,1430 Tulane Ave,,,,Adult (65+),0,Hospitalist,Unknown,Y,,,Philip Putnam,,
Alexander Whitehead,Hospitalist,Outpatient / Provider,,Kenner,180 W Esplanade Ave,,,,Adult (65+),0,Hospitalist,Unknown,Y,,,Alexander Whitehead,,
Sarah Lillis,Hospitalist,Outpatient / Provider,,Slidell,100 Medical Center Dr,,,,Adult (65+),0,Hospitalist,Unknown,Y,,,Sarah Lillis,,
Dipti Munshi,Hospitalist,Outpatient / Provider,,New Orleans,1514 Jefferson Hwy,,,,Adult (65+),0,Hospitalist,Unknown,Y,,,Dipti Munshi,,
Erica Brown Jackson,Hospitalist,Outpatient / Provider,,Metairie,401 Veterans Blvd,,,,Adult (65+),0,Hospitalist,Unknown,Y,,,Erica Brown Jackson,,
Brian Erickson,Hospitalist,Outpatient / Provider,,New Orleans,1514 Jefferson Hwy,,,,Adult (65+),0,Hospitalist,Unknown,Y,,,Brian Erickson,,
Varun Choudry,Hospitalist,Outpatient / Provider,,Baton Rouge,5000 Hennessy Blvd,,,,Adult (65+),0,Hospitalist,Unknown,Y,,,Varun Choudry,,
Danielle Mcmechan,Hospitalist,Outpatient / Provider,,Baton Rouge,5000 Hennessy Blvd,,,,Adult (65+),0,Hospitalist,Unknown,Y,,,Danielle Mcmechan,,
Diane Van Gerwen,Hospitalist,Outpatient / Provider,,New Orleans,1514 Jefferson Hwy,,,,Adult (65+),0,Hospitalist,Unknown,Y,,,Diane Van Gerwen,,
Madhumati Reddy,Hospitalist,Outpatient / Provider,,Jefferson,1514 Jefferson Hwy,,,,Adult (65+),0,Hospitalist,Unknown,Y,,,Madhumati Reddy,,
Mary Gaston,Hospitalist,Outpatient / Provider,,Baton Rouge,755 Highland Park Dr,,,,Adult (65+),0,Hospitalist,Unknown,Y,,,Mary Gaston,,
Allison Leonard,Hospitalist,Outpatient / Provider,,New Orleans,1542 Tulane Ave # T4m2,,,,Adult (65+),0,Hospitalist,Unknown,Y,,,Allison Leonard,,
Leslie Rodrigue,Hospitalist,Outpatient / Provider,,Metairie,4200 Houma Blvd,,,,Adult (65+),0,Hospitalist,Unknown,Y,,,Leslie Rodrigue,,
Luis Teixeira,Hospitalist,Outpatient / Provider,,New Orleans,1514 Jefferson Hwy,,,,Adult (65+),0,Hospitalist,Unknown,Y,,,Luis Teixeira,,
Angela Graebert,Hospitalist,Outpatient / Provider,,Metairie,4200 Houma Blvd,,,,Adult (65+),0,Hospitalist,Unknown,Y,,,Angela Graebert,,
John Marker,Hospitalist,Outpatient / Provider,,New Orleans,1430 Tulane Ave Sl 50,,,,Adult (65+),0,Hospitalist,Unknown,Y,,,John Marker,,
Ananth Gopalan,Hospitalist,Outpatient / Provider,,New Orleans,1514 Jefferson Hwy,,,,Adult (65+),0,Hospitalist,Unknown,Y,,,Ananth Gopalan,,
Fadi Hawawini,Hospitalist,Outpatient / Provider,,New Orleans,1514 Jefferson Hwy,,,,Adult (65+),0,Hospitalist,Unknown,Y,,,Fadi Hawawini,,
Silsbee Kemp,Hospitalist,Outpatient / Provider,,New Orleans,6043 Perrier St,,,,Adult (65+),0,Hospitalist,Unknown,Y,,,Silsbee Kemp,,
Jennifer Meyer,Hospitalist,Outpatient / Provider,,Metairie,4200 Houma Blvd,,,,Adult (65+),0,Hospitalist,Unknown,Y,,,Jennifer Meyer,,
Ken Nguyen,Hospitalist,Outpatient / Provider,,Lake Charles,4200 Nelson Rd,,,,Adult (65+),0,Hospitalist,Unknown,Y,,,Ken Nguyen,,
Chuong Nguyen,Hospitalist,Outpatient / Provider,,New Orleans,4626 Alcee Fortier Blvd Ste D,,,,Adult (65+),0,Hospitalist,Unknown,Y,,,Chuong Nguyen,,
Matthew Bergstedt,Hospitalist,Outpatient / Provider,,New Orleans,1514 Jefferson Hwy,,,,Adult (65+),0,Hospitalist,Unknown,Y,,,Matthew Bergstedt,,
Priscilla Becnel,Hospitalist,Outpatient / Provider,,New Orleans,1514 Jefferson Hwy,,,,Adult (65+),0,Hospitalist,Unknown,Y,,,Priscilla Becnel,,
Christopher Mesa,Hospitalist,Outpatient / Provider,,Baton Rouge,17000 Medical Center Dr,,,,Adult (65+),0,Hospitalist,Unknown,Y,,,Christopher Mesa,,
Eric Wascome,Hospitalist,Outpatient / Provider,,Baton Rouge,5000 Hennessy Blvd,,,,Adult (65+),0,Hospitalist,Unknown,Y,,,Eric Wascome,,
Celeste Newby,Hospitalist,Outpatient / Provider,,New Orleans,2000 Canal St,,,,Adult (65+),0,Hospitalist,Unknown,Y,,,Celeste Newby,,
William Gilbert,Hospitalist,Outpatient / Provider,,New Orleans,1415 Tulane Ave,,,,Adult (65+),0,Hospitalist,Unknown,Y,,,William Gilbert,,
Chad Gibson,Hospitalist,Outpatient / Provider,,Shreveport,8001 Youree Dr Ste 4007,,,,Adult (65+),0,Hospitalist,Unknown,Y,,,Chad Gibson,,
Kateryna Poole,Hospitalist,Outpatient / Provider,,New Orleans,"1516 Jefferson Highway, Bh629",,,,Adult (65+),0,Hospitalist,Unknown,Y,,,Kateryna Poole,,
Jacey Jones,Hospitalist,Outpatient / Provider,,New Orleans,1430 Tulane Ave # Sl16,,,,Adult (65+),0,Hospitalist,Unknown,Y,,,Jacey Jones,,
Stanton Lee,Hospitalist,Outpatient / Provider,,New Orleans,3436 Magazine St,,,,Adult (65+),0,Hospitalist,Unknown,Y,,,Stanton Lee,,
Helen Pope,Hospitalist,Outpatient / Provider,,New Orleans,2000 Canal Street,,,,Adult (65+),0,Hospitalist,Unknown,Y,,,Helen Pope,,
Akshar Chauhan,Hospitalist,Outpatient / Provider,,New Orleans,1401 Foucher St,,,,Adult (65+),0,Hospitalist,Unknown,Y,,,Akshar Chauhan,,
Mariano Iberico,Hospitalist,Outpatient / Provider,,New Orleans,1415 Tulane Ave,,,,Adult (65+),0,Hospitalist,Unknown,Y,,,Mariano Iberico,,
Marlowe Maylin,Hospitalist,Outpatient / Provider,,New Orleans,1415 Tulane Ave,,,,Adult (65+),0,Hospitalist,Unknown,Y,,,Marlowe Maylin,,
Lester Morehead,Hospitalist,Outpatient / Provider,,Shreveport,1501 Kings Highway,,,,Adult (65+),0,Hospitalist,Unknown,Y,,,Lester Morehead,,
Trisandhya Sharma,Hospitalist,Outpatient / Provider,,Monroe,309 Jackson St,,,,Adult (65+),0,Hospitalist,Unknown,Y,,,Trisandhya Sharma,,
Tye Arnett,Hospitalist,Outpatient / Provider,,Shreveport,1501 Kings Hwy,,,,Adult (65+),0,Hospitalist,Unknown,Y,,,Tye Arnett,,
Peter Reynaud,Hospitalist,Outpatient / Provider,,New Orleans,1430 Tulane Ave # 8016,,,,Adult (65+),0,Hospitalist,Unknown,Y,,,Peter Reynaud,,
Anam Shahid,Hospitalist,Outpatient / Provider,,Monroe,309 Jackson St,,,,Adult (65+),0,Hospitalist,Unknown,Y,,,Anam Shahid,,
Richard Witzig,Hospitalist,Outpatient / Provider,,Metairie,4315 Houma Blvd,,,,Adult (65+),0,Hospitalist,Unknown,Y,,,Richard Witzig,,
Catherine Jones,Hospitalist,Outpatient / Provider,,New Orleans,2000 Canal St,,,,Adult (65+),0,Hospitalist,Unknown,Y,,,Catherine Jones,,
Marie Delvalle-Mahoney,Hospitalist,Outpatient / Provider,,Slidell,1570 Lindberg Dr Ste 14,,,,Adult (65+),0,Hospitalist,Unknown,Y,,,Marie Delvalle-Mahoney,,
William Mazzella,Hospitalist,Outpatient / Provider,,Monroe,309 Jackson St,,,,Adult (65+),0,Hospitalist,Unknown,Y,,,William Mazzella,,
Logan Davies,Hospitalist,Outpatient / Provider,,New Orleans,900 Magazine St,,,,Adult (65+),0,Hospitalist,Unknown,Y,,,Logan Davies,,
Kenneth Coignet,Hospitalist,Outpatient / Provider,,Marrero,1101 Medical Center Blvd,,,,Adult (65+),0,Hospitalist,Unknown,Y,,,Kenneth Coignet,,
Michael Modica,Hospitalist,Outpatient / Provider,,New Orleans,1542 Tulane Ave # T4m-2,,,,Adult (65+),0,Hospitalist,Unknown,Y,,,Michael Modica,,
Christopher Shamburger,Hospitalist,Outpatient / Provider,,New Orleans,2000 Canal St,,,,Adult (65+),0,Hospitalist,Unknown,Y,,,Christopher Shamburger,,
David Spruill,Hospitalist,Outpatient / Provider,,New Orleans,1415 Tulane Ave,,,,Adult (65+),0,Hospitalist,Unknown,Y,,,David Spruill,,
Mark Bell,Hospitalist,Outpatient / Provider,,New Orleans,1401 Jefferson Hwy Fl Center1,,,,Adult (65+),0,Hospitalist,Unknown,Y,,,Mark Bell,,
Yanet Perez Garcia,Hospitalist,Outpatient / Provider,,Shreveport,8001 Youree Dr Ste 4007,,,,Adult (65+),0,Hospitalist,Unknown,Y,,,Yanet Perez Garcia,,
Jennifer Loprete,Hospitalist,Outpatient / Provider,,Shreveport,2508 Bert Kouns Industrial Loop,,,,Adult (65+),0,Hospitalist,Unknown,Y,,,Jennifer Loprete,,
Anjali Niyogi,Hospitalist,Outpatient / Provider,,New Orleans,1415 Tulane Ave,,,,Adult (65+),0,Hospitalist,Unknown,Y,,,Anjali Niyogi,,
Sarah Cossich,Hospitalist,Outpatient / Provider,,New Orleans,1430 Tulane Ave # 8716,,,,Adult (65+),0,Hospitalist,Unknown,Y,,,Sarah Cossich,,
Monica Dhand,Hospitalist,Outpatient / Provider,,New Orleans,1430 Tulane Sl-50,,,,Adult (65+),0,Hospitalist,Unknown,Y,,,Monica Dhand,,
Emily Ramee,Hospitalist,Outpatient / Provider,,New Orleans,1514 Jefferson Highway,,,,Adult (65+),0,Hospitalist,Unknown,Y,,,Emily Ramee,,
Jessica Debord,Hospitalist,Outpatient / Provider,,New Orleans,1430 Tulane Ave,,,,Adult (65+),0,Hospitalist,Unknown,Y,,,Jessica Debord,,
David Landry,Hospitalist,Outpatient / Provider,,Lake Charles,4200 Nelson Rd,,,,Adult (65+),0,Hospitalist,Unknown,Y,,,David Landry,,
Daniel Brady,Hospitalist,Outpatient / Provider,,New Orleans,1415 Tulane Ave,,,,Adult (65+),0,Hospitalist,Unknown,Y,,,Daniel Brady,,
Robert Marier,Hospitalist,Outpatient / Provider,,New Orleans,1514 Jefferson Hwy,,,,Adult (65+),0,Hospitalist,Unknown,Y,,,Robert Marier,,
Krystle Pew,Hospitalist,Outpatient / Provider,,Metairie,4200 Houma Blvd Fl 6,,,,Adult (65+),0,Hospitalist,Unknown,Y,,,Krystle Pew,,
Seth Vignes,Hospitalist,Outpatient / Provider,,New Orleans,1542 Tulane Ave,,,,Adult (65+),0,Hospitalist,Unknown,Y,,,Seth Vignes,,
Jordan Callender,Hospitalist,Outpatient / Provider,,New Orleans,1542 Tulane Ave,,,,Adult (65+),0,Hospitalist,Unknown,Y,,,Jordan Callender,,
Dustin Lovas,Hospitalist,Outpatient / Provider,,New Orleans,1415 Tulane Ave,,,,Adult (65+),0,Hospitalist,Unknown,Y,,,Dustin Lovas,,
Tameem Rezan,Hospitalist,Outpatient / Provider,,New Orleans,1514 Jefferson Hwy,,,,Adult (65+),0,Hospitalist,Unknown,Y,,,Tameem Rezan,,
Ryan Kissee,Hospitalist,Outpatient / Provider,,New Orleans,1430 Tulane Ave,,,,Adult (65+),0,Hospitalist,Unknown,Y,,,Ryan Kissee,,
Behram Khan,Hospitalist,Outpatient / Provider,,Jefferson,1514 Jefferson Hwy,,,,Adult (65+),0,Hospitalist,Unknown,Y,,,Behram Khan,,
Brittany Boudreaux,Hospitalist,Outpatient / Provider,,New Orleans,1542 Tulane Ave # T4m2,,,,Adult (65+),0,Hospitalist,Unknown,Y,,,Brittany Boudreaux,,
Harsh Patel,Hospitalist,Outpatient / Provider,,New Orleans,1415 Tulane Ave,,,,Adult (65+),0,Hospitalist,Unknown,Y,,,Harsh Patel,,
Julie Morial,Hospitalist,Outpatient / Provider,,Baton Rouge,450 Laurel St,,,,Adult (65+),0,Hospitalist,Unknown,Y,,,Julie Morial,,
Deepa Bhatnagar,Hospitalist,Outpatient / Provider,,New Orleans,1430 Tulane Ave,,,,Adult (65+),0,Hospitalist,Unknown,Y,,,Deepa Bhatnagar,,
Geraldine Menard,Hospitalist,Outpatient / Provider,,New Orleans,1415 Tulane Ave,,,,Adult (65+),0,Hospitalist,Unknown,Y,,,Geraldine Menard,,
Anustup Datta,Hospitalist,Outpatient / Provider,,Houma,110 Picone Rd,,,,Adult (65+),0,Hospitalist,Unknown,Y,,,Anustup Datta,,
Amy Himel,Hospitalist,Outpatient / Provider,,Metairie,4200 Houma Blvd,,,,Adult (65+),0,Hospitalist,Unknown,Y,,,Amy Himel,,
James Fee,Hospitalist,Outpatient / Provider,,Baton Rouge,5000 Hennessy Blvd,,,,Adult (65+),0,Hospitalist,Unknown,Y,,,James Fee,,
Trung Tran,Hospitalist,Outpatient / Provider,,Gretna,605 Lapalco Blvd Ste 1b,,,,Adult (65+),0,Hospitalist,Unknown,Y,,,Trung Tran,,
Jeffrey Wiese,Hospitalist,Outpatient / Provider,,New Orleans,1415 Tulane Ave,,,,Adult (65+),0,Hospitalist,Unknown,Y,,,Jeffrey Wiese,,
Philip Bell,Hospitalist,Outpatient / Provider,,New Orleans,1430 Tulane Ave,,,,Adult (65+),0,Hospitalist,Unknown,Y,,,Philip Bell,,
Eastern LA Mental Health System,Psychiatric Inpatient,Inpatient,East Feliciana,Jackson,4502 Highway 951,2256340100.0,,lisa.prevost@la.gov,,330,,,,,Hampton  Lea,Eastern LA Mental Health System,,
Brentwood Hospital,Psychiatric Inpatient,Inpatient,Caddo,Shreveport,1006 Highland Avenue,3186787500.0,,william.weaver@uhsinc.com,,260,,,,,WILLIAM  WEAVER,Brentwood Hospital,,
Feliciana Forensic Facility,Psychiatric Inpatient,Inpatient,East Feliciana,Jackson,4502 Hwy 951,2256340100.0,,laura.lott@la.gov,,239,,,,,LAURA  LOTT,Feliciana Forensic Facility,,
Central Louisiana State Hospital,Psychiatric Inpatient,Inpatient,Rapides,Pineville,242 West Shamrock Street,3184846200.0,,sandra.duck@la.gov,,148,,,,,SANDRA  DUCK,Central Louisiana State Hospital,,
Northlake Behavioral Health System,Psychiatric Inpatient,Inpatient,St. Tammany,Mandeville,23455 Sparrow Rd.,9856266300.0,,joeb@northlakebh.org,,140,,,,,Wayne  Thompson,Northlake Behavioral Health System,,
Longleaf Hospital,Psychiatric Inpatient,Inpatient,Rapides,Alexandria,44 Versailles Blvd.,3184455111.0,,jared.ferguson@longleafhospital.com,,139,,,,,JARED  FERGUSON,Longleaf Hospital,,
River Oaks Hospital,Psychiatric Inpatient,Inpatient,Jefferson,Harahan,1525 River Oaks Road West,5047341740.0,,Heather.Joseph@uhsinc.com,,126,,,,,Joseph  Heather,River Oaks Hospital,,
River Place Behavioral Health,Psychiatric Inpatient,Inpatient,St. John The Baptist,La Place,500 RUE DE SANTE,9854445100.0,,Dustin.Thiels@riverplacebh.com,,104,,,,,Dustin  Thiels,River Place Behavioral Health,,
Covington Behavioral Health,Psychiatric Inpatient,Inpatient,St. Tammany,Covington,201 Greenbriar Boulevard,9858932970.0,,Tanmay.Mathur@acadiahealthcare.com,,104,,,,,TANMAY  MATHUR,Covington Behavioral Health,,
Louisiana Behavioral Health,Psychiatric Inpatient,Inpatient,Caddo,Shreveport,9320 Linwood Avenue,3186448830.0,,lee.edge@oceanshealthcare.com,,89,,,,,LEE  EDGE,Louisiana Behavioral Health,,
Seaside Behavioral Center,Psychiatric Inpatient,Inpatient,Orleans,New Orleans,"3601 Coliseum St., 6th Floor",5043707700.0,,scampbell@seasidehc.com,,83,,,,,SHERRY  CAMPBELL,Seaside Behavioral Center,,
Oceans Behavioral Hospital of Greater New Orleans-Gretna,Psychiatric Inpatient,Inpatient,Jefferson,Gretna,229 Bellemeade Blvd,5045176168.0,,bradley.westfall@oceanshealthcare.com,,82,,,,,BRADLEY  WESTFALL,Oceans Behavioral Hospital of Greater New Orleans-Gretna,,
Lake Charles Memorial Hospital,Psychiatric Inpatient,Inpatient,Calcasieu,Lake Charles,1701 Oak Park Boulevard,3374943000.0,,dhyde@lcmh.com,,73,,,,,DEVON  HYDE,Lake Charles Memorial Hospital,,
Our Lady of the Lake Regional Medical Center,Psychiatric Inpatient,Inpatient,East Baton Rouge,Baton Rouge,5000 Hennessy Blvd.,2257656565.0,,Stephanie.manson@fmolhs.org,,70,,,,,STEPHANIE  MANSON,Our Lady of the Lake Regional Medical Center,,
Seaside Health System,Psychiatric Inpatient,Inpatient,East Baton Rouge,Baton Rouge,4363 Convention Street,2255224076.0,,caguillard@seasidehc.com,,64,,,,,CLAY  AGUILLARD,Seaside Health System,,
Cypress Grove Behavioral Health,Psychiatric Inpatient,Inpatient,Morehouse,Bastrop,4673 Eugene Ware Blvd.,3182812448.0,,Tony.Lambert@cypressgrovebh.com,,60,,,,,TONY  LAMBERT,Cypress Grove Behavioral Health,,
University Medical Center New Orleans,Psychiatric Inpatient,Inpatient,Orleans,New Orleans,2000 Canal Street,5047023000.0,,Emily.Sedgwick@lcmchealth.org,,60,,,,,EMILY  SEDGWICK,University Medical Center New Orleans,,
Intensive Specialty Hospital,Psychiatric Inpatient,Inpatient,Caddo,Shreveport,1800 Irving Place  Suite 100,3184254096.0,,Keith.Cox@intensivespecialty.com,,56,,,,,KEITH  COX,Intensive Specialty Hospital,,
Vermilion Behavioral Health Systems,Psychiatric Inpatient,Inpatient,Lafayette,Lafayette,2520 North University Avenue,3372345614.0,,trace.swartzfager@acadiavermilion.com,,54,,,,,TRACE  SWARTZFAGER,Vermilion Behavioral Health Systems,,
Mercy Behavioral Hospital,Psychiatric Inpatient,Inpatient,Rapides,Lecompte,2810 US Hwy 71 S,3184434000.0,,ftpwrs@gmail.com,,54,,,,,"ROBERT A RAYFORD, JR",Mercy Behavioral Hospital,,
Baton Rouge Behavioral Hospital,Psychiatric Inpatient,Inpatient,East Baton Rouge,Baton Rouge,4040 North Blvd.,2253008470.0,,rbennett@batonrougebehavioral.com,,53,,,,,RICK  BENNETT,Baton Rouge Behavioral Hospital,,
Oceans Behavioral Hospital of Hammond,Psychiatric Inpatient,Inpatient,Tangipahoa,Hammond,15782 Professional Plz,9852771415.0,,Allen.McCartney@oceanshealthcare.com,,52,,,,,ALLEN M MCCARTNEY,Oceans Behavioral Hospital of Hammond,,
Baton Rouge General Medical Center,Psychiatric Inpatient,Inpatient,East Baton Rouge,Baton Rouge,8585 Picardy Ave,2253877767.0,,edgardo.tenreiro@brgeneral.org,,50,,,,,Edgardo  Tenreiro,Baton Rouge General Medical Center,,
Freedom Behavioral Hospital of Monroe,Psychiatric Inpatient,Inpatient,Ouachita,Monroe,4402 Sterlington Road,3189664686.0,,Monroe_CEO@freedombehavioral.com,,42,,,,,ME'CHELLE  ALLEN,Freedom Behavioral Hospital of Monroe,,
Physicians Behavioral Hospital,Psychiatric Inpatient,Inpatient,Caddo,Shreveport,2025 DeSoto Street,3185500520.0,,brad.mabry@pbhospital.com,,42,,,,,BRAD  MABRY,Physicians Behavioral Hospital,,
Oceans Behavioral Hospital of Baton Rouge,Psychiatric Inpatient,Inpatient,East Baton Rouge,Baton Rouge,"7855 Howell Blvd., Ste. 100",2254658104.0,,vdalton@oceanshealthcare.com,,40,,,,,Valerie  Dalton,Oceans Behavioral Hospital of Baton Rouge,,
Glenwood Regional Medical Center,Psychiatric Inpatient,Inpatient,Ouachita,West Monroe,503 McMillan Road,3183294200.0,,jeremy.tinnerello@steward.org,,40,,,,,JEREMY M TINNERELLO,Glenwood Regional Medical Center,,
Ferriday Behavioral Health System,Psychiatric Inpatient,Inpatient,Concordia,Ferriday,"1700 EE Wallace Blvd, N",3187402400.0,,alan.miller@ferridaybh.com,,40,,,,,James A Miller,Ferriday Behavioral Health System,,
Oceans Hospital of Broussard,Psychiatric Inpatient,Inpatient,Lafayette,Broussard,420 Albertson Parkway,3378399008.0,,adysart@oceanshealthcare.com,,38,,,,,Amy  Dysart,Oceans Hospital of Broussard,,
Community Care Hospital,Psychiatric Inpatient,Inpatient,Orleans,New Orleans,1421 General Taylor St.,5048992500.0,,gregoryf@communitycarehospital.com,,36,,,,,GREGORY M FINCH,Community Care Hospital,,
Perimeter Behavioral Hospital of New Orleans,Psychiatric Inpatient,Inpatient,Jefferson,Kenner,3639 Loyola Dr,5043052700.0,,pkennedy@perimeterhealthcare.com,,36,,,,,PENNY  KENNEDY,Perimeter Behavioral Hospital of New Orleans,,
Universal Behavioral Health Hospital,Psychiatric Inpatient,Inpatient,Tangipahoa,Hammond,800 S Oak St,9855003265.0,,admin@ubhhospital.com,,36,,,,,Feryal  Awan,Universal Behavioral Health Hospital,,
Compass Senior Care Hospital,Psychiatric Inpatient,Inpatient,Jefferson Davis,Jennings,"1 Hospital Drive, Suite 201",3378241558.0,,kirk@compasshealthcare.com,,36,,,,,KIRK  PERRON,Compass Senior Care Hospital,,
"Compass Behavioral Center of Alexandria, LLC",Psychiatric Inpatient,Inpatient,Rapides,Alexandria,6410 Masonic Drive,3373048066.0,,gdorr@compasshealthcare.com,,36,,,,,GEORGE  DORR IV,"Compass Behavioral Center of Alexandria, LLC",,
"Beacon Behavioral Hospital - New Orleans, LLC",Psychiatric Inpatient,Inpatient,Orleans,New Orleans,"14500 Hayne Blvd., Suite 200",5042100460.0,,tims@beaconbh.com,,34,,,,,TIM  SIMMONS,"Beacon Behavioral Hospital - New Orleans, LLC",,
Willis-Knighton Medical Center,Psychiatric Inpatient,Inpatient,Caddo,Shreveport,2600 Greenwood Road,3182124008.0,,jfielder@wkhs.com,,34,,,,,Jerry  Fielder,Willis-Knighton Medical Center,,
Opelousas General Health System,Psychiatric Inpatient,Inpatient,St. Landry,Opelousas,539 E. Prudhomme St.,3379483011.0,,kencochran@opelousasgeneral.com,,30,,,,,KENNETH  COCHRAN,Opelousas General Health System,,
St. Charles Parish Hospital,Psychiatric Inpatient,Inpatient,St. Charles,Luling,1057 Paul Maillard Road,9857853644.0,,keith.dacus@ochsner.org,,30,,,,,KEITH A DACUS,St. Charles Parish Hospital,,
"St. James Behavioral Health Hospital, Inc.",Psychiatric Inpatient,Inpatient,Ascension,Gonzales,3136 South St. Landry Rd.,2256477524.0,,ahines@sjbhh.net,,28,,,,,Andrew  Hines,"St. James Behavioral Health Hospital, Inc.",,
Savoy Medical Center,Psychiatric Inpatient,Inpatient,Evangeline,Mamou,801 Poinciana Avenue,3374685261.0,,Lance.armentor@savoymedical.net,,27,,,,,LANCE  ARMENTOR,Savoy Medical Center,,
Ochsner LSU Health Monroe,Psychiatric Inpatient,Inpatient,Ouachita,Monroe,4864 Jackson Street,3183307515.0,,Mark.Randolph@ochsner.org,,26,,,,,MARK  RANDOLPH,Ochsner LSU Health Monroe,,
Christus Ochsner St. Patrick Hospital,Psychiatric Inpatient,Inpatient,Calcasieu,Lake Charles,524 Dr. Michael DeBakey Drive,3374362511.0,,james.davidson@christushealth.org,,25,,,,,JAMES  DAVIDSON,Christus Ochsner St. Patrick Hospital,,
Allen Parish Hospital,Psychiatric Inpatient,Inpatient,Allen,Kinder,108 6th Avenue,3377382527.0,,jreviel@allenparishhospital.com,,24,,,,,Jacqueline  Reviel,Allen Parish Hospital,,
Serenity Springs Specialty Hospital,Psychiatric Inpatient,Inpatient,Lincoln,Ruston,1495 Frazier Road,3182023860.0,,ceo@serenityhospital.com,,24,,,,,Adrian  Williams,Serenity Springs Specialty Hospital,,
Ochsner Lafayette General Medical Center,Psychiatric Inpatient,Inpatient,Lafayette,Lafayette,1214 Coolidge Avenue,3372897991.0,,al.patin@ochsner.org,,24,,,,,AL  PATIN,Ochsner Lafayette General Medical Center,,
Tulane Medical Center,Psychiatric Inpatient,Inpatient,Orleans,New Orleans,1415 Tulane Avenue HC-25,5049881900.0,,Thomas.Patrias@hcahealthcare.com,,24,,,,,THOMAS  PATRIAS,Tulane Medical Center,,
Compass Behavioral Center of Lafayette,Psychiatric Inpatient,Inpatient,Lafayette,Lafayette,312 Youngsville Hwy,3375344655.0,,andre@compasshealthcare.com,,24,,,,,ANDRE  ROBICHAUX,Compass Behavioral Center of Lafayette,,
"Beacon Behavioral Hospital, LLC",Psychiatric Inpatient,Inpatient,St. James,Lutcher,2471 Louisiana Ave,2252586103.0,,luisb@beaconbh.com,,24,,,,,LUIS  BETANCES,"Beacon Behavioral Hospital, LLC",,
Regions Behavioral Hospital,Psychiatric Inpatient,Inpatient,East Baton Rouge,Baton Rouge,8416 Cumberland,2254086060.0,,MCRAWFORD@regionsbh.com,,24,,,,,MARC A CRAWFORD,Regions Behavioral Hospital,,
"Apollo Behavioral Health Hospital, LLC",Psychiatric Inpatient,Inpatient,East Baton Rouge,Baton Rouge,9938 Airline Hwy,2256632881.0,,GGOPALAM@GMAIL.COM,,24,,,,,KYLE  HYDUKE,"Apollo Behavioral Health Hospital, LLC",,
South Cameron Memorial Hospital,Psychiatric Inpatient,Inpatient,Cameron,Cameron,5360 West Creole Hwy,3375424111.0,,ltrahan@scmh.co,,24,,,,,Leslie  Trahan,South Cameron Memorial Hospital,,
Leonard J. Chabert Medical Center,Psychiatric Inpatient,Inpatient,Terrebonne,Houma,1978 Industrial Boulevard,9858732200.0,,john.guillot@ochsner.org,,24,,,,,JOHN C GUILLOT,Leonard J. Chabert Medical Center,,
"Beacon Behavioral Hospital - Northshore, LLC",Psychiatric Inpatient,Inpatient,St. Tammany,Lacombe,"64026 Hwy 434, Suite 300 (3rd Floor)",9859820226.0,,billiew@beaconbh.com,,22,,,,,BILLIE  WHITTINGTON,"Beacon Behavioral Hospital - Northshore, LLC",,
Minden Medical Center,Psychiatric Inpatient,Inpatient,Webster,Minden,No. 1 Medical Plaza,3183772321.0,,jim.williams@ahmgt.com,,20,,,,,JIM  WILLIAMS,Minden Medical Center,,
"Red River Behavioral Center, L.L.C.",Psychiatric Inpatient,Inpatient,Bossier,Bossier City,2800 Melrose Avenue,3185492033.0,,SKottenbrook@rrbc.la,,20,,,,,MS Susan  Kottenbrook,"Red River Behavioral Center, L.L.C.",,
Oceans Behavioral Hospital of DeRidder,Psychiatric Inpatient,Inpatient,Beauregard,Deridder,1420 Blankenship Drive,3374609472.0,,nomica.guillory@oceanshealthcare.com,,20,,,,,NOMICA  GUILLORY,Oceans Behavioral Hospital of DeRidder,,
Oceans Behavioral Hospital of Lake Charles,Psychiatric Inpatient,Inpatient,Calcasieu,Lake Charles,302 W. McNeese St.,3374747581.0,,Misty.Kelly@oceanshealthcare.com,,20,,,,,EMILY  MCDANIELS,Oceans Behavioral Hospital of Lake Charles,,
Oceans Behavioral Hospital of Opelousas,Psychiatric Inpatient,Inpatient,St. Landry,Opelousas,1310 Heather Drive,3379488820.0,,katherine.simoneaux@oceanshealthcare.com,,20,,,,,Katherine  Simoneaux,Oceans Behavioral Hospital of Opelousas,,
"Compass Behavioral Center of Houma, LLC",Psychiatric Inpatient,Inpatient,Terrebonne,Houma,4701 West Park Avenue,9858761715.0,,arichards@compasshealthcare.com,,20,,,,,ANDRE  ROBICHAUX,"Compass Behavioral Center of Houma, LLC",,
Beacon Behavioral Hospital - Central,Psychiatric Inpatient,Inpatient,Avoyelles,Bunkie,"323 Evergreen Street , Suite B",3183463143.0,,jabarir@beaconbh.com,,18,,,,,JABARI  RANSOME,Beacon Behavioral Hospital - Central,,
Genesis Behavioral Hospital,Psychiatric Inpatient,Inpatient,St. Martin,Breaux Bridge,606 Latiolais Drive,3374426254.0,,warledge@genesisbh.com,,18,,,,,William  Arledge,Genesis Behavioral Hospital,,
Sage Specialty Hospital,Psychiatric Inpatient,Inpatient,Livingston,Denham Springs,8375 Florida Boulevard,2256652664.0,,smiles@sageltac.com,,17,,,,,SYBIL  MILES,Sage Specialty Hospital,,
Ochsner St. Mary,Psychiatric Inpatient,Inpatient,St. Mary,Morgan City,1125 Marguerite Street,9853842200.0,,elmore.patterson@ochsner.org,,17,,,,,ELMORE  PATTERSON,Ochsner St. Mary,,
LaSalle General Hospital,Psychiatric Inpatient,Inpatient,Lasalle,Jena,187 Ninth Street/Highway 84 West,3189929200.0,,lfrancis@lgh-jena.org,,16,,,,,Lana  Francis,LaSalle General Hospital,,
Abbeville General Hospital,Psychiatric Inpatient,Inpatient,Vermilion,Abbeville,118 N. Hospital Drive,3378935466.0,,michael.bertrand@abbevillegeneral.com,,16,,,,,TROY  HAIR,Abbeville General Hospital,,
Natchitoches Regional Medical Center,Psychiatric Inpatient,Inpatient,Natchitoches,Natchitoches,501 Keyser Avenue,3184712628.0,,kirk.soileau@nrmchospital.org,,15,,,,,KIRK  SOILEAU,Natchitoches Regional Medical Center,,
Iberia Medical Center,Psychiatric Inpatient,Inpatient,Iberia,New Iberia,2315 East Main Street,3373640441.0,,dviator@iberiamedicalcenter.com,,12,,,,,DIONNE  VIATOR,Iberia Medical Center,,
Avoyelles Hospital,Psychiatric Inpatient,Inpatient,Avoyelles,Marksville,4231 Hwy. 1192,3182538611.0,,tcurry@ahmgt.com,,12,,,,,Timothey  Curry,Avoyelles Hospital,,
Our Lady of the Angels Hospital,Psychiatric Inpatient,Inpatient,Washington,Bogalusa,433 Plaza St.,9857306706.0,,rene.ragas@fmolhs.org,,12,,,,,"Rene  Ragas, MHA",Our Lady of the Angels Hospital,,
East Jefferson General Hospital,Psychiatric Inpatient,Inpatient,Jefferson,Metairie,4200 Houma Blvd.,5044544000.0,,richard.tanzella@lcmchealth.org,,12,,,,,RICHARD A TANZELLA,East Jefferson General Hospital,,
Mercy Regional Medical Center,Psychiatric Inpatient,Inpatient,Evangeline,Ville Platte,800 East Main Street,3373635684.0,,Kristopher.aguillard@ahmgt.com,,12,,,,,KRISTOPHER D AGUILLARD,Mercy Regional Medical Center,,
Springhill Medical Center,Psychiatric Inpatient,Inpatient,Webster,Springhill,2001 Doctors Drive,3185391001.0,,pete.johnson@emailsmc.com,,12,,,,,Peter B Johnson,Springhill Medical Center,,
Acadia St. Landry Hospital,Psychiatric Inpatient,Inpatient,Acadia,Church Point,810 South Broadway St,3376845435.0,,mjl@aslh.org,,10,,,,,MICHAEL J LEJEUNE,Acadia St. Landry Hospital,,
Ochsner Abrom Kaplan Memorial Hospital,Psychiatric Inpatient,Inpatient,Vermilion,Kaplan,1310 West Seventh Street,3376438300.0,,bryce.quebodeaux@ochsner.org,,10,,,,,Bryce  Quebodeaux,Ochsner Abrom Kaplan Memorial Hospital,,
DeQuincy Memorial Hospital,Psychiatric Inpatient,Inpatient,Calcasieu,Dequincy,110 West Fourth Street,3377861200.0,,psavoy@ahmgt.com,,10,,,,,FRANK P SAVOY III,DeQuincy Memorial Hospital,,
Morehouse General Hospital,Psychiatric Inpatient,Inpatient,Morehouse,Bastrop,323 West Walnut,3182833600.0,,Derrick.Frazier@mghospital.com,,10,,,,,Derrick  Fraizer,Morehouse General Hospital,,
Hardtner Medical Center,Psychiatric Inpatient,Inpatient,Lasalle,Olla,1102 N. Pine Rd.,3184953131.0,,admin@hardtnermedical.com,,10,,,,,MR Paul G Mathews,Hardtner Medical Center,,
Ochsner St. Anne General Hospital,Psychiatric Inpatient,Inpatient,Lafourche,Raceland,4608 Highway 1,9855376841.0,,fernis.leblanc@ochsner.org,,10,,,,,JUAN  AWAD,Ochsner St. Anne General Hospital,,
Peaceful Alternatives Counseling and Therapy,Behavioral Health Service,Behavioral Health Service,Natchitoches,Natchitoches,118 Touline Street,3184794751.0,,peacefulalternatives@peacefulpacts.com,,0,Substance Use Disorder,,,,Robert  Terry,Peaceful Alternatives Counseling and Therapy,,
Youth and Family Empowerment Services,Behavioral Health Service,Behavioral Health Service,Natchitoches,Natchitoches,200 Rapides Drive Suite A,3183796504.0,,yfes.mst@gmail.com,,0,Substance Use Disorder,,,,Reneka  Hayes,Youth and Family Empowerment Services,,
Community Counseling Center at Cane River,Behavioral Health Service,Behavioral Health Service,Natchitoches,Natchitoches,830 Fourth Street,3182144002.0,,jjkarle@yahoo.com,,0,Substance Use Disorder,,,,Jennifer  Karle,Community Counseling Center at Cane River,,
Joy Impact Counseling Services,Behavioral Health Service,Behavioral Health Service,Natchitoches,Natchitoches,"415 Bienville St, Suite B",3186528140.0,,rstewart.jic@outlook.com,,0,Substance Use Disorder,,,,Kelvin  Stewart,Joy Impact Counseling Services,,
"Winterhaven Professional Counseling Services, LLC",Behavioral Health Service,Behavioral Health Service,Natchitoches,Natchitoches,1760 Texas Street,3182388501.0,,winterhaven1@hotmail.com,,0,Substance Use Disorder,,,,Jonathan  Crew,"Winterhaven Professional Counseling Services, LLC",,
Rehabilitation Services of Central La-Natchitoches,Behavioral Health Service,Behavioral Health Service,Natchitoches,Natchitoches,430 Dixie Plaza,3183579009.0,,ceo@rsofla.com,,0,Substance Use Disorder,,,,Christopher  Mudd,Rehabilitation Services of Central La-Natchitoches,,
"Provision Rehab, LLC",Behavioral Health Service,Behavioral Health Service,Natchitoches,Natchitoches,733 Keyser Avenue Ste 120,3182384030.0,,provisionrehab@yahoo.com,,0,Substance Use Disorder,,,,DeAdrian  Ficklin,"Provision Rehab, LLC",,
Mind Rehab and Resource Center,Behavioral Health Service,Behavioral Health Service,Natchitoches,Natchitoches,344 South Drive Suite A,3183525757.0,,mindrehab@comcast.net,,0,Substance Use Disorder,,,,Tambria  Hunt,Mind Rehab and Resource Center,,
Claire House for Women and Children,Behavioral Health Service,Behavioral Health Service,St. Mary,Morgan City,1101 Southeast Blvd Suite A,9853952424.0,,director@clairehouse.com,,0,Substance Use Disorder,,,,Terry  Foulcard,Claire House for Women and Children,,
St Mary Behavioral Health Center,Behavioral Health Service,Behavioral Health Service,St. Mary,Morgan City,"500 Roderick Street, Suite B",9853802460.0,,amber.cavalier@la.gov,,0,Substance Use Disorder,,,,Kent  St. Germain,St Mary Behavioral Health Center,,
"Aimwell Recovery Center, LLC",Behavioral Health Service,Behavioral Health Service,Ouachita,Monroe,1106 Suite B Stubbs Ave,3188165329.0,,reestis@aimwellrecovery.com,,0,Substance Use Disorder,,,,Catherine  Estis,"Aimwell Recovery Center, LLC",,
A Place for Her,Behavioral Health Service,Behavioral Health Service,Ouachita,Monroe,2525 Ferrand Street,3185825880.0,,aplaceforher@gmail.com,,0,Substance Use Disorder,,,,Dana C Jones,A Place for Her,,
"Absolute Care, INC",Behavioral Health Service,Behavioral Health Service,Ouachita,Monroe,500 N 21st Street,3184504911.0,,absolutecare@ymail.com,,0,Substance Use Disorder,,,,Markus  Bosley,"Absolute Care, INC",,
"Alliance Northeast Healthcare, LLC",Behavioral Health Service,Behavioral Health Service,Ouachita,Monroe,2116 Justice Street,3188072025.0,,1stladydouglas@gmail.com,,0,Substance Use Disorder,,,,Sonya  Douglas,"Alliance Northeast Healthcare, LLC",,
"Behavioral Management & Addictive Disorders, Inc",Behavioral Health Service,Behavioral Health Service,Ouachita,Monroe,2910 Evangeline,3183885553.0,,bmad@bayou.com,,0,Substance Use Disorder,,,,Carlie  Taylor,"Behavioral Management & Addictive Disorders, Inc",,
"Behavioral Solutions, LLC",Behavioral Health Service,Behavioral Health Service,Ouachita,Monroe,"215 Bres Ave, Suite G",3185098073.0,,behavioral_solutions@comcast.net,,0,Substance Use Disorder,,,,Yolanda  Dupre,"Behavioral Solutions, LLC",,
Biltmore Health Services-Monroe,Behavioral Health Service,Behavioral Health Service,Ouachita,Monroe,"3001 Armand Street, Suite G-H",3188553681.0,,sanderstyona@yahoo.com,,0,Substance Use Disorder,,,,Omar  Ellison,Biltmore Health Services-Monroe,,
"Center for Behavioral Health Louisiana, Inc.",Behavioral Health Service,Behavioral Health Service,Ouachita,Monroe,1910 Ruffin Drive,3183409596.0,,tonya.romero@centerforbehavioralhealth.com,,0,Substance Use Disorder,,,,Mary  Massman,"Center for Behavioral Health Louisiana, Inc.",,
Cognitive Development Center Behavioral Health Services,Behavioral Health Service,Behavioral Health Service,Ouachita,Monroe,4951 Central Ave,3183401535.0,,cbutler@seasidehc.com,,0,Substance Use Disorder,,,,Adrian  Fisher,Cognitive Development Center Behavioral Health Services,,
"Community Rehabilitation Center, LLC",Behavioral Health Service,Behavioral Health Service,Ouachita,Monroe,"2414 Ferrand Street, Suite 1",3183250072.0,,crcrehab@att.net,,0,Substance Use Disorder,,,,Osna R Horne,"Community Rehabilitation Center, LLC",,
Cornerstone Behavioral Health,Behavioral Health Service,Behavioral Health Service,Ouachita,Monroe,3100 Kilpatrick Blvd Suite 102,3183258048.0,,cornerstonecmhc@yahoo.com,,0,Substance Use Disorder,,,,Adrian  Williams,Cornerstone Behavioral Health,,
Easter Seals Louisiana - Monroe,Behavioral Health Service,Behavioral Health Service,Ouachita,Monroe,"300 Washington Street, Suite 401",3183880293.0,,tscorbin@laeasterseals.com,,0,Substance Use Disorder,,,,Tonjia  Corbin,Easter Seals Louisiana - Monroe,,
Easy Living Behavioral Health,Behavioral Health Service,Behavioral Health Service,Ouachita,Monroe,216 Ouachita Ave,3183224770.0,,myrtleburks22@yahoo.com,,0,Substance Use Disorder,,,,Myrtle  Burks,Easy Living Behavioral Health,,
"Enrich Behavioral Health, LLC",Behavioral Health Service,Behavioral Health Service,Ouachita,Monroe,"806 North 31st Street, Suite C",3185702981.0,,kirstenworks@aol.com,,0,Substance Use Disorder,,,,Brenda  Hayes-Williams,"Enrich Behavioral Health, LLC",,
Faith and Hope Behavioral Health,Behavioral Health Service,Behavioral Health Service,Ouachita,Monroe,2017 Hudson Ln. Suite -A,3183818584.0,,angrumn@gmail.com,,0,Substance Use Disorder,,,,Neal  Angrum,Faith and Hope Behavioral Health,,
"Changing Behavior Services of Minden, LLC",Behavioral Health Service,Behavioral Health Service,Webster,Minden,601 Homer Road,3183716707.0,,pamelaphillips@ymail.com,,0,Substance Use Disorder,,,,Angela  Brown,"Changing Behavior Services of Minden, LLC",,
New Concept Development Center,Behavioral Health Service,Behavioral Health Service,Webster,Minden,"15365 Highway 80, Suite B",3183774549.0,,newconceptdcllc@outlook.com,,0,Substance Use Disorder,,,,Kimberly  Weston,New Concept Development Center,,
Tender Kare Counseling Agency - Minden,Behavioral Health Service,Behavioral Health Service,Webster,Minden,215 Main Street,3186399543.0,,tenderkare_counseling@yahoo.com,,0,Substance Use Disorder,,,,Kay  Caesar,Tender Kare Counseling Agency - Minden,,
"Family New Life Rehabilitation Center, Inc",Behavioral Health Service,Behavioral Health Service,Ouachita,Monroe,3100 Kilpatrick Blvd Suite 100,3183258050.0,,fnlr@bellsouth.net,,0,Substance Use Disorder,,,,Adrian  Williams,"Family New Life Rehabilitation Center, Inc",,
"Forever And A Day, LLC",Behavioral Health Service,Behavioral Health Service,Ouachita,Monroe,806 D North 31st Street,3188553868.0,,foreverandadayllc@comcast.net,,0,Substance Use Disorder,,,,Rita  Putman,"Forever And A Day, LLC",,
"Guidance for Behavioral Health, LLC",Behavioral Health Service,Behavioral Health Service,Ouachita,Monroe,"1204 Stubbs Ave, Suite B",3185825633.0,,guidancebhs16@gmail.com,,0,Substance Use Disorder,,,,Tonia  Freeman,"Guidance for Behavioral Health, LLC",,
"Horizon Rehabilitation Center, Inc.",Behavioral Health Service,Behavioral Health Service,Ouachita,Monroe,2911 Cameron Street,3186519363.0,,hrcc2911@yahoo.com,,0,Substance Use Disorder,,,,Dr. Kerry  Scott,"Horizon Rehabilitation Center, Inc.",,
"Immanuels Healing Center, LLC",Behavioral Health Service,Behavioral Health Service,Ouachita,Monroe,"2404 Ferrand Street, Suite 23",3183230463.0,,imman_healing_center@yahoo.com,,0,Substance Use Disorder,,,,Kelvin C Horne,"Immanuels Healing Center, LLC",,
Monroe Behavioral Health Clinic,Behavioral Health Service,Behavioral Health Service,Ouachita,Monroe,4800 South Grand Street,3183623339.0,,Tricia.Lofton@la.gov,,0,Substance Use Disorder,,,,Tricia  Lofton,Monroe Behavioral Health Clinic,,
"New Heights, Inc",Behavioral Health Service,Behavioral Health Service,Ouachita,Monroe,1610 Jackson Street,3185122857.0,,jnwufoh@yahoo.com,,0,Substance Use Disorder,,,,Jacquline J Nwufoh,"New Heights, Inc",,
New Life Behavioral and Youth Development LLC,Behavioral Health Service,Behavioral Health Service,Ouachita,Monroe,201 Morris Avenue,3188165514.0,,rosilyneleam15@gmail.com,,0,Substance Use Disorder,,,,Rosilyn  Eleam,New Life Behavioral and Youth Development LLC,,
Pecan Haven Addiction Recovery Center,Behavioral Health Service,Behavioral Health Service,Ouachita,Monroe,2321 Highway 80 East,3186003333.0,,Eweaver@pecanhaven.com,,0,Substance Use Disorder,,,,Erin  Weaver,Pecan Haven Addiction Recovery Center,,
People United Behavioral Health,Behavioral Health Service,Behavioral Health Service,Ouachita,Monroe,"1401 Hudson Lane, Suite 202",3183231300.0,,peopleunitedR8@gmail.com,,0,Substance Use Disorder,,,,Matrice  Holland,People United Behavioral Health,,
Protective Factors,Behavioral Health Service,Behavioral Health Service,Ouachita,Monroe,"801 North 31st Street, Suite 1",3187377794.0,,protectivefactorsllc@yahoo.com,,0,Substance Use Disorder,,,,Victoria  Wallace,Protective Factors,,
Rays of Sonshine,Behavioral Health Service,Behavioral Health Service,Ouachita,Monroe,616 North 3rd Street,3183230502.0,,cwhite90@comcast.net,,0,Substance Use Disorder,,,,Lynn  Daniel,Rays of Sonshine,,
Rays of Sonshine Longterm Residential,Behavioral Health Service,Behavioral Health Service,Ouachita,Monroe,3602 Richmond Road,3183230502.0,,cwhite90@comcast.net,,0,Substance Use Disorder,,,,Lynn  Danial,Rays of Sonshine Longterm Residential,,
"Rehab Services of NE LA,LLC",Behavioral Health Service,Behavioral Health Service,Ouachita,Monroe,4310 S. Grande,318324544.0,,ceo@rsofla.com,,0,Substance Use Disorder,,,,Christopher  Mudd,"Rehab Services of NE LA,LLC",,
"Renewed Minds Behavioral Center, LLC",Behavioral Health Service,Behavioral Health Service,Ouachita,Monroe,"801 Stubbs Avenue, Suite E & F",3185124997.0,,rn.richardson@hotmail.com,,0,Substance Use Disorder,,,,Karlin  Richardson,"Renewed Minds Behavioral Center, LLC",,
"River City Professional Counseling Services, LLC",Behavioral Health Service,Behavioral Health Service,Ouachita,Monroe,908 North 3rd Street,3183258748.0,,rivercitypcs@bellsouth.net,,0,Substance Use Disorder,,,,Deborah  Doublin,"River City Professional Counseling Services, LLC",,
Riversouth Rehabilitation Center,Behavioral Health Service,Behavioral Health Service,Ouachita,Monroe,1010 North Ninth Street,3184101062.0,,riversouth3@yahoo.com,,0,Substance Use Disorder,,,,Terri Bursey-Agugua,Riversouth Rehabilitation Center,,
Shoulders of Strength - Monroe,Behavioral Health Service,Behavioral Health Service,Ouachita,Monroe,2807 Evangeline Street,3186547667.0,,sosinc130@aol.com,,0,Substance Use Disorder,,,,Tara  Harris,Shoulders of Strength - Monroe,,
"The Bridge Family Therapy, LLC",Behavioral Health Service,Behavioral Health Service,Ouachita,Monroe,"1900 N 18th Street, Suite 217",3186006838.0,,kimj@thebridgefamilytherapy.com,,0,Substance Use Disorder,,,,Kimberly  Johnson,"The Bridge Family Therapy, LLC",,
The Center for Children and Families - Monroe,Behavioral Health Service,Behavioral Health Service,Ouachita,Monroe,622 Riverside Drive,3183980945.0,,mthornton@standforhope.org,,0,Substance Use Disorder,,,,Matthew  Thornton,The Center for Children and Families - Monroe,,
"The Macro Group, Inc.",Behavioral Health Service,Behavioral Health Service,Ouachita,Monroe,1602 Royal Avenue,3183257725.0,,themacrogroup@yahoo.com,,0,Substance Use Disorder,,,,Dustin  Ebanks,"The Macro Group, Inc.",,
Transitions Counseling and Development Center,Behavioral Health Service,Behavioral Health Service,Ouachita,Monroe,1020 North 3rd Street,3183614482.0,,transitionscdc@att.net,,0,Substance Use Disorder,,,,Adrian  Turner,Transitions Counseling and Development Center,,
"Universal Rehabilitation Center, LLC",Behavioral Health Service,Behavioral Health Service,Ouachita,Monroe,"2414 Ferrand Street, Suite 2",3183429979.0,,serviu@comcast.net,,0,Substance Use Disorder,,,,Tiffany R Wyatt,"Universal Rehabilitation Center, LLC",,
Positive Direction Support Services,Behavioral Health Service,Behavioral Health Service,Jefferson,New Orleans,"1995 Gentilly Blvd, Suite C-400",5049440453.0,,info@positivedirectionnola.com,,0,Substance Use Disorder,,,,Donnyette  Love,Positive Direction Support Services,,
QUALIS CARE,Behavioral Health Service,Behavioral Health Service,Orleans,New Orleans,4201 WOODLAND DRIVE,5043785067.0,,Juan@QUALISCARE.COM,,0,Substance Use Disorder,,,,Colin C Connor III,QUALIS CARE,,
"REBYLT, LLC",Behavioral Health Service,Behavioral Health Service,Jefferson,New Orleans,"1615 Poydras Street, Suite 900",5049572432.0,,andreajones1908@yahoo.com,,0,Substance Use Disorder,,,,Andrea  Jones,"REBYLT, LLC",,
Rehabilitation Services of New Orleans-New Orleans,Behavioral Health Service,Behavioral Health Service,Jefferson,New Orleans,"4747 Earhart Blvd, Suite D",5044822600.0,,ceo@rsofla.com,,0,Substance Use Disorder,,,,Christopher  Mudd,Rehabilitation Services of New Orleans-New Orleans,,
Restoring Hope Behavioral Health Services,Behavioral Health Service,Behavioral Health Service,Orleans,New Orleans,7240 Crowder Blvd Suite 209,5049312477.0,,asimpson@restoringhopebhs.org,,0,Substance Use Disorder,,,,Anthony Simpson,Restoring Hope Behavioral Health Services,,
Shared Hearts Mental Health Services,Behavioral Health Service,Behavioral Health Service,Jefferson,New Orleans,"4480 Gen DeGaulle, Suite 206",5047583114.0,,germaineedwards@sharedheartsmhs.com,,0,Substance Use Disorder,,,,Dr Germaine  Edwards,Shared Hearts Mental Health Services,,
Sinfonia Family Services of Louisiana-New Orleans,Behavioral Health Service,Behavioral Health Service,Jefferson,New Orleans,"4000 Bienville Street, Suite G",5043735677.0,,mehart@sfslouisiana.com,,0,Substance Use Disorder,,,,Mary  Hart,Sinfonia Family Services of Louisiana-New Orleans,,
Southern Community Network,Behavioral Health Service,Behavioral Health Service,Jefferson,New Orleans,"2714 Canal Street, Suite 316",5049139335.0,,scnservicesllc@hotmail.com,,0,Substance Use Disorder,,,,Naaman  Stewart,Southern Community Network,,
Stages of Change,Behavioral Health Service,Behavioral Health Service,Jefferson,New Orleans,"2714 Canal Street, Suite 307",5048271083.0,,stagesofchange@yahoo.com,,0,Substance Use Disorder,,,,Tekana  Gainer,Stages of Change,,
Suncrest Behavioral Health Services,Behavioral Health Service,Behavioral Health Service,Orleans,New Orleans,4480 General DeGaulle Dr. Ste 113,5043725511.0,,suncrestbhservices@gmail.com,,0,Substance Use Disorder,,,,Chantel  Vicks,Suncrest Behavioral Health Services,,
"The Creed Group of Louisiana, LLC",Behavioral Health Service,Behavioral Health Service,Orleans,New Orleans,615 Baronne Street # 304,5048148001.0,,creedgroupofla@gmail.com,,0,Substance Use Disorder,,,,Phillip  Brock,"The Creed Group of Louisiana, LLC",,
The Gift Mental Health,Behavioral Health Service,Behavioral Health Service,Orleans,New Orleans,"3301 Canal Street,  Suite 1",5046442575.0,,thegiftmhc@outlook.com,,0,Substance Use Disorder,,,,Donna  Holt,The Gift Mental Health,,
The Growth and Development Center,Behavioral Health Service,Behavioral Health Service,Jefferson,New Orleans,"10001 Lake Forest Blvd, Suite 409",5049754890.0,,ghosey.gdc@gmail.com,,0,Substance Use Disorder,,,,Glenn  Hosey,The Growth and Development Center,,
"Total Sentencing Alternatives Program, LLC",Behavioral Health Service,Behavioral Health Service,Jefferson,New Orleans,"2601 Tulane Avenue, Suite 300",5045706120.0,,wwwelch1012@gmail.com,,0,Substance Use Disorder,,,,William  Welch,"Total Sentencing Alternatives Program, LLC",,
"Townsend Recovery Center New Orleans, LLC",Behavioral Health Service,Behavioral Health Service,Jefferson,New Orleans,"5620 Read Blvd, 5th Floor",5045134200.0,,mdoty@contactaac.com,,0,Substance Use Disorder,,,,Tiffany  Centers,"Townsend Recovery Center New Orleans, LLC",,
Two Dreams New Orleans,Behavioral Health Service,Behavioral Health Service,Jefferson,New Orleans,"1820 St. Charles Ave, Suite 212",7086134750.0,,contact@twodreams.com,,0,Substance Use Disorder,,,,Andrea  Barthwell,Two Dreams New Orleans,,
Volunteers of America Southeast Louisiana,Behavioral Health Service,Behavioral Health Service,Orleans,New Orleans,4152 Canal Street,5044822130.0,,jleblanc@voagno.org,,0,Substance Use Disorder,,,,James m LeBlanc,Volunteers of America Southeast Louisiana,,
Walker Family Services,Behavioral Health Service,Behavioral Health Service,Jefferson,New Orleans,"6305 Elysian Fields Ave, Suite 301B",5043247332.0,,fwalker@walkerfamilyservices.com,,0,Substance Use Disorder,,,,"FREDERICK  WALKER, JR",Walker Family Services,,
Wish Health Services,Behavioral Health Service,Behavioral Health Service,Jefferson,New Orleans,3301 LaSalle Street,5046486820.0,,aprilp.lascc@gmail.com,,0,Substance Use Disorder,,,,APRIL  PERKINS,Wish Health Services,,
Positive Living Tx. Center,Behavioral Health Service,Behavioral Health Service,Orleans,New Orleans,3330 Canal Street,5048272701.0,,generalinfo@pyramid-inc.org,,0,Substance Use Disorder,,,,Terry  Mogilles,Positive Living Tx. Center,,
"Odyssey House Louisiana, Inc",Behavioral Health Service,Behavioral Health Service,Jefferson,New Orleans,1125 N Tonti Street,5048219211.0,,ecarlson@ohlinc.org,,0,Substance Use Disorder,,,,Edward  Carlson,"Odyssey House Louisiana, Inc",,
"Obyke Health Care Services, LLC",Behavioral Health Service,Behavioral Health Service,Orleans,New Orleans,3028 Gentilly Blvd,5046067442.0,,obykehealthcare@att.net,,0,Substance Use Disorder,,,,Rose  Okpalobi,"Obyke Health Care Services, LLC",,
"Harper''s Counseling & Family Therapy, LLC",Behavioral Health Service,Behavioral Health Service,Jefferson,New Orleans,1832  Saint Bernard Avenue,5043249804.0,,harperh105@yahoo.com,,0,Substance Use Disorder,,,,Angela  Harper,"Harper''s Counseling & Family Therapy, LLC",,
Health Guardians,Behavioral Health Service,Behavioral Health Service,Jefferson,New Orleans,3222 Canal Street,5043106933.0,,bwortham@ccano.org,,0,Substance Use Disorder,,,,BEN  WORTHAM,Health Guardians,,
"Impact Behavior Health Services, LLC",Behavioral Health Service,Behavioral Health Service,Jefferson,New Orleans,1406 Esplanade Ave,5043044097.0,,jacimpact@gmail.com,,0,Substance Use Disorder,,,,Tracy  Clark,"Impact Behavior Health Services, LLC",,
In This Together,Behavioral Health Service,Behavioral Health Service,Jefferson,New Orleans,"7921 Bullard Ave, Suite 2C",5043739626.0,,ittnola@aol.com,,0,Substance Use Disorder,,,,Michael  Hickenson,In This Together,,
Infinite Solutions,Behavioral Health Service,Behavioral Health Service,Jefferson,New Orleans,"8070 Crowder Blvd, Suite A",5044102316.0,,ronique.randall@ismentalwellness.com,,0,Substance Use Disorder,,,,Ronique  Randall,Infinite Solutions,,
Inspiring Hope,Behavioral Health Service,Behavioral Health Service,Orleans,New Orleans,701 Loyola Avenue Suite 804,5049755838.0,,inspiringhopebha@gmail.com,,0,Substance Use Disorder,,,,Dionne-Parker  George,Inspiring Hope,,
Integrated Family Services,Behavioral Health Service,Behavioral Health Service,Orleans,New Orleans,3604 Canal Street,5044589256.0,,cmichelle100@yahoo.com,,0,Substance Use Disorder,,,,Michelle  Crossley,Integrated Family Services,,
Integrity Behavioral Management,Behavioral Health Service,Behavioral Health Service,Jefferson,New Orleans,5610 Read Blvd,5043418188.0,,terryjlain@yahoo.com,,0,Substance Use Disorder,,,,Terry  Lain,Integrity Behavioral Management,,
Jackson Hands of Change,Behavioral Health Service,Behavioral Health Service,Jefferson,New Orleans,4035 Washington Avenue,5045355082.0,,jacksonhandsofchange@gmail.com,,0,Substance Use Disorder,,,,Dreatha  Jackson,Jackson Hands of Change,,
Key Behavior Essentials,Behavioral Health Service,Behavioral Health Service,,New Orleans,701 Loyola Avenue Suite 405,5043091780.0,,asmith@kbela.com,,0,Substance Use Disorder,,,,Antoine  Smith,Key Behavior Essentials,,
Louisiana Health Partners,Behavioral Health Service,Behavioral Health Service,Orleans,New Orleans,1042 Annunciation Street,5043034646.0,,dgreen@lahealthpartners.com,,0,Substance Use Disorder,,,,Gail  Dudley,Louisiana Health Partners,,
Loving Hearts Social Services-New Orleans,Behavioral Health Service,Behavioral Health Service,Jefferson,New Orleans,"10001 Lake Forest Blvd, Suite 404",5048215220.0,,kreed2b@gmail.com,,0,Substance Use Disorder,,,,Kecia Reed,Loving Hearts Social Services-New Orleans,,
"MCN Counseling, LLC",Behavioral Health Service,Behavioral Health Service,Jefferson,New Orleans,2714 Canal Street # 402,5043046945.0,,GDIncorporated@msn.com,,0,Substance Use Disorder,,,,Felicia  Bowers,"MCN Counseling, LLC",,
Merakey PENNSYLVANIA-NEW ORLEANS,Behavioral Health Service,Behavioral Health Service,Orleans,New Orleans,3303-3 Tulane Avenue,5043021323.0,,mdahlhauser@merakey.org,,0,Substance Use Disorder,,,,Mike  Dahlhauser,Merakey PENNSYLVANIA-NEW ORLEANS,,
Metropolitan Crisis Response Team (RHD),Behavioral Health Service,Behavioral Health Service,Jefferson,New Orleans,"2221 Philip Street, Suite 209",5048262675.0,,aisher.salmeron@rhd.org,,0,Substance Use Disorder,,,,Jessica  Olivier,Metropolitan Crisis Response Team (RHD),,
Metropolitian Assertive Community Treatment Team,Behavioral Health Service,Behavioral Health Service,Orleans,New Orleans,"1050 S Jeff Davis Pkwy, Suite 212 & 325",5048217230.0,,adrienne.warren@rhd.org,,0,Substance Use Disorder,,,,Adrienne  Warren,Metropolitian Assertive Community Treatment Team,,
Milestones Mental Health Agency,Behavioral Health Service,Behavioral Health Service,Orleans,New Orleans,4919 Canal Street Suite 203,5044839883.0,,milestones@bellsouth.net,,0,Substance Use Disorder,,,,Stacey  Griffin,Milestones Mental Health Agency,,
"Nami New Orleans, Inc",Behavioral Health Service,Behavioral Health Service,Orleans,New Orleans,1538 Louisiana Avenue,5048962345.0,,lisa@namineworleans.org,,0,Substance Use Disorder,,,,Lisa  Romback,"Nami New Orleans, Inc",,
New Beginnings Behavioral & Family Services,Behavioral Health Service,Behavioral Health Service,Orleans,New Orleans,10001 Lake Forest Blvd Ste 607,5042651230.0,,newbeginnings.nola@yahoo.com,,0,Substance Use Disorder,,,,AKILAH  WASHINGTON,New Beginnings Behavioral & Family Services,,
New Orleans East Behavioral Health Center,Behavioral Health Service,Behavioral Health Service,Jefferson,New Orleans,"5630 Read Blvd, 2nd floor",5046205207.0,,sherridell.lewis@la.gov,,0,Substance Use Disorder,,,,Sherridell  Lewis,New Orleans East Behavioral Health Center,,
New Orleans Healthy Health LLC,Behavioral Health Service,Behavioral Health Service,Orleans,New Orleans,7060 Read Ln Suite 200,5042469860.0,,n.o.hhc@att.net,,0,Substance Use Disorder,,,,Tiffany  Perry,New Orleans Healthy Health LLC,,
New Outlook Behavioral Health Center-New Orleans,Behavioral Health Service,Behavioral Health Service,Orleans,New Orleans,"200 S.Broad Street, Suite 8",5042980045.0,,crose.nobhc@gmail.com,,0,Substance Use Disorder,,,,Chevelle  Rose,New Outlook Behavioral Health Center-New Orleans,,
Next Step Health Services,Behavioral Health Service,Behavioral Health Service,Jefferson,New Orleans,4528 Freret Street,5043092533.0,,nextstephealthservicesno@gmail.com,,0,Substance Use Disorder,,,,Keisha  Holmes,Next Step Health Services,,
Greenpath International Inc,Behavioral Health Service,Behavioral Health Service,Jefferson,New Orleans,411 South Broad Street,5048272928.0,,sairhia@cox.net,,0,Substance Use Disorder,,,,Sari  Airhia,Greenpath International Inc,,
Gwangis Counseling Research Training-New Orl,Behavioral Health Service,Behavioral Health Service,Orleans,New Orleans,2138-2140 St. Bernard Avenue,5049431857.0,,gwangi@gmail.com,,0,Substance Use Disorder,,,,Mequana  Richardson,Gwangis Counseling Research Training-New Orl,,
"Genesis Housing,Counseling &Outreach Services, INC",Behavioral Health Service,Behavioral Health Service,Orleans,New Orleans,"10001 Lake Forest Blvd, Ste 514",5047566363.0,,genesiscounseling2017@gmail.com,,0,Substance Use Disorder,,,,Karen  LeBeaux,"Genesis Housing,Counseling &Outreach Services, INC",,
"360 Mental Health, LLC",Behavioral Health Service,Behavioral Health Service,Iberia,New Iberia,"1614 East Main Street, Suite D",3372565917.0,,mentalhealth360@yahoo.com,,0,Substance Use Disorder,,,,Tiffany  Brown,"360 Mental Health, LLC",,
"A Plus Family and Community Services, LLC",Behavioral Health Service,Behavioral Health Service,Iberia,New Iberia,"902 Jefferson Terrace, Suite E",3372568704.0,,Kjames.soar@outlook.com,,0,Substance Use Disorder,,,,keithlynn  james,"A Plus Family and Community Services, LLC",,
AAHSD New Iberia Behavioral Health Clinic,Behavioral Health Service,Behavioral Health Service,Iberia,New Iberia,611 West Admiral Doyle Drive,3373730002.0,,ellen.deaton@la.gov,,0,Substance Use Disorder,,,,Ellen  Deaton,AAHSD New Iberia Behavioral Health Clinic,,
"Beyond Words, Inc-New Iberia",Behavioral Health Service,Behavioral Health Service,Iberia,New Iberia,177 Duperier Avenue,3373216691.0,,1beyondwords@gmail.com,,0,Substance Use Disorder,,,,Kizzy  Dixon,"Beyond Words, Inc-New Iberia",,
"Helping Hands Outreach,LLC",Behavioral Health Service,Behavioral Health Service,Iberia,New Iberia,411 Weeks St,3373219170.0,,office@hhollc.org,,0,Substance Use Disorder,,,,Karen  Gouch,"Helping Hands Outreach,LLC",,
Keys for Sober Living-New Iberia,Behavioral Health Service,Behavioral Health Service,Iberia,New Iberia,132 West St. Peter Street,3373649094.0,,jwils33@alumni.lsu.edu,,0,Substance Use Disorder,,,,Stacey  Ramke,Keys for Sober Living-New Iberia,,
New Approaches Mental Health Services,Behavioral Health Service,Behavioral Health Service,Iberia,New Iberia,"209 W Main Street, Suite 2",3373219204.0,,new.approaches@yahoo.com,,0,Substance Use Disorder,,,,Johonnah  Metzel,New Approaches Mental Health Services,,
"Future Winners, LLC",Behavioral Health Service,Behavioral Health Service,Orleans,New Orleans,"2714 Canal Street, Suite 405",5045264747.0,,rakeem@futurewinnersllc.com,,0,Substance Use Disorder,,,,Rakeem  Anthony,"Future Winners, LLC",,
Chartres-Ponchartrain Behavioral Health Center,Behavioral Health Service,Behavioral Health Service,Jefferson,New Orleans,719 Elysian Fields Ave,5045682178.0,,tremika.simon@la.gov,,0,Substance Use Disorder,,,,Maria  Alexander,Chartres-Ponchartrain Behavioral Health Center,,
Children''''''''s Bureau of New Orleans,Behavioral Health Service,Behavioral Health Service,Jefferson,New Orleans,"2626 Canal St., Ste 201",5045252366.0,,cbnoechildrensbureau@nola.org,,0,Substance Use Disorder,,,,Paulette  Carter,Children''''''''s Bureau of New Orleans,,
Choices Behavioral Health and Wellness,Behavioral Health Service,Behavioral Health Service,Jefferson,New Orleans,2331 Canal Street,5043043737.0,,mtucker@choicesbhw.com,,0,Substance Use Disorder,,,,Michael  Tucker,Choices Behavioral Health and Wellness,,
Ciara Independent Living,Behavioral Health Service,Behavioral Health Service,Orleans,New Orleans,1424 Dante Street,5043106933.0,,bwortham@ccano.org,,0,Substance Use Disorder,,,,Ben  Wortham,Ciara Independent Living,,
"Clarke Community Services, LLC",Behavioral Health Service,Behavioral Health Service,Orleans,New Orleans,3308 Tulane Avenue Suite 407,5048216830.0,,info.clarkecs@yahoo.com,,0,Substance Use Disorder,,,,DeShanna  Weaver,"Clarke Community Services, LLC",,
"Community Care Solutions, Inc",Behavioral Health Service,Behavioral Health Service,Jefferson,New Orleans,"200 South Broad Street, Suite 7",5043099991.0,,anbutler82@yahoo.com,,0,Substance Use Disorder,,,,Anice  Butler,"Community Care Solutions, Inc",,
"Community Therapeutic Services, LLC",Behavioral Health Service,Behavioral Health Service,Jefferson,New Orleans,1608 S Salcedo St,5048210053.0,,missjudie1@aol.com,,0,Substance Use Disorder,,,,Judith  Woods,"Community Therapeutic Services, LLC",,
Council on Alcohol & Drug Abuse Greater NOLA,Behavioral Health Service,Behavioral Health Service,Jefferson,New Orleans,"2640 Canal Street, 4th Floor",5048212232.0,,jbracey@cadagno.org,,0,Substance Use Disorder,,,,Joyce  Bracey,Council on Alcohol & Drug Abuse Greater NOLA,,
Counsel NOLA,Behavioral Health Service,Behavioral Health Service,Orleans,New Orleans,2115 Carondelet Street,5043715512.0,,josienne@counselnola.com,,0,Substance Use Disorder,,,,Josienne  Goodrow,Counsel NOLA,,
Crescent Care,Behavioral Health Service,Behavioral Health Service,Orleans,New Orleans,"2601 Tulane Avenue, Suite 500",5048212601.0,,noel.twilbeck@crescentcare.org,,0,Substance Use Disorder,,,,Noel  Twilbeck,Crescent Care,,
Crescent Community Outreach,Behavioral Health Service,Behavioral Health Service,Orleans,New Orleans,7240 Crowder Blvd Suite 400,5043233440.0,,cco.lrhenderson@gmail.com,,0,Substance Use Disorder,,,,Michell  Strickland,Crescent Community Outreach,,
"D Counseling & Family Therapy, LLC",Behavioral Health Service,Behavioral Health Service,Orleans,New Orleans,1836 Saint Bernard Avenue,5046032389.0,,dooleyscounseling@gmail.com,,0,Substance Use Disorder,,,,Steve  Dooley III,"D Counseling & Family Therapy, LLC",,
Destined for a Change,Behavioral Health Service,Behavioral Health Service,Orleans,New Orleans,2968 General Collins Avenue,5043945937.0,,dfacinc@gmail.com,,0,Substance Use Disorder,,,,Drew  Armstead,Destined for a Change,,
"Divine Intervention Rehabilitation, LLC",Behavioral Health Service,Behavioral Health Service,Jefferson,New Orleans,"3221 Behrman Place, Suite 201",5042632800.0,,sjosephdukes@dirnola.com,,0,Substance Use Disorder,,,,Shermona Joseph-Dukes,"Divine Intervention Rehabilitation, LLC",,
Doing Things Together Inc,Behavioral Health Service,Behavioral Health Service,Orleans,New Orleans,4480 General DeGaulle Dr. Ste 211,5043929717.0,,doingthingstogetherinc@yahoo.com,,0,Substance Use Disorder,,,,Anne-Marie  Brown,Doing Things Together Inc,,
"Dynamic Healthcare, Inc",Behavioral Health Service,Behavioral Health Service,Jefferson,New Orleans,"8080 Crowder Blvd, Suite D",5042441313.0,,dynamichealthcareinc@gmail.com,,0,Substance Use Disorder,,,,Monique  Jeanmarie,"Dynamic Healthcare, Inc",,
Eclectic Counseling Services,Behavioral Health Service,Behavioral Health Service,Jefferson,New Orleans,"6305 Elysian Fields Ave, Suite 404",5042817735.0,,rjones4@uno.edu,,0,Substance Use Disorder,,,,Racquel  Becknell,Eclectic Counseling Services,,
"Ekems Healthcare, Inc",Behavioral Health Service,Behavioral Health Service,Orleans,New Orleans,8470 Morrison Rd,5042481581.0,,ekemshealthcarei@bellsouth.net,,0,Substance Use Disorder,,,,Robin  Ekechukwu,"Ekems Healthcare, Inc",,
Empowerment Behavioral Services,Behavioral Health Service,Behavioral Health Service,Jefferson,New Orleans,209 N.Broad Sr.,5045771154.0,,changeconsulting1@gmail.com,,0,Substance Use Disorder,,,,Belinda  Talley-Tinner,Empowerment Behavioral Services,,
"Enhanced Destiny Services, Inc",Behavioral Health Service,Behavioral Health Service,Orleans,New Orleans,2740 Iberville Street,5048218184.0,,info@enhanceddestinyservices.org,,0,Substance Use Disorder,,,,Shelia M Dixon,"Enhanced Destiny Services, Inc",,
"Essential Care Services, LLC",Behavioral Health Service,Behavioral Health Service,Jefferson,New Orleans,3901 Ulloa Street,5042675712.0,,escinfo@essentialcareservices.com,,0,Substance Use Disorder,,,,Tyra  Gonzalez,"Essential Care Services, LLC",,
Family Care Inc,Behavioral Health Service,Behavioral Health Service,Orleans,New Orleans,3520 General DeGaulle Dr. Suite 4070,5043637449.0,,familycaregno@familycaregno.com,,0,Substance Use Disorder,,,,Robert  Salus,Family Care Inc,,
Family Preservation Services,Behavioral Health Service,Behavioral Health Service,Orleans,New Orleans,"3801 Canal Street, Suite 220",5044822735.0,,ashley.bock@pathways.com,,0,Substance Use Disorder,,,,Ashley  Bock,Family Preservation Services,,
Family Service of Greater New Orleans,Behavioral Health Service,Behavioral Health Service,Jefferson,New Orleans,"2515 Canal Street, Suite 201",5048220800.0,,family@fsgno.org,,0,Substance Use Disorder,,,,Debra  Morton,Family Service of Greater New Orleans,,
"Cherish Life Counseling Services, LLC",Behavioral Health Service,Behavioral Health Service,Jefferson,New Orleans,"4480 General DeGaulle Drive, Suite 103",5046178001.0,,shikalewis28@gmail.com,,0,Substance Use Disorder,,,,Renshika  Lewis,"Cherish Life Counseling Services, LLC",,
Central City Behavioral Health Center,Behavioral Health Service,Behavioral Health Service,Orleans,New Orleans,2221 Philip Street,5045683130.0,,Tremika.Simon@la.gov,,0,Substance Use Disorder,,,,Tremika  Simon,Central City Behavioral Health Center,,
"Center for Hope Children and Family Services, LLC",Behavioral Health Service,Behavioral Health Service,Jefferson,New Orleans,"5630 Crowder Blvd, Suite 208",5042416006.0,,centerforhoperehab@nocoxmail.com,,0,Substance Use Disorder,,,,Derrick Freeman,"Center for Hope Children and Family Services, LLC",,
Absolute Health Inc- New Orleans,Behavioral Health Service,Behavioral Health Service,Orleans,New Orleans,10555 Lake Forest Blvd Suite 5D,5042461073.0,,daintryconerly@bellsouth.net,,0,Substance Use Disorder,,,,Daintry  Conerly,Absolute Health Inc- New Orleans,,
"Acceptable Health Services, LLC",Behavioral Health Service,Behavioral Health Service,Orleans,New Orleans,5640 Read Blvd Suite 740,5042453440.0,,acceptablehealth@bellsouth.net,,0,Substance Use Disorder,,,,Elisabeth McKnight,"Acceptable Health Services, LLC",,
"Accountable Behavioral Services, LLC",Behavioral Health Service,Behavioral Health Service,Orleans,New Orleans,7240 Crowder Blvd. Suite 202,5046414577.0,,accbehser1@gmail.com,,0,Substance Use Disorder,,,,Katrina  Horton,"Accountable Behavioral Services, LLC",,
Algiers Behavioral Health Center,Behavioral Health Service,Behavioral Health Service,Jefferson,New Orleans,"3100 General De Gaulle Drive, Suite A & B",5045683130.0,,leticia.provost@la.gov,,0,Substance Use Disorder,,,,Wanda  Bush,Algiers Behavioral Health Center,,
Alpha Behavioral Health Services,Behavioral Health Service,Behavioral Health Service,Orleans,New Orleans,201 St. Charles Avenue Ste 2509,5047546950.0,,alphacare@yahoo.com,,0,Substance Use Disorder,,,,Latasha  Walker,Alpha Behavioral Health Services,,
Aspiring Behavioral Health Services,Behavioral Health Service,Behavioral Health Service,Jefferson,New Orleans,"10001 Lake Forest Blvd, Suite 302",5042071921.0,,tthibodaux@aspiringhealthsvcs.com,,0,Substance Use Disorder,,,,Toinette  Thibodaux,Aspiring Behavioral Health Services,,
Bayou Health Services,Behavioral Health Service,Behavioral Health Service,Jefferson,New Orleans,"1615 Poydras Street, Suite 900",5047587351.0,,bayouhealthservices@gmail.com,,0,Substance Use Disorder,,,,David  Gaines,Bayou Health Services,,
BHG NEW ORLEANS DOWNTOWN TREATMENT CENTER,Behavioral Health Service,Behavioral Health Service,Orleans,New Orleans,2235 Poydras Street Suite B,5045247205.0,,amanda.karistai@bhgrecovery.com,,0,Substance Use Disorder,,,,Amanada  Karistai,BHG NEW ORLEANS DOWNTOWN TREATMENT CENTER,,
Boys Town Louisiana Inc,Behavioral Health Service,Behavioral Health Service,Orleans,New Orleans,"300 N Broad Street, Suite 106",5042937900.0,,dennis.dillon@boystown.org,,0,Substance Use Disorder,,,,Dennis  Dillon,Boys Town Louisiana Inc,,
Bridge House Corporation,Behavioral Health Service,Behavioral Health Service,Jefferson,New Orleans,4150 Earhart Blvd,5045224478.0,,epedersen@bridgehouse.org,,0,Substance Use Disorder,,,,Else  Pedersen,Bridge House Corporation,,
"Bridges to Hope, LLC",Behavioral Health Service,Behavioral Health Service,Orleans,New Orleans,"200 South Broad Street, Suite 7A",5048217616.0,,jward@sigmahealthservices.com,,0,Substance Use Disorder,,,,Johanna  Mitchell,"Bridges to Hope, LLC",,
Behavioral Health Solutions of Louisiana,Behavioral Health Service,Behavioral Health Service,St. John The Baptist,Laplace,501 Rue De Sante Suite 4,9856527840.0,,behavioralhealthsolutions@yahoo.com,,0,Substance Use Disorder,,,,Shawane  Thomas,Behavioral Health Solutions of Louisiana,,
Delta Community Enhancement Program-Delta Recovery,Behavioral Health Service,Behavioral Health Service,East Carroll,Lake Providence,411 Sparrow Street,3185593356.0,,dceprogram@yahoo.com,,0,Substance Use Disorder,,,,Joseph  Jackson,Delta Community Enhancement Program-Delta Recovery,,
Changing Lives Counseling & Mentoring LLC,Behavioral Health Service,Behavioral Health Service,East Carroll,Lake Providence,202 Lake Street,3185525126.0,,clcmllc@yahoo.com,,0,Substance Use Disorder,,,,Jason  Richardson,Changing Lives Counseling & Mentoring LLC,,
A Peace of Mind II,Behavioral Health Service,Behavioral Health Service,St. Charles,Luling,12715 Highway 90 Ste 220,9857854451.0,,a.p.o.m@att.net,,0,Substance Use Disorder,,,,Tarasa  Anderson,A Peace of Mind II,,
Potter''''s House of CENLA,Behavioral Health Service,Behavioral Health Service,Rapides,Lecompte,"2204 St Charles Street, Room 101 and 102",3184063044.0,,pottershouse101@att.net,,0,Substance Use Disorder,,,,Myra  Parker,Potter''''s House of CENLA,,
Phoenix Family Life Center,Behavioral Health Service,Behavioral Health Service,Vernon,Leesville,282 Alexandria Highway,3374047731.0,,latondrafisher@bellsouth.net,,0,Substance Use Disorder,,,,Adiran  Fisher,Phoenix Family Life Center,,
Southwest Louisiana Rehab,Behavioral Health Service,Behavioral Health Service,Vernon,Leesville,"300 South First Street, Suite 301 and 302",3373532129.0,,southwestlouisianarehab@yahoo.com,,0,Substance Use Disorder,,,,Mark  Brown,Southwest Louisiana Rehab,,
Advanced Health Services,Behavioral Health Service,Behavioral Health Service,Calcasieu,Lake Charles,2829 4th Avenue,3374777091.0,,ifnadvancedhealthservices@gmail.com,,0,Substance Use Disorder,,,,Michael  Johnson,Advanced Health Services,,
All About You Behavioral Health,Behavioral Health Service,Behavioral Health Service,Calcasieu,Lake Charles,3109 Common Street Suite 100,3376026145.0,,allaboutyoubh@gmail.com,,0,Substance Use Disorder,,,,Satrica  Williams,All About You Behavioral Health,,
"Beyond Words, Inc",Behavioral Health Service,Behavioral Health Service,Calcasieu,Lake Charles,1409 Kirkman Street,3374193586.0,,kizzyhdixon@yahoo.com,,0,Substance Use Disorder,,,,Rachnee  Warren,"Beyond Words, Inc",,
BHG Lake Charles Treatment Center,Behavioral Health Service,Behavioral Health Service,Calcasieu,Lake Charles,"2829 4th Avenue, Suite 200",3374338281.0,,derek.walsh@bhgrecovery.com,,0,Substance Use Disorder,,,,Derek  Walsh,BHG Lake Charles Treatment Center,,
Cognitive Development Center of Lake Charles,Behavioral Health Service,Behavioral Health Service,Calcasieu,Lake Charles,1202 Kirkman Street Suite C,3379905305.0,,twallace@seasidehc.org,,0,Substance Use Disorder,,,,Tarkisha  Wallace,Cognitive Development Center of Lake Charles,,
Disney and Associates,Behavioral Health Service,Behavioral Health Service,Calcasieu,Lake Charles,2711 Ernest Street,3374317194.0,,kjelfert13@gmail.com,,0,Substance Use Disorder,,,,Randy  North,Disney and Associates,,
"Family & Youth Counseling Agency, Inc",Behavioral Health Service,Behavioral Health Service,Calcasieu,Lake Charles,220 Louie Street,3374369533.0,,julio@fyca.org,,0,Substance Use Disorder,,,,Julio  Galan,"Family & Youth Counseling Agency, Inc",,
"Helping Hands Counseling, Inc",Behavioral Health Service,Behavioral Health Service,Calcasieu,Lake Charles,"3519 Patrick Street, Ste 245",3374772407.0,,linmchh@yahoo.com,,0,Substance Use Disorder,,,,Lin  McDonald,"Helping Hands Counseling, Inc",,
"Kingdom Expressions, LLC",Behavioral Health Service,Behavioral Health Service,Calcasieu,Lake Charles,1639 Ryan Street,3376026391.0,,kingdomexpressions@yahoo.com,,0,Substance Use Disorder,,,,Shakera  McKenzie,"Kingdom Expressions, LLC",,
Lake Charles Behavioral Health Clinic,Behavioral Health Service,Behavioral Health Service,Calcasieu,Lake Charles,4105 Kirkman Street,3374578022.0,,tanya.mcgee@la.gov,,0,Substance Use Disorder,,,,Tanya  McGee,Lake Charles Behavioral Health Clinic,,
Lasting ImpressionTherapeutic Counseling Ctr LLC,Behavioral Health Service,Behavioral Health Service,Calcasieu,Lake Charles,2805 5th Avenue,3374295672.0,,natalia.butler@ymail.com,,0,Substance Use Disorder,,,,Natalia  Butler,Lasting ImpressionTherapeutic Counseling Ctr LLC,,
Merakey Pennsylvania-Lake Charles,Behavioral Health Service,Behavioral Health Service,Calcasieu,Lake Charles,2110 Oak Park Blvd,3374750324.0,,mdahlhauser@merakey.org,,0,Substance Use Disorder,,,,Mike  Dahlhauser,Merakey Pennsylvania-Lake Charles,,
"New Beginnings at Lake Charles, LLC",Behavioral Health Service,Behavioral Health Service,Calcasieu,Lake Charles,145 Victoria Dr.,3378559773.0,,admin@newbeginningslakecharles.com,,0,Substance Use Disorder,,,,Jennifer  Sonnier,"New Beginnings at Lake Charles, LLC",,
Premier Rehab,Behavioral Health Service,Behavioral Health Service,Calcasieu,Lake Charles,2706 Hodges Street,3374911740.0,,mbrown@premierrehabswla.com,,0,Substance Use Disorder,,,,Mark A Brown,Premier Rehab,,
Pathways Community Health-Lake Charles,Behavioral Health Service,Behavioral Health Service,Calcasieu,Lake Charles,4012 Avenue H,3374333786.0,,dbrocato@compasshn.org,,0,Substance Use Disorder,,,,Donni  Kuck,Pathways Community Health-Lake Charles,,
Rehabilitation Services of SW La - Lake Charles,Behavioral Health Service,Behavioral Health Service,Calcasieu,Lake Charles,"751 Bayou Pines East, Suite C",3374333292.0,,ceo@rsofla.com,,0,Substance Use Disorder,,,,Christopher  Mudd,Rehabilitation Services of SW La - Lake Charles,,
"Resolutions Counseling Services, LLC",Behavioral Health Service,Behavioral Health Service,Calcasieu,Lake Charles,3501 5th Avenue Suite A,3374295129.0,,resolutionscounselingservices@gmail.com,,0,Substance Use Disorder,,,,Pearl Nelson,"Resolutions Counseling Services, LLC",,
"Resource Management Services, Inc of SWLA",Behavioral Health Service,Behavioral Health Service,Calcasieu,Lake Charles,1333 Common Street,3374374014.0,,monica.blanchardrms@gmail.com,,0,Substance Use Disorder,,,,Monica  Blanchard,"Resource Management Services, Inc of SWLA",,
"Tender Kare Counseling Agency, LLC",Behavioral Health Service,Behavioral Health Service,Calcasieu,Lake Charles,2603 Common Street,3376026663.0,,tenderkare_counseling@yahoo.com,,0,Substance Use Disorder,,,,Kay  Caesar,"Tender Kare Counseling Agency, LLC",,
Townsend Treatment Center - Lake Charles,Behavioral Health Service,Behavioral Health Service,Calcasieu,Lake Charles,635-A Petro Point Drive,3374292031.0,,kguidry@contactaac.com,,0,Substance Use Disorder,,,,Rusty  Phillips,Townsend Treatment Center - Lake Charles,,
Volunteers of America Greater BR-Lake Charles,Behavioral Health Service,Behavioral Health Service,Calcasieu,Lake Charles,2119 Oak Park Blvd,3374970037.0,,mgary@voaswla.org,,0,Substance Use Disorder,,,,Marcella  Gary,Volunteers of America Greater BR-Lake Charles,,
Celebration Hope Center,Behavioral Health Service,Behavioral Health Service,Jefferson,Metairie,1901-B Airline Drive,5048334673.0,,paulmatthewsnola@gmail.com,,0,Substance Use Disorder,,,,Paul  Matthews,Celebration Hope Center,,
"CURA PERSONALIS SUPPORT SERVICES,LLC",Behavioral Health Service,Behavioral Health Service,Jefferson,Metairie,3005 Harvard Ave. Suite 101,5044556341.0,,AH.HARUNA@GMAIL.COM,,0,Substance Use Disorder,,,,Ahmed  Haruna,"CURA PERSONALIS SUPPORT SERVICES,LLC",,
Destined for Options - Metairie,Behavioral Health Service,Behavioral Health Service,Jefferson,Metairie,"3100 Ridgelake Drive, Suite 309",5043090259.0,,destinedforoptions@gmail.com,,0,Substance Use Disorder,,,,Bre' Jon  Briley,Destined for Options - Metairie,,
"DuraCare Counseling and Consulting Services, LLC",Behavioral Health Service,Behavioral Health Service,Jefferson,Metairie,"4323 Division Street, Suite 102",5043275753.0,,wendydurant@duracarecounseling.com,,0,Substance Use Disorder,,,,Marsha  Durant,"DuraCare Counseling and Consulting Services, LLC",,
Family Solutions of Louisiana - Metairie,Behavioral Health Service,Behavioral Health Service,Jefferson,Metairie,"2540 Severn Ave, Suite 100",5044543740.0,,familysolutionsla@gmail.com,,0,Substance Use Disorder,,,,Dawn  Smith,Family Solutions of Louisiana - Metairie,,
"Fidelity Behavioral Health Services, LLC",Behavioral Health Service,Behavioral Health Service,Jefferson,Metairie,"4300 South I-10 Service Road West, Suite 117",5048420007.0,,fidelitybhs@aol.com,,0,Substance Use Disorder,,,,Jim  Okeke,"Fidelity Behavioral Health Services, LLC",,
Grace Behavioral Health Center,Behavioral Health Service,Behavioral Health Service,Jefferson,Metairie,"4323 Division Street, Suite 110",5048038325.0,,gjohnson@gracebehavioral.com,,0,Substance Use Disorder,,,,Garnetta Johnson,Grace Behavioral Health Center,,
"Guiding Light Family Services, LLC",Behavioral Health Service,Behavioral Health Service,Jefferson,Metairie,7809 Airline Drive # 209,5045162162.0,,guidinglightfamilyservices@gmail.com,,0,Substance Use Disorder,,,,Kathleen  Maston,"Guiding Light Family Services, LLC",,
"Just Care Holistic Services, LLC",Behavioral Health Service,Behavioral Health Service,Jefferson,Metairie,"7809 Airline Drive, Suite 305A",5049942849.0,,justcareholisticservices@gmail.com,,0,Substance Use Disorder,,,,Linda  Scie,"Just Care Holistic Services, LLC",,
"Lei Behavioral Services, LLC",Behavioral Health Service,Behavioral Health Service,Jefferson,Metairie,"4300 S I-10 Service Road, Suite 215",5043019990.0,,leibehavioral@yahoo.com,,0,Substance Use Disorder,,,,Valeska  Tillman,"Lei Behavioral Services, LLC",,
Longbranch Wellness Center,Behavioral Health Service,Behavioral Health Service,Jefferson,Metairie,"701 Metairie Road, Suite 2A-301",5043015359.0,,kristeneguidry@outlook.com,,0,Substance Use Disorder,,,,Chrissy  Hardy,Longbranch Wellness Center,,
New Age Social Services,Behavioral Health Service,Behavioral Health Service,Jefferson,Metairie,"7813 Airline Highway, Suite B",5045715223.0,,newagesocialservices@gmail.com,,0,Substance Use Disorder,,,,Keisha  Woods,New Age Social Services,,
NOLA Pride - WFH,Behavioral Health Service,Behavioral Health Service,Jefferson,Metairie,700 Phosphor Avenue Suite C,5042874160.0,,nolapride.wfh@gmail.com,,0,Substance Use Disorder,,,,Ne-Juan  Bakewell,NOLA Pride - WFH,,
Palmetto Addiction Recovery Center-Metairie,Behavioral Health Service,Behavioral Health Service,Jefferson,Metairie,"2955 Ridgelake Drive, Suite 105",5049135183.0,,hrogers@palmettocenter.com,,0,Substance Use Disorder,,,,Hollye  Rogers,Palmetto Addiction Recovery Center-Metairie,,
"Serenity Outreach Center, LLC",Behavioral Health Service,Behavioral Health Service,Jefferson,Metairie,7809 Airline Hwy. Ste 211-D,5047311607.0,,serenityoutreachcenter@yahoo.com,,0,Substance Use Disorder,,,,Daina  Allen,"Serenity Outreach Center, LLC",,
"Comcare Support Center, LLC",Behavioral Health Service,Behavioral Health Service,Jefferson,Metairie,3828 Veterans Memorial Blvd. Ste 205,5043227328.0,,remi@comcarellc.com,,0,Substance Use Disorder,,,,Remi  Olopade,"Comcare Support Center, LLC",,
"Blue Bird Social Services, LLC",Behavioral Health Service,Behavioral Health Service,Jefferson,Metairie,2601 N Hullen St Ste 134,5048858022.0,,bluebirdsocialservices@gmail.com,,0,Substance Use Disorder,,,,Scheraine  Beau,"Blue Bird Social Services, LLC",,
"Addiction Recovery Resources, LLC",Behavioral Health Service,Behavioral Health Service,Jefferson,Metairie,4933 Wabash Street,5047802766.0,,shannon.cobb@arrno.com,,0,Substance Use Disorder,,,,Roy  Viger,"Addiction Recovery Resources, LLC",,
"A Better Way Healthcare Services, LLC",Behavioral Health Service,Behavioral Health Service,Jefferson,Metairie,"3340 Severn Avenue, Suite 220",5042814913.0,,keonda21@aol.com,,0,Substance Use Disorder,,,,Keonda  Weathersby,"A Better Way Healthcare Services, LLC",,
"AAlpha Resources, LLC",Behavioral Health Service,Behavioral Health Service,Jefferson,Metairie,3925 I-10 Service Road West Ste 223,5045926920.0,,slbaham13@yahoo.com,,0,Substance Use Disorder,,,,Theresa  Fisher,"AAlpha Resources, LLC",,
"Addiction Counseling & Educational Resources, LLC",Behavioral Health Service,Behavioral Health Service,Jefferson,Metairie,"2321 N. Hullen Street, Suite B",5049417580.0,,wendi@acercanhelp.com,,0,Substance Use Disorder,,,,Morris  Hawkins,"Addiction Counseling & Educational Resources, LLC",,
Alcohol and Drug Unit,Behavioral Health Service,Behavioral Health Service,St. Tammany,Mandeville,23861 S Robin Road,9856244121.0,,jennifer.kiefer@fphsa.org,,0,Substance Use Disorder,,,,Nadine  Faciane,Alcohol and Drug Unit,,
Fontainebleau Treatment Center,Behavioral Health Service,Behavioral Health Service,St. Tammany,Mandeville,23515 Hwy 190,9856244100.0,,rupert.araiza@la.gov,,0,Substance Use Disorder,,,,Nadine  Faciane,Fontainebleau Treatment Center,,
Mandeville Behavioral Health Clinic,Behavioral Health Service,Behavioral Health Service,St. Tammany,Mandeville,900 Wilkinson Street,9856244450.0,,kimberly.wienek@fphsa.org,,0,Substance Use Disorder,,,,Linda  Hartdegen,Mandeville Behavioral Health Clinic,,
Trinity Counseling Center,Behavioral Health Service,Behavioral Health Service,St. Tammany,Mandeville,820 Asbury Drive,9856745155.0,,trinityrehab@bellsouth.net,,0,Substance Use Disorder,,,,Michelle  Crowley,Trinity Counseling Center,,
Methodist Home for Children of Greater New Orleans,Psychiatric Residential Treatment Facilities,Psychiatric Residential Treatment Facilities,St. Tammany,Mandeville,23515 Hwy 190,9856266649.0,,Marlin.Giacona@LMCH.org,,0,Substance Use Disorder,,,,Marlin  Giacona,Methodist Home for Children of Greater New Orleans,,
"Outreach Family Services, LLC",Behavioral Health Service,Behavioral Health Service,Desoto,Mansfield,419 Washington Avenue,3188720262.0,,outreachfamilyservices@yahoo.com,,0,Substance Use Disorder,,,,Sheraton  Fuller,"Outreach Family Services, LLC",,
"Optimal Behavioral Support Services, LLC",Behavioral Health Service,Behavioral Health Service,Jefferson,Marrero,"4700 Wichers Drive, Suite 206",5046455506.0,,obss@optimalbss.com,,0,Substance Use Disorder,,,,Ndidi  Adeyanju,"Optimal Behavioral Support Services, LLC",,
"My Sister''''s Voice Healthcare, LLC",Behavioral Health Service,Behavioral Health Service,Jefferson,Marrero,4700 Wichers Drive Suite 105,5043837448.0,,mysistersvoicellc@gmail.com,,0,Substance Use Disorder,,,,Wanda  Thompson,"My Sister''''s Voice Healthcare, LLC",,
"Compass Behavioral Health Services, LLC",Behavioral Health Service,Behavioral Health Service,Jefferson,Marrero,"7606 Westbank Expressway, Suite B",5042366948.0,,compassbhs1@gmail.com,,0,Substance Use Disorder,,,,Andre  Robichaux,"Compass Behavioral Health Services, LLC",,
LAARK,Behavioral Health Service,Behavioral Health Service,Union,Marion,100 McVicker Street,3183340034.0,,wbgreeson@rayvillerecovery.com,,0,Substance Use Disorder,,,,W Bland  Greeson,LAARK,,
New Orleans Center for Hope and Change,Behavioral Health Service,Behavioral Health Service,Avoyelles,Marksville,313 North Monroe Street,3182537888.0,,achnola@aol.com,,0,Substance Use Disorder,,,,Trista  Griffin,New Orleans Center for Hope and Change,,
Restore Outreach Center - Marksville,Behavioral Health Service,Behavioral Health Service,Avoyelles,Marksville,108 East Mark Street,3185975097.0,,restoreoutreachcenter@gmail.com,,0,Substance Use Disorder,,,,Martin  Knightshead,Restore Outreach Center - Marksville,,
"Washington Street Hope Center, Inc.",Behavioral Health Service,Behavioral Health Service,Avoyelles,Marksville,103 South Main Street,3182538405.0,,hopecenter@mymedia3.com,,0,Substance Use Disorder,,,,Jim  Hamilton,"Washington Street Hope Center, Inc.",,
Acidom Medical Services,Behavioral Health Service,Behavioral Health Service,Jefferson,Marrero,"931 Westwood Drive, Suite E",5043408880.0,,unewelldavis@acidomgroup.com,,0,Substance Use Disorder,,,,Ursula  Newell-Davis,Acidom Medical Services,,
Caring Hearts Professional Health Services,Behavioral Health Service,Behavioral Health Service,St. Tammany,Slidell,"1349 Corporate Square Drive, Suite 2",9854451488.0,,caringheartsprofessional@aol.com,,0,Substance Use Disorder,,,,Mariza  Duplessis,Caring Hearts Professional Health Services,,
Center for Hope Children and Family Services,Behavioral Health Service,Behavioral Health Service,St. Tammany,Slidell,"106 Smart Place, Suite B",5042416006.0,,centerforhoperehab@nocoxmail.com,,0,Substance Use Disorder,,,,Dr Derrick  Freeman,Center for Hope Children and Family Services,,
Five Hearts Healthcare,Behavioral Health Service,Behavioral Health Service,St. Tammany,Slidell,132 W Howze Beach Rd,9854451800.0,,info@fiveheartshealthcare.com,,0,Substance Use Disorder,,,,Danielle  Green,Five Hearts Healthcare,,
Slidell Behavioral Health Clinic,Behavioral Health Service,Behavioral Health Service,St. Tammany,Slidell,2331 Carey Street,9856466406.0,,admin@fphsa.org,,0,Substance Use Disorder,,,,Matthew  Johnson,Slidell Behavioral Health Clinic,,
Start Corporation-St. Tammany,Behavioral Health Service,Behavioral Health Service,St. Tammany,Slidell,200 Mary Street,9857816080.0,,casey@startcorp.org,,0,Substance Use Disorder,,,,Casey  Guidry,Start Corporation-St. Tammany,,
Biltmore Health Services Inc-Slidell,Behavioral Health Service,Behavioral Health Service,St. Tammany,Slidell,350 Gateway Drive,3372329457.0,,sheridant80@hotmail.com,,0,Substance Use Disorder,,,,Omar  Ellison,Biltmore Health Services Inc-Slidell,,
"ACER, LLC",Behavioral Health Service,Behavioral Health Service,St. Tammany,Slidell,115 Christian Lane,9856906622.0,,wendi@acercanhelp.com,,0,Substance Use Disorder,,,,Morris  Hawkins,"ACER, LLC",,
Abundant Health Inc-Slidell,Behavioral Health Service,Behavioral Health Service,St. Tammany,Slidell,"2053 Gause Blvd East, Suite 150",9856491001.0,,abundanthealthinc@yahoo.com,,0,Substance Use Disorder,,,,Patrice  Allen,Abundant Health Inc-Slidell,,
Methodist Children's Home Of Southwest Louisiana,Psychiatric Residential Treatment Facilities,Psychiatric Residential Treatment Facilities,Calcasieu,Sulphur,3029 North Beglis Parkway,3375275056.0,,steven.franks@LUMCFS.org,,0,Substance Use Disorder,,,,Steven  Franks,Methodist Children's Home Of Southwest Louisiana,,
Acadiana Addiction Center,Behavioral Health Service,Behavioral Health Service,St. Landry,Sunset,156 Choctaw Road,3372331111.0,,eric.odom@acadiahealthcare.com,,0,Substance Use Disorder,,,,Eric  Odom,Acadiana Addiction Center,,
"Yes I can, Exceeding Life''''s Challenges, Inc.",Behavioral Health Service,Behavioral Health Service,St. Landry,Sunset,311 MacArther Drive,3376633737.0,,yic2001@yahoo.com,,0,Substance Use Disorder,,,,Dwight  Savoie,"Yes I can, Exceeding Life''''s Challenges, Inc.",,
"Cognitive Development Center, Inc.",Behavioral Health Service,Behavioral Health Service,Madison,Tallulah,1705 Felicia Avenue,3185741232.0,,leonj@cdcbhs.com,,0,Substance Use Disorder,,,,Adrian  Fisher,"Cognitive Development Center, Inc.",,
"Preventive Measures Programs, Inc.",Behavioral Health Service,Behavioral Health Service,Madison,Tallulah,805 North Beech Street,3185740098.0,,cybholmes@yahoo.com,,0,Substance Use Disorder,,,,Carla  Holmes,"Preventive Measures Programs, Inc.",,
Tallulah Behavioral Health Clinic,Behavioral Health Service,Behavioral Health Service,Madison,Tallulah,1012 Johnston Street,3185741713.0,,keith.wilkerson@la.gov,,0,Substance Use Disorder,,,,Kay  Ashley,Tallulah Behavioral Health Clinic,,
"Willpower Behavioral Health Services, LLC",Behavioral Health Service,Behavioral Health Service,Madison,Tallulah,124 Kimbrough BLVD BLDG Q,3185744400.0,,willpowerbhs@gmail.com,,0,Substance Use Disorder,,,,Melissa  Williams,"Willpower Behavioral Health Services, LLC",,
"Premier Choice Counseling Service, LLC",Behavioral Health Service,Behavioral Health Service,Livingston,Springfield,31330 Hwy 22 Suite 101,2252947227.0,,pchoices@gmail.com,,0,Substance Use Disorder,,,,Roshanda  Foster,"Premier Choice Counseling Service, LLC",,
"Northeast Counseling, LLC",Behavioral Health Service,Behavioral Health Service,Ouachita,Sterlington,506 Hwy 2,3185985040.0,,khammer.northeast@outlook.com,,0,Substance Use Disorder,,,,Terrance  Key,"Northeast Counseling, LLC",,
Iberville Rehabilitation Services,Behavioral Health Service,Behavioral Health Service,Iberville,White Castle,33570 Bowie Street,2255450130.0,,iberville5@gmail.com,,0,Substance Use Disorder,,,,Irene Dennis,Iberville Rehabilitation Services,,
New Day Recovery,Behavioral Health Service,Behavioral Health Service,Ouachita,West Monroe,1416 Natchitoches Street,3188558773.0,,doug@new-dayrecovery.com,,0,Substance Use Disorder,,,,Doug  Pollock,New Day Recovery,,
Whispering Oaks Lodge - Youngsville,Behavioral Health Service,Behavioral Health Service,Lafayette,Youngsville,617 Piat Road,3183668596.0,,dabshire@gmail.com,,0,Substance Use Disorder,,,,Dwayne  Abshire,Whispering Oaks Lodge - Youngsville,,
Cope Behavioral Health-Zachary,Behavioral Health Service,Behavioral Health Service,East Baton Rouge,Zachary,"4242 Highway 19, Suite 3B",2257575699.0,,copebehavioralhealth@gmail.com,,0,Substance Use Disorder,,,,Ahmad  Evans,Cope Behavioral Health-Zachary,,
Fresh Start,Behavioral Health Service,Behavioral Health Service,Franklin,Winnsboro,7060 Prairie Road,3184357061.0,,fsadministrator@bellsouth.net,,0,Substance Use Disorder,,,,Clay  Russell,Fresh Start,,
"Northeast Louisiana Substance Abuse, Inc.",Behavioral Health Service,Behavioral Health Service,Franklin,Winnsboro,6564 Main Street,3184357558.0,,nelsa@inetsouth.com,,0,Substance Use Disorder,,,,Connie  Day,"Northeast Louisiana Substance Abuse, Inc.",,
Rehabilitation Services of Louisiana - Winnsboro,Behavioral Health Service,Behavioral Health Service,Franklin,Winnsboro,2401 West Street,3184354651.0,,ceo@rsofla.com,,0,Substance Use Disorder,,,,Christopher  Mudd,Rehabilitation Services of Louisiana - Winnsboro,,
"Bayou Oaks Health Services, LLC",Behavioral Health Service,Behavioral Health Service,Lafourche,Thibodaux,142 Laura Drive Suite D,9854464114.0,,bayouoakshealthservices@yahoo.com,,0,Substance Use Disorder,,,,Bryan  Blanchard,"Bayou Oaks Health Services, LLC",,
"Magnolia Family Services, LLC",Behavioral Health Service,Behavioral Health Service,Lafourche,Thibodaux,1418 Tiger Drive,9854494055.0,,magnoliafamilyservices@gmail.com,,0,Substance Use Disorder,,,,Donnie  Oliver,"Magnolia Family Services, LLC",,
Merakey Pennsylvania-Thibodaux,Behavioral Health Service,Behavioral Health Service,Lafourche,Thibodaux,303 Hickory Street,9854462936.0,,mdahlhauser@merakey.org,,0,Substance Use Disorder,,,,Tara  Payne,Merakey Pennsylvania-Thibodaux,,
New Way of Southwest Louisiana,Psychiatric Residential Treatment Facilities,Psychiatric Residential Treatment Facilities,Evangeline,Ville Platte,2683 Vidrine Road,3373633703.0,,teribrown06@gmail.com,,0,Substance Use Disorder,,,,Teri  Brown,New Way of Southwest Louisiana,,
Wright Way II Behavior Health Center,Behavioral Health Service,Behavioral Health Service,Caddo,Vivian,1028 South Pine Street Suite C,318375278.0,,wrightwaytwo@gmail.com,,0,Substance Use Disorder,,,,Serita  Wright,Wright Way II Behavior Health Center,,
All About U Behavioral Health Services,Behavioral Health Service,Behavioral Health Service,Concordia,Vidalia,1810 Carter St,3183364797.0,,all_aboutyou55@yahoo.com,,0,Substance Use Disorder,,,,Tabanika l chatman,All About U Behavioral Health Services,,
Bruce Professional Counseling Services-Vidalia,Behavioral Health Service,Behavioral Health Service,Concordia,Vidalia,1644 B Carter Street,3184143065.0,,tina-bruce@att.net,,0,Substance Use Disorder,,,,Tina  Bruce,Bruce Professional Counseling Services-Vidalia,,
Phoenix Family Life Center-Vidalia,Behavioral Health Service,Behavioral Health Service,Concordia,Vidalia,4012 Carter Street,3183368383.0,,cthompson@seasidehc.com,,0,Substance Use Disorder,,,,Timeka  Wright,Phoenix Family Life Center-Vidalia,,
Positive Choices Counseling Services Inc,Behavioral Health Service,Behavioral Health Service,Concordia,Vidalia,1109 Carter Street Suite 10,3183364700.0,,positivechoicesinc@yahoo.com,,0,Substance Use Disorder,,,,Edward  Brown,Positive Choices Counseling Services Inc,,
Glove Incorporated,Behavioral Health Service,Behavioral Health Service,Evangeline,Ville Platte,"802 North Dupre Street, Apt 34",3373634758.0,,someblackback@yahoo.com,,0,Substance Use Disorder,,,,Eddie  Goudy,Glove Incorporated,,
Ville Platte Behavioral Health,Behavioral Health Service,Behavioral Health Service,Evangeline,Ville Platte,312 S. Court St.,3373635525.0,,nancy.bourque@la.gov,,0,Substance Use Disorder,,,,Nancy  Bourque,Ville Platte Behavioral Health,,
Cenla Halfway House-Phase II Women''''s Services,Behavioral Health Service,Behavioral Health Service,Rapides,Pineville,Unit 36 CLSH-401 Rainbow Road,3184846592.0,,dkuck@compasshn.org,,0,Substance Use Disorder,,,,Donni  Kuck,Cenla Halfway House-Phase II Women''''s Services,,
Pathways Adolescent Outpatient,Behavioral Health Service,Behavioral Health Service,Rapides,Pineville,Unit 24 Lincoln Road,3184846778.0,,teresa.porter@compasshn.org,,0,Substance Use Disorder,,,,Donni  Kuck,Pathways Adolescent Outpatient,,
Pathways Community Health-Red River Treatment Center,Behavioral Health Service,Behavioral Health Service,Rapides,Pineville,"Unit 6, CLSH Meadow Lane",3184415900.0,,cbadeaux-mcdaniel@compasshn.org,,0,Substance Use Disorder,,,,CAYCE  BADEAUX-MCDANIEL,Pathways Community Health-Red River Treatment Center,,
"Truthful Rehabilitation Center, LLC",Behavioral Health Service,Behavioral Health Service,St. Landry,Opelousas,805 South Union Street,3376784004.0,,truthful.rehab@gmail.com,,0,Substance Use Disorder,,,,Crystal  Freeman,"Truthful Rehabilitation Center, LLC",,
"Hope Behavioral Health, LLC",Behavioral Health Service,Behavioral Health Service,West Baton Rouge,Port Allen,415 Court Street,2252459070.0,,thejstgroup@gmail.com,,0,Substance Use Disorder,,,,Antoinette  Williams,"Hope Behavioral Health, LLC",,
"Daily Solutions, LLC",Behavioral Health Service,Behavioral Health Service,Iberville,Plaquemine,58026 Fort Street,2252385226.0,,dailysolutionsllc@outlook.com,,0,Substance Use Disorder,,,,Keyla  Parker,"Daily Solutions, LLC",,
Iberville Parish Substance Abuse Clinic,Behavioral Health Service,Behavioral Health Service,Iberville,Plaquemine,"24705 Plaza Drive, Suite B",2256875889.0,,copingskillsfables@gmail.com,,0,Substance Use Disorder,,,,G. Bert  Allain,Iberville Parish Substance Abuse Clinic,,
"The Village Life Center, LLC",Behavioral Health Service,Behavioral Health Service,Iberville,Plaquemine,"58155 Chinn Street, Suite B",2253854543.0,,abrown@villagelifecenter.com,,0,Substance Use Disorder,,,,Ayanna  Carr-Brown,"The Village Life Center, LLC",,
St. Landry Parish Drug Court,Behavioral Health Service,Behavioral Health Service,St. Landry,Opelousas,105 South Court Street,3374072662.0,,norman@slpdc.org,,0,Substance Use Disorder,,,,Norman  Rene',St. Landry Parish Drug Court,,
Opelousas Behavioral Health Clinic,Behavioral Health Service,Behavioral Health Service,St. Landry,Opelousas,220 South Market Street,3379480226.0,,nancy.bourque@la.gov,,0,Substance Use Disorder,,,,Nancy  Bourque,Opelousas Behavioral Health Clinic,,
New Visions Behavioral Health Center-Opelousas,Behavioral Health Service,Behavioral Health Service,St. Landry,Opelousas,414 S Main Street,337407545.0,,newvisionsbh@gmail.com,,0,Substance Use Disorder,,,,Sonja L Ben,New Visions Behavioral Health Center-Opelousas,,
New Outlook Behavioral Health Center-Opelousas,Behavioral Health Service,Behavioral Health Service,St. Landry,Opelousas,614 South Main St,3373810630.0,,crose.nobhc@gmail.com,,0,Substance Use Disorder,,,,Chevelle  Rose,New Outlook Behavioral Health Center-Opelousas,,
"Care For You Social Services, LLC",Behavioral Health Service,Behavioral Health Service,St. Landry,Opelousas,"1210 South Union Street, Suites 2 & 3",3379429292.0,,marlo.careforyou@gmail.com,,0,Substance Use Disorder,,,,Marlo  Dupre,"Care For You Social Services, LLC",,
Healthy Family Counseling Srvcs,Behavioral Health Service,Behavioral Health Service,St. Landry,Opelousas,115 S. Main Street Suite A,3374075060.0,,jovandarbonne12@gmail.com,,0,Substance Use Disorder,,,,Julia  Darbonne,Healthy Family Counseling Srvcs,,
"Healthy You Social Services, LLC",Behavioral Health Service,Behavioral Health Service,St. Landry,Opelousas,209 N. Main Street,3379426400.0,,la_mha@ymail.com,,0,Substance Use Disorder,,,,Tibberly G Richard,"Healthy You Social Services, LLC",,
"Madison Health Center, LLC",Behavioral Health Service,Behavioral Health Service,St. Landry,Opelousas,8202 Highway 182,3379480018.0,,madisonhealthcenter@gmail.com,,0,Substance Use Disorder,,,,Naomi  Henry,"Madison Health Center, LLC",,
"New Beginnings Addiction Recovery Center, LLC",Behavioral Health Service,Behavioral Health Service,St. Landry,Opelousas,1649 Linwood Loop,3379421171.0,,cglenn@newbeginningsarc.com,,0,Substance Use Disorder,,,,Chase  Glenn,"New Beginnings Addiction Recovery Center, LLC",,
Pointe Coupee Human Services Center,Behavioral Health Service,Behavioral Health Service,Pointe Coupee,New Roads,282 A Hospital Road,2256387663.0,,donna@pchsc.org,,0,Substance Use Disorder,,,,Chad E Olinde,Pointe Coupee Human Services Center,,
"Allen Outreach, Inc",Behavioral Health Service,Behavioral Health Service,Allen,Oakdale,113 North 13th Street,3183353578.0,,katelyn@allenoutreach.org,,0,Substance Use Disorder,,,,Katelyn  Hebert,"Allen Outreach, Inc",,
Exodus Behavioral Health Center,Behavioral Health Service,Behavioral Health Service,Tensas,Newellton,118 Hwy 605 (S. Main Street),3184672399.0,,exodusbhc@yahoo.com,,0,Substance Use Disorder,,,,Terry l Wells,Exodus Behavioral Health Center,,
"Healing Life Health Center, LLC",Behavioral Health Service,Behavioral Health Service,West Carroll,Oak Grove,2404 Ferrand Street Suite 24,3184902060.0,,healinglifecenter2015@yahoo.com,,0,Substance Use Disorder,,,,"Henry  Harris, III","Healing Life Health Center, LLC",,
HCO Behavioral Health Services - Gonzales,Behavioral Health Service,Behavioral Health Service,Ascension,Prairieville,"17487 Old Jefferson Highway, Suite C",2252617143.0,,onyacarter@hcobhs.com,,0,Substance Use Disorder,,,,Onya  Carter,HCO Behavioral Health Services - Gonzales,,
Addiction Recovery Clinic,Behavioral Health Service,Behavioral Health Service,Caddo,Shreveport,2000 Fairfield Avenue,3182228511.0,,bill.rose@cadanwla.org,,0,Substance Use Disorder,,,,William E Rose,Addiction Recovery Clinic,,
"Allcare of Louisiana, Inc",Behavioral Health Service,Behavioral Health Service,Caddo,Shreveport,"4615 Monkhouse Drive, Ste 116",3186707461.0,,allcareincorporated@gmail.com,,0,Substance Use Disorder,,,,Chanara  Pouncy,"Allcare of Louisiana, Inc",,
An Endless Care Service,Behavioral Health Service,Behavioral Health Service,Caddo,Shreveport,"4111 Metro Drive, Suite B",3186360391.0,,endlesscare17@gmail.com,,0,Substance Use Disorder,,,,Lee  McDaniels,An Endless Care Service,,
Ark La Tex Counseling and Rehab,Behavioral Health Service,Behavioral Health Service,Caddo,Shreveport,"7505 Pines Road, Suite 1104",3186708313.0,,arklatexcrehab@gmail.com,,0,Substance Use Disorder,,,,Kendera  Monette,Ark La Tex Counseling and Rehab,,
"Assured Behavioral Concepts, LLC",Behavioral Health Service,Behavioral Health Service,Caddo,Shreveport,8921 Mansfiedl Road,3186267143.0,,assuredbehavioral@gmail.com,,0,Substance Use Disorder,,,,DeNicholas  Chambers,"Assured Behavioral Concepts, LLC",,
"Autumn Creek Health Solutions, Inc.",Behavioral Health Service,Behavioral Health Service,Caddo,Shreveport,"2924 Knight Street, Suite 426",3187543560.0,,sharon_bartley@live.com,,0,Substance Use Disorder,,,,SHARON  TERRELL,"Autumn Creek Health Solutions, Inc.",,
Behavioral Management & Addictive Disorders-Shreveport,Behavioral Health Service,Behavioral Health Service,Caddo,Shreveport,"7330 Fern Avenue, Suite 502",3186818100.0,,ajbaxter@bayou.com,,0,Substance Use Disorder,,,,Carlie  Taylor,Behavioral Management & Addictive Disorders-Shreveport,,
Biltmore Health Services-Shreveport,Behavioral Health Service,Behavioral Health Service,Caddo,Shreveport,6811 Fairfield Ave,3186703975.0,,oellis01@hotmail.com,,0,Substance Use Disorder,,,,Waylon  Hinson,Biltmore Health Services-Shreveport,,
"Bridges To Recovery, LLC",Behavioral Health Service,Behavioral Health Service,Caddo,Shreveport,"7607 Fern Avenue, Suites 902 & 903",3185249954.0,,tjones@bridges2recovery.net,,0,Substance Use Disorder,,,,Tiranisha t Jones,"Bridges To Recovery, LLC",,
"Brighter Future Counseling Services, LLC",Behavioral Health Service,Behavioral Health Service,Caddo,Shreveport,"4601 N Market Street, Suite 2",3184248735.0,,brighterfuturecs@yahoo.com,,0,Substance Use Disorder,,,,Yomeka  Evans,"Brighter Future Counseling Services, LLC",,
CADA Adolescent Treatment Center,Behavioral Health Service,Behavioral Health Service,Caddo,Shreveport,525 Crockett Street,3182262890.0,,bill.rose@cadanwla.org,,0,Substance Use Disorder,,,,William E Rose,CADA Adolescent Treatment Center,,
CADA Adult Treatment Center,Behavioral Health Service,Behavioral Health Service,Caddo,Shreveport,527 Crockett Street,3182228511.0,,bill.rose@cadanwla.org,,0,Substance Use Disorder,,,,Bill  Rose,CADA Adult Treatment Center,,
"CBS ACT Center, LLC",Behavioral Health Service,Behavioral Health Service,Caddo,Shreveport,1440 Hawn Ave,3182265990.0,,pamelaphillips@ymail.com,,0,Substance Use Disorder,,,,Patti  Williams,"CBS ACT Center, LLC",,
Center of Recovery-CORE,Behavioral Health Service,Behavioral Health Service,Caddo,Shreveport,365 Stoner Avenue,3182424357.0,,heatherkleckinger@centerofrecovery.org,,0,Substance Use Disorder,,,,Heather  Kleckinger-Craven,Center of Recovery-CORE,,
Changing Behavior Services - Shreveport,Behavioral Health Service,Behavioral Health Service,Caddo,Shreveport,"1434 Hawn Ave, Suite 12",3186750224.0,,pamelaphillips@ymail.com,,0,Substance Use Disorder,,,,Angela  Stills-Brown,Changing Behavior Services - Shreveport,,
"Circle of Friends Counseling Services, LLC",Behavioral Health Service,Behavioral Health Service,Caddo,Shreveport,700 Pierre Avenue Suite A,3185329214.0,,circleoffriendscounseling@gmail.com,,0,Substance Use Disorder,,,,Darnell  Linnear,"Circle of Friends Counseling Services, LLC",,
"Cognitive Institute, Inc",Behavioral Health Service,Behavioral Health Service,Caddo,Shreveport,1111A Hawn Avenue,3186210910.0,,coginst@att.net,,0,Substance Use Disorder,,,,Marlena  Williams,"Cognitive Institute, Inc",,
Community Enrichment Programs LLC,Behavioral Health Service,Behavioral Health Service,Caddo,Shreveport,842 Margaret Place,3186750406.0,,tammywright6267@aol.com,,0,Substance Use Disorder,,,,Tammy  Plater,Community Enrichment Programs LLC,,
Community Health Care Solutions,Behavioral Health Service,Behavioral Health Service,Caddo,Shreveport,"2800 Youree Drive, Suite 482",3188691849.0,,communityhealthcaresolutions@yahoo.com,,0,Substance Use Disorder,,,,Yolanda  Burnom,Community Health Care Solutions,,
"Community Health, LLC",Behavioral Health Service,Behavioral Health Service,Caddo,Shreveport,"2920 Knight Street, Ste 110",3184591600.0,,deltaacd@bellsouth.net,,0,Substance Use Disorder,,,,Doris  Mitchell,"Community Health, LLC",,
Contemporary Family Services Inc. -Shreveport,Behavioral Health Service,Behavioral Health Service,Caddo,Shreveport,200 N. Thomas Dr. Suite 1,3184248345.0,,rtolbert@contemporaryservices.net,,0,Substance Use Disorder,,,,Robert  Tolbert,Contemporary Family Services Inc. -Shreveport,,
"Creative Counseling, LLC",Behavioral Health Service,Behavioral Health Service,Caddo,Shreveport,9245 Wallace Lake Rd. Suite A,3182212828.0,,creativecounselingllc@gmail.com,,0,Substance Use Disorder,,,,DeMarcus  Williams,"Creative Counseling, LLC",,
"Destiny Counseling Agency, LLC",Behavioral Health Service,Behavioral Health Service,Caddo,Shreveport,2924 Knight St. Suite 436,3186064247.0,,destinycounseling@msn.com,,0,Substance Use Disorder,,,,Cynthia c Zeigler,"Destiny Counseling Agency, LLC",,
"Agape Love Counseling Service, LLC",Behavioral Health Service,Behavioral Health Service,Bossier,Shreveport,1513 Line Avenue Suite 240,3186557084.0,,agapelovecounselingservice@gmail.com,,0,Substance Use Disorder,,,,Natshia F Dennis,"Agape Love Counseling Service, LLC",,
Active Recovery LLC,Behavioral Health Service,Behavioral Health Service,Caddo,Shreveport,3821 Southern Ave.,3189468157.0,,terri@activerecoveryla.org,,0,Substance Use Disorder,,,,Sheila  Todd,Active Recovery LLC,,
"DOBI Healthcare Service, LLC",Behavioral Health Service,Behavioral Health Service,Caddo,Shreveport,"1513 Line Avenue, Suite 230",3186788858.0,,dobihealthcareservices@hotmail.com,,0,Substance Use Disorder,,,,Obiora Nweke,"DOBI Healthcare Service, LLC",,
A Touch of Mercy,Behavioral Health Service,Behavioral Health Service,Caddo,Shreveport,4718 Hearne Ave,3188281521.0,,atouchofmercy@yahoo.com,,0,Substance Use Disorder,,,,Mildred Rivers,A Touch of Mercy,,
A Center for Hope and Change,Behavioral Health Service,Behavioral Health Service,Caddo,Shreveport,543 Stoner Avenue,3186739901.0,,achc2003@aol.com,,0,Substance Use Disorder,,,,LaCoya  Plater,A Center for Hope and Change,,
Easter Seals Louisiana - Shreveport,Behavioral Health Service,Behavioral Health Service,Caddo,Shreveport,"3007 Knight Street, Suite 200",3182218244.0,,dcowdin@laeasterseals.com,,0,Substance Use Disorder,,,,Donald  Cowdin,Easter Seals Louisiana - Shreveport,,
Phoenix Family Life Center-Shreveport,Behavioral Health Service,Behavioral Health Service,Caddo,Shreveport,800 Springs St. Ste 205,3186703170.0,,tishola@seasidehc.com,,0,Substance Use Disorder,,,,Chastity Butler,Phoenix Family Life Center-Shreveport,,
"Resilient House, LLC",Behavioral Health Service,Behavioral Health Service,Caddo,Shreveport,7020 Klug Pines Road,8332426431.0,,craigjohnson@resilienthouse.com,,0,Substance Use Disorder,,,,CRAIG  JOHNSON,"Resilient House, LLC",,
"Rising Up Family Services, LLC",Behavioral Health Service,Behavioral Health Service,Caddo,Shreveport,404 Hearne Ave,3187161369.0,,rufs1@att.net,,0,Substance Use Disorder,,,,Eric  Clark,"Rising Up Family Services, LLC",,
"SeedLinks Behavior Management, LLC",Behavioral Health Service,Behavioral Health Service,Caddo,Shreveport,1543 Grimmett Drive,3184583651.0,,seedlinks@seedlinks.net,,0,Substance Use Disorder,,,,Ryan  Williams,"SeedLinks Behavior Management, LLC",,
Shoulders of Strength - Shreveport,Behavioral Health Service,Behavioral Health Service,Caddo,Shreveport,"2800 Youree Drive, Suite 301",3188487143.0,,sosinc130@aol.com,,0,Substance Use Disorder,,,,Tierney  Strange,Shoulders of Strength - Shreveport,,
Shreveport Behavioral Health Clinic,Behavioral Health Service,Behavioral Health Service,Caddo,Shreveport,1310 North Hearne Ave,3186765111.0,,douglas.efferson@la.gov,,0,Substance Use Disorder,,,,Doug  Efferson,Shreveport Behavioral Health Clinic,,
"Social Work Professional Services, LLC",Behavioral Health Service,Behavioral Health Service,Caddo,Shreveport,2219 Claiborne Avenue,3187790430.0,,socialworkprofessionalservices@outlook.com,,0,Substance Use Disorder,,,,Lariana  Graham-Tayor,"Social Work Professional Services, LLC",,
Street Outreach Solutions,Behavioral Health Service,Behavioral Health Service,Caddo,Shreveport,"2715 Mackey Place, Suite 119",3187717707.0,,mpeek.sos@gmail.com,,0,Substance Use Disorder,,,,Oasha  Brocks,Street Outreach Solutions,,
Superior Counseling Services - Ruston,Behavioral Health Service,Behavioral Health Service,Bossier,Shreveport,829 East Georgia,3182420730.0,,superiorcounseling@yahoo.com,,0,Substance Use Disorder,,,,Katrina  Boden,Superior Counseling Services - Ruston,,
Superior Counseling Services - Shreveport,Behavioral Health Service,Behavioral Health Service,Caddo,Shreveport,"2620 Centenary Blvd, B3, Suite 312",3186819935.0,,superiorcounseling@yahoo.com,,0,Substance Use Disorder,,,,Katrina  Boden,Superior Counseling Services - Shreveport,,
The Center for Children and Families - Shreveport,Behavioral Health Service,Behavioral Health Service,Caddo,Shreveport,"800 Spring Street, Suite 215",3182278390.0,,mthornton@standforhope.org,,0,Substance Use Disorder,,,,Matthew  Thornton,The Center for Children and Families - Shreveport,,
The Kennedy Center of Louisiana,Behavioral Health Service,Behavioral Health Service,Caddo,Shreveport,"2210 Line Ave, Suite 207",3186751112.0,,yurawright@aol.com,,0,Substance Use Disorder,,,,Yura  Wright,The Kennedy Center of Louisiana,,
Unconditional Care Behavioral Center,Behavioral Health Service,Behavioral Health Service,Caddo,Shreveport,2924 Knight St. Suite 318,3182165562.0,,cbrown.ucc@outlook.com,,0,Substance Use Disorder,,,,CHASSITY  BROWN-SPELLS,Unconditional Care Behavioral Center,,
Valley of Hope Counseling Agency,Behavioral Health Service,Behavioral Health Service,Caddo,Shreveport,4019 Greenwood Road,3186265462.0,,lberry.voh@outlook.com,,0,Substance Use Disorder,,,,Shannon  Powell,Valley of Hope Counseling Agency,,
"Youth and Family Services, LLC",Behavioral Health Service,Behavioral Health Service,Caddo,Shreveport,8101 Kingston Rd # 101B,3185058976.0,,youthandfamilylservices@outlook.com,,0,Substance Use Disorder,,,,Deamon P Perry,"Youth and Family Services, LLC",,
Red River Therapeutic Solutions,Behavioral Health Service,Behavioral Health Service,Caddo,Shreveport,"2715 Mackey Place, Suite 135",3186556892.0,,hjrrts1@gmail.com,,0,Substance Use Disorder,,,,Courtney  Wilson,Red River Therapeutic Solutions,,
Pelican Bayou Counseling Agency,Behavioral Health Service,Behavioral Health Service,Caddo,Shreveport,9403 Mansfield Road,3188618938.0,,pelicanbca@gmail.com,,0,Substance Use Disorder,,,,Shawanda  Stewart,Pelican Bayou Counseling Agency,,
"Envision Counseling Services, LLC",Behavioral Health Service,Behavioral Health Service,Caddo,Shreveport,"7505 Pines Road, Suite 1230",3185623707.0,,envisionservices2014@gmail.com,,0,Substance Use Disorder,,,,Charme  Thompson,"Envision Counseling Services, LLC",,
"Peaceful Alternatives Counseling & Therapy, LLC",Behavioral Health Service,Behavioral Health Service,Caddo,Shreveport,5902 Buncombe Rd,3186708898.0,,peacefulalternatives@peacefulpacts.com,,0,Substance Use Disorder,,,,Coralyn  Milton-Terry,"Peaceful Alternatives Counseling & Therapy, LLC",,
"Family Services Unlimited, Inc.",Behavioral Health Service,Behavioral Health Service,Caddo,Shreveport,1717 Marshall Street,3182269944.0,,fsu2421@aol.com,,0,Substance Use Disorder,,,,LaCharra  Johnson,"Family Services Unlimited, Inc.",,
"Finding A Better Me, LLC",Behavioral Health Service,Behavioral Health Service,Caddo,Shreveport,2924 Knight St. Suite 420,3182100587.0,,findingmeLA@gmail.com,,0,Substance Use Disorder,,,,Jashonda  Atkins,"Finding A Better Me, LLC",,
"Gateway Counseling Services, LLC",Behavioral Health Service,Behavioral Health Service,Caddo,Shreveport,2920 Knight St. Suite 101,3186707047.0,,tamille.williams@gmail.com,,0,Substance Use Disorder,,,,Tamille  Williams,"Gateway Counseling Services, LLC",,
"J&J Impact Counseling,LLC",Behavioral Health Service,Behavioral Health Service,Caddo,Shreveport,1513 Line Avenue Suite 222,3185186783.0,,jharrell.jji@outlook.com,,0,Substance Use Disorder,,,,Jaime  Harrell,"J&J Impact Counseling,LLC",,
Jenkins Counseling Services,Behavioral Health Service,Behavioral Health Service,Caddo,Shreveport,"1513 Line Avenue, Suite 225",3187543890.0,,jenkinscounselingser@gmail.com,,0,Substance Use Disorder,,,,"James  Jenkins, Jr",Jenkins Counseling Services,,
Juvenile Court for Caddo Parish,Behavioral Health Service,Behavioral Health Service,Caddo,Shreveport,1835 Spring Street,3182266500.0,,bbletz@caddo.org,,0,Substance Use Disorder,,,,Clay  Walker,Juvenile Court for Caddo Parish,,
"Let''''s Talk Counseling and Therapy, LLC",Behavioral Health Service,Behavioral Health Service,Caddo,Shreveport,3939 Linwood Avenue,3188683093.0,,letstalkcounseling@att.net,,0,Substance Use Disorder,,,,Tresselar  Williams-Lee,"Let''''s Talk Counseling and Therapy, LLC",,
"Life Changing Solutions, LLC - Shreveport",Behavioral Health Service,Behavioral Health Service,Caddo,Shreveport,6015 Heame Avenue,3182130904.0,,lcs@lifechangingsolutionsllc.com,,0,Substance Use Disorder,,,,Juanice  Moses,"Life Changing Solutions, LLC - Shreveport",,
"Life Matters Counseling and Therapy, LLC",Behavioral Health Service,Behavioral Health Service,Caddo,Shreveport,7505 Pines Rd. Ste 1200i,3187161707.0,,Lifematterscounsel@yahoo.com,,0,Substance Use Disorder,,,,Elonda  Gerard,"Life Matters Counseling and Therapy, LLC",,
Lighthouse Community Care-Shreveport,Behavioral Health Service,Behavioral Health Service,Caddo,Shreveport,"2620 Centenary Blvd, Suite 207",3186265657.0,,bthomasceo@lighthouseccbr.com,,0,Substance Use Disorder,,,,Tiffany  Beshears,Lighthouse Community Care-Shreveport,,
Lighthouse Counseling Agency,Behavioral Health Service,Behavioral Health Service,Caddo,Shreveport,3936 Greenwood Road,3186366002.0,,lhcallc@gmail.com,,0,Substance Use Disorder,,,,Calvin  Beaner,Lighthouse Counseling Agency,,
Louisiana Association on Compulsive Gambling,Behavioral Health Service,Behavioral Health Service,Caddo,Shreveport,324 Texas Street,3182270883.0,,jmiller@helpforgambling.org,,0,Substance Use Disorder,,,,Janet  Miller,Louisiana Association on Compulsive Gambling,,
"Loyalty Healthcare Behavioral Counseling, LLC",Behavioral Health Service,Behavioral Health Service,Caddo,Shreveport,"2800 Youree Drive, Suite 120",3186714341.0,,loyaltyhealthcareservice@gmail.com,,0,Substance Use Disorder,,,,Felicia  Butler,"Loyalty Healthcare Behavioral Counseling, LLC",,
Magnolia Mental Health LLC,Behavioral Health Service,Behavioral Health Service,Caddo,Shreveport,7629 Pines Road,3186265991.0,,magnoliamentalhealth@gmail.com,,0,Substance Use Disorder,,,,Cargina  Myles,Magnolia Mental Health LLC,,
Mental Health Solutions,Behavioral Health Service,Behavioral Health Service,Caddo,Shreveport,2924 Knight St. Suite 420,3186311222.0,,john.gianforte@mhs-shreveport.com,,0,Substance Use Disorder,,,,John  Gianforte,Mental Health Solutions,,
Merakey Pennsylvania-Shreveport,Behavioral Health Service,Behavioral Health Service,Caddo,Shreveport,3341 Youree Drive Suite 205,3182194167.0,,mdahlhauser@merakey.org,,0,Substance Use Disorder,,,,Mike  Dahlhauser,Merakey Pennsylvania-Shreveport,,
Metropolitan Circles,Behavioral Health Service,Behavioral Health Service,Caddo,Shreveport,3510 Linwood Avenue,3186364194.0,,metfam@metropolitancircles.com,,0,Substance Use Disorder,,,,Wendy  Sims,Metropolitan Circles,,
"Milestones Counseling Center, LLC",Behavioral Health Service,Behavioral Health Service,Caddo,Shreveport,4646 Hilry Huckaby III,3186703159.0,,khawkins@milestonescounseling.org,,0,Substance Use Disorder,,,,Kimberly  Hawkins,"Milestones Counseling Center, LLC",,
"Milestones Counseling Services, LLC",Behavioral Health Service,Behavioral Health Service,Caddo,Shreveport,"2800 Youree Drive, Suite 330 B",3182362000.0,,rcox@milestonescounseling.com,,0,Substance Use Disorder,,,,Ryan Cox,"Milestones Counseling Services, LLC",,
"Mind Rehabilitation & Resource Center, Inc.",Behavioral Health Service,Behavioral Health Service,Caddo,Shreveport,"6009 Financial Plaza, Suite 102",3188281455.0,,mindrehab@comcast.net,,0,Substance Use Disorder,,,,Ken  Chinweze,"Mind Rehabilitation & Resource Center, Inc.",,
New Day Recovery- Shreveport,Behavioral Health Service,Behavioral Health Service,Caddo,Shreveport,6240 Greenwood Rd,3185626320.0,,doug@new-dayrecovery.com,,0,Substance Use Disorder,,,,Karen  Baird,New Day Recovery- Shreveport,,
"Northwest Louisiana Behavioral Services, LLC",Behavioral Health Service,Behavioral Health Service,Caddo,Shreveport,"7505 Pines Rd, Suite 1115",3186834086.0,,nlbs7505@gmail.com,,0,Substance Use Disorder,,,,Barbara  Casey,"Northwest Louisiana Behavioral Services, LLC",,
Palmetto Addiction Recovery Center-Shreveport,Behavioral Health Service,Behavioral Health Service,Caddo,Shreveport,"820 Jordan Street,  Suite 204",3182680757.0,,hrogers@palmettocenter.com,,0,Substance Use Disorder,,,,Hollye  Rogers,Palmetto Addiction Recovery Center-Shreveport,,
First Step Counseling,Behavioral Health Service,Behavioral Health Service,Lincoln,Ruston,107 W Alabama,3182247170.0,,firststepcounselingllc@gmail.com,,0,Substance Use Disorder,,,,Jacques  Prudhomme,First Step Counseling,,
Lincoln Counseling,Behavioral Health Service,Behavioral Health Service,Lincoln,Ruston,617 South Trenton Street,3182782793.0,,csalter@lincolncounselingllc.com,,0,Substance Use Disorder,,,,Chris  Salter,Lincoln Counseling,,
New Horizon Counseling Agency,Behavioral Health Service,Behavioral Health Service,Lincoln,Ruston,775 South Bonner Street,3182247017.0,,newhorizon_counseling@yahoo.com,,0,Substance Use Disorder,,,,Tyler  Price,New Horizon Counseling Agency,,
Ruston Behavioral Health Clinic,Behavioral Health Service,Behavioral Health Service,Lincoln,Ruston,602 East Georgia Avenue,3182514125.0,,sheryl.muwwakkil@la.gov,,0,Substance Use Disorder,,,,Sheryl  Muwwakkil,Ruston Behavioral Health Clinic,,
Lafourche Behavioral Health Center,Behavioral Health Service,Behavioral Health Service,Lafourche,Raceland,157 Twin Oaks Drive,9855376823.0,,renee.williams@la.gov,,0,Substance Use Disorder,,,,Renee  Lirette-Williams,Lafourche Behavioral Health Center,,
Wrap Around Services of Raceland,Behavioral Health Service,Behavioral Health Service,Lafourche,Raceland,3821 Highway 1,9855376776.0,,lpringle@seasidehc.com,,0,Substance Use Disorder,,,,Tarkisha  Wallace,Wrap Around Services of Raceland,,
Palmetto Addiction Recovery-Rayville,Behavioral Health Service,Behavioral Health Service,Richland,Rayville,86 Palmetto Road,3187282970.0,,hrogers@palmettocenter.com,,0,Substance Use Disorder,,,,Hollye  Rogers,Palmetto Addiction Recovery-Rayville,,
Rayville Recovery,Behavioral Health Service,Behavioral Health Service,Richland,Rayville,307 Hayes Street,3187285488.0,,sarah@rayvillerecovery.com,,0,Substance Use Disorder,,,,W. Bland  Greeson,Rayville Recovery,,
"Total Wellness Advocates, LLC",Behavioral Health Service,Behavioral Health Service,Richland,Rayville,"114 Inechien Street, Suite A",3184177780.0,,ssmith@totalwellnessadvocates.com,,0,Substance Use Disorder,,,,Shandra  Smith,"Total Wellness Advocates, LLC",,
Rising Kare Counseling LLC,Behavioral Health Service,Behavioral Health Service,Lincoln,Ruston,413 S. Farmerville St,3185481463.0,,risingkarecounseling@yahoo.com,,0,Substance Use Disorder,,,,Robert  Smith Jr,Rising Kare Counseling LLC,,
Assisi Bridge House,Behavioral Health Service,Behavioral Health Service,Terrebonne,Schriever,600 Bull Run Road,9858725529.0,,rgorman@htdiocese.org,,0,Substance Use Disorder,,,,Rob  Gorman,Assisi Bridge House,,
"Pivotal Moments, LLC",Behavioral Health Service,Behavioral Health Service,Lafayette,Scott,124 Abigayles Row,3373088125.0,,pivotalmomentsllc@yahoo.com,,0,Substance Use Disorder,,,,Scholar  Jenkins,"Pivotal Moments, LLC",,
Louisiana Methodist Childrens Home,Psychiatric Residential Treatment Facilities,Psychiatric Residential Treatment Facilities,Lincoln,Ruston,904 DEVILLE LANE,3182555020.0,,rick.wheat@LMCH.org,,0,Substance Use Disorder,,,,Richard  Wheat,Louisiana Methodist Childrens Home,,
St. Christopher''''''''''''''''''''''''''''''''s,Behavioral Health Service,Behavioral Health Service,East Baton Rouge,Baton Rouge,235 Cora Drive,2253971611.0,,dwayne@addictionwellness.com,,0,Substance Use Disorder,,,,Dwayne  Beason,St. Christopher''''''''''''''''''''''''''''''''s,,
"Striving 4 Excellence Behavioral Healthcare, LLC",Behavioral Health Service,Behavioral Health Service,East Baton Rouge,Baton Rouge,12090 South Harrells Ferry Rd. Suite L,2252896889.0,,strivingexcellence4@gmail.com,,0,Substance Use Disorder,,,,Terrilina Washington,"Striving 4 Excellence Behavioral Healthcare, LLC",,
"The Grove of LA, LLC",Behavioral Health Service,Behavioral Health Service,East Baton Rouge,Baton Rouge,"624 Connell's Park Lane, Suite A",2253004850.0,,wpope@thegrovela.org,,0,Substance Use Disorder,,,,Wes  Pope,"The Grove of LA, LLC",,
The Macro Group II,Behavioral Health Service,Behavioral Health Service,East Baton Rouge,Baton Rouge,"1520 Thomas H. Delpit, Suite 219",2253890138.0,,themacrogroupii@yahoo.com,,0,Substance Use Disorder,,,,Nicole  Applewhite,The Macro Group II,,
The Recovery Center of Baton Rouge,Behavioral Health Service,Behavioral Health Service,East Baton Rouge,Baton Rouge,673 East Airport Avenue,2259277475.0,,rudy@recoverycenterbr.com,,0,Substance Use Disorder,,,,Rudy  Troyer,The Recovery Center of Baton Rouge,,
The Serenity Center of Louisiana,Behavioral Health Service,Behavioral Health Service,East Baton Rouge,Baton Rouge,2325 Weymouth,2253610899.0,,monique.claitor@theserenitycenterla.com,,0,Substance Use Disorder,,,,Monique  Claitor,The Serenity Center of Louisiana,,
"Top-Notch Behavioral Healthcare Services, LLC",Behavioral Health Service,Behavioral Health Service,East Baton Rouge,Baton Rouge,"10431 Siegen Lane, Suite 101",2259607179.0,,litonialandry@gmail.com,,0,Substance Use Disorder,,,,Litonia  Landry,"Top-Notch Behavioral Healthcare Services, LLC",,
Townsend Treatment Center - Baton Rouge,Behavioral Health Service,Behavioral Health Service,East Baton Rouge,Baton Rouge,"7434 Picardy Ave, Suites A & B",2257674774.0,,kguidry@contactaac.com,,0,Substance Use Disorder,,,,Kristine  Guidry,Townsend Treatment Center - Baton Rouge,,
"Turn-A-Round Community Outreach, LLC",Behavioral Health Service,Behavioral Health Service,East Baton Rouge,Baton Rouge,"4336 North Blvd, # 204",2259607419.0,,awilliams@turnaroundlives.com,,0,Substance Use Disorder,,,,Antoinette  Williams,"Turn-A-Round Community Outreach, LLC",,
"Unbound Family Support Organization, LLC",Behavioral Health Service,Behavioral Health Service,East Baton Rouge,Baton Rouge,3180 Convention St. Sutie B,2258311480.0,,compliance@unboundfso.org,,0,Substance Use Disorder,,,,Jason A Harris,"Unbound Family Support Organization, LLC",,
"Vertical Outreach, LLC",Behavioral Health Service,Behavioral Health Service,East Baton Rouge,Baton Rouge,"4021 W.E. Heck Court, Suite B2",2253025804.0,,tschoinas@verticaloutreach.com,,0,Substance Use Disorder,,,,Tara  Schoinas,"Vertical Outreach, LLC",,
VOA Greater BR The Reilly Center for Children and Families,Behavioral Health Service,Behavioral Health Service,East Baton Rouge,Baton Rouge,"1945 Carolyn Sue Drive,",2259289398.0,,ssterling@voagbr.org,,0,Substance Use Disorder,,,,Shelia  Sterling,VOA Greater BR The Reilly Center for Children and Families,,
YES Services of Louisiana,Behavioral Health Service,Behavioral Health Service,East Baton Rouge,Baton Rouge,"12090 South Harrells Ferry Road, Suite O",8005879346.0,,ayelverton@yes2hh.com,,0,Substance Use Disorder,,,,Vickie  Yelverton,YES Services of Louisiana,,
"Youth Empowerment Solutions, LLC",Behavioral Health Service,Behavioral Health Service,East Baton Rouge,Baton Rouge,5425 Galeria Drive #C,2252849092.0,,roselynjohnson10@yahoo.com,,0,Substance Use Disorder,,,,Roselyn  Whitley,"Youth Empowerment Solutions, LLC",,
Start Corporation,Behavioral Health Service,Behavioral Health Service,East Baton Rouge,Baton Rouge,"9420 Lindale Ave, Suites A & B",2254423540.0,,casey@startcorp.org,,0,Substance Use Disorder,,,,Casey  Guidry,Start Corporation,,
Shoulders of Strength - Baton Rouge,Behavioral Health Service,Behavioral Health Service,East Baton Rouge,Baton Rouge,"11616 Southfork Ave, Suite 401",2252919646.0,,sosinc130@aol.com,,0,Substance Use Disorder,,,,Alicia  Mason,Shoulders of Strength - Baton Rouge,,
Safekeeping Care Services,Behavioral Health Service,Behavioral Health Service,East Baton Rouge,Baton Rouge,"12021 Florida Blvd, Suite C",2257787076.0,,safekeepingcs@yahoo.com,,0,Substance Use Disorder,,,,Henry  Wilson,Safekeeping Care Services,,
LA Excel Care,Behavioral Health Service,Behavioral Health Service,East Baton Rouge,Baton Rouge,"4348 Jeffery Drive, Suite 102",2259379666.0,,carol.laexcelcare@gmail.com,,0,Substance Use Disorder,,,,Dickson  Idusuri,LA Excel Care,,
La Solucion Familiar Servicios Para Ninos Y Adulto,Behavioral Health Service,Behavioral Health Service,East Baton Rouge,Baton Rouge,1120 Government Street,2253642550.0,,carlmnoyes@gmail.com,,0,Substance Use Disorder,,,,Carlos  Samuels,La Solucion Familiar Servicios Para Ninos Y Adulto,,
LHRC - Life Care Center,Behavioral Health Service,Behavioral Health Service,East Baton Rouge,Baton Rouge,4255 East Brookstown Drive,2259270770.0,,tmblakes@lahealthandrehab.org,,0,Substance Use Disorder,,,,Soundra T Johnson,LHRC - Life Care Center,,
LHRC-Reality House-Halfway House,Behavioral Health Service,Behavioral Health Service,East Baton Rouge,Baton Rouge,2056 North Blvd,2253433438.0,,tmblakes@lahealthandrehab.org,,0,Substance Use Disorder,,,,Soundra  Temple Johnson,LHRC-Reality House-Halfway House,,
Lighthouse Community Care-Baton Rouge,Behavioral Health Service,Behavioral Health Service,East Baton Rouge,Baton Rouge,8325 Kelwood Avenue,2252395498.0,,bthomasceo@lighthouseccbr.com,,0,Substance Use Disorder,,,,Tiffany  Beshears,Lighthouse Community Care-Baton Rouge,,
Living Waters Outreach Ministry,Behavioral Health Service,Behavioral Health Service,East Baton Rouge,Baton Rouge,803 North 48th Street,2252481054.0,,livingwaters1@cox.net,,0,Substance Use Disorder,,,,Camille  Litt,Living Waters Outreach Ministry,,
Louisiana Outreach Services,Behavioral Health Service,Behavioral Health Service,East Baton Rouge,Baton Rouge,"8211 Summa Ave, Suite F",2257611970.0,,louisianaoutreachservices@gmail.com,,0,Substance Use Disorder,,,,Cheryl  Spooner,Louisiana Outreach Services,,
"Louisiana Youth Connect, LLC",Behavioral Health Service,Behavioral Health Service,East Baton Rouge,Baton Rouge,"4845 Jamestown Ave, Suite 208",2257576615.0,,info@layouthconnect.org,,0,Substance Use Disorder,,,,Eric  Spooner,"Louisiana Youth Connect, LLC",,
Margaret Dumas Mental Health Center,Behavioral Health Service,Behavioral Health Service,East Baton Rouge,Baton Rouge,3843 Harding Blvd,2253599315.0,,ryan.rife@la.gov,,0,Substance Use Disorder,,,,Cary  Bahlinger,Margaret Dumas Mental Health Center,,
Merakey Pennsylvania-Baton Rouge,Behavioral Health Service,Behavioral Health Service,East Baton Rouge,Baton Rouge,"711 Colonial Dr, Ste. D",2252462162.0,,marlon.boutin@merakey.org,,0,Substance Use Disorder,,,,Marlon  Boutin,Merakey Pennsylvania-Baton Rouge,,
"Morning Star Health Rehab Services, LLC",Behavioral Health Service,Behavioral Health Service,East Baton Rouge,Baton Rouge,3173 Washington Avenue,2257787678.0,,morningstarhealthrehab@gmail.com,,0,Substance Use Disorder,,,,Bridgette  Flowers,"Morning Star Health Rehab Services, LLC",,
"New Decisions, LLC",Behavioral Health Service,Behavioral Health Service,East Baton Rouge,Baton Rouge,"9410 Lindale Ave, Suite A",2257687246.0,,newdecisionsnow@gmail.com,,0,Substance Use Disorder,,,,Tenika  James,"New Decisions, LLC",,
"New Faith Rehabilitation, Inc",Behavioral Health Service,Behavioral Health Service,East Baton Rouge,Baton Rouge,1755 Wooddale Blvd,2252395945.0,,newfaithrehab296@gmail.com,,0,Substance Use Disorder,,,,Bonnie  Walker,"New Faith Rehabilitation, Inc",,
New Hope Faith Based Intensive Outpatient Program,Behavioral Health Service,Behavioral Health Service,East Baton Rouge,Baton Rouge,5925 Greenwell Springs Road,2259267911.0,,renettakl@bellsouth.net,,0,Substance Use Disorder,,,,"Leo D Cyrus, Sr.",New Hope Faith Based Intensive Outpatient Program,,
New Horizons Behavioral Health Center,Behavioral Health Service,Behavioral Health Service,East Baton Rouge,Baton Rouge,"12628 Hooper Road, Suite C",2257181108.0,,kt.brown@newhorizonsbhc.com,,0,Substance Use Disorder,,,,Kerry  Brown,New Horizons Behavioral Health Center,,
"NIALife Center for Counseling, LLC",Behavioral Health Service,Behavioral Health Service,East Baton Rouge,Baton Rouge,"2929 Millerville Road, Building 1, Suite E",2253669605.0,,ebonycaws@gmail.com,,0,Substance Use Disorder,,,,Ebony  Christophe,"NIALife Center for Counseling, LLC",,
"Novice House of Baton Rouge, Inc.",Behavioral Health Service,Behavioral Health Service,East Baton Rouge,Baton Rouge,"11616 Southfork Ave, Suite 203",2252919718.0,,fsuinc@novicehouseofbatonrouge.com,,0,Substance Use Disorder,,,,Christen  Lewis,"Novice House of Baton Rouge, Inc.",,
O''''Brien House,Behavioral Health Service,Behavioral Health Service,East Baton Rouge,Baton Rouge,1220 Main Street,2253446345.0,,toddhamilton@obrienhouse.org,,0,Substance Use Disorder,,,,Todd  Hamilton,O''''Brien House,,
Peak Behavioral Health,Behavioral Health Service,Behavioral Health Service,East Baton Rouge,Baton Rouge,"4919 Jamestown Avenue,  Suite 104",2253687502.0,,peakbehavioralhealthbr@gmail.com,,0,Substance Use Disorder,,,,Stacey  Batiste,Peak Behavioral Health,,
Pelican Bayou Counseling Agency - Baton Rouge,Behavioral Health Service,Behavioral Health Service,East Baton Rouge,Baton Rouge,"3084 West Fork, Suite C",2252966083.0,,pelicanbca@gmail.com,,0,Substance Use Disorder,,,,Shawanda  Stewart,Pelican Bayou Counseling Agency - Baton Rouge,,
"Pinnacle Community Care Services, LLC",Behavioral Health Service,Behavioral Health Service,East Baton Rouge,Baton Rouge,2460 College Drive,2252395293.0,,pinnacle.community.care@gmail.com,,0,Substance Use Disorder,,,,Joseph  Davis,"Pinnacle Community Care Services, LLC",,
Post Trauma Institute of Louisiana,Behavioral Health Service,Behavioral Health Service,East Baton Rouge,Baton Rouge,"2798 O'Neal Lane, Suite 8",2257515412.0,,lsalone@posttraumainstitute.com,,0,Substance Use Disorder,,,,Lawrence  Salone,Post Trauma Institute of Louisiana,,
Restore Outreach Center,Behavioral Health Service,Behavioral Health Service,East Baton Rouge,Baton Rouge,4315 Bluebonnet Blvd,2252236968.0,,restoreoutreachcenter@gmail.com,,0,Substance Use Disorder,,,,Martin  Knightshead,Restore Outreach Center,,
A New Day Counseling Center,Behavioral Health Service,Behavioral Health Service,St. Martin,Breaux Bridge,251 Rees Street,3374426823.0,,anewdaycounseling22@gmail.com,,0,Substance Use Disorder,,,,Norlet  Pierre,A New Day Counseling Center,,
BAART Programs Breaux Bridge,Behavioral Health Service,Behavioral Health Service,St. Martin,Breaux Bridge,648 Latiolais Drive,3373324878.0,,tanniern02@hotmail.com,,0,Substance Use Disorder,,,,Tannie  Alexander,BAART Programs Breaux Bridge,,
Coalition for Counseling and Family Services,Behavioral Health Service,Behavioral Health Service,Rapides,Boyce,107 Cleveland Road,3187935974.0,,ccfservices3@gmail.com,,0,Substance Use Disorder,,,,Pat  Gistarb,Coalition for Counseling and Family Services,,
Destined for Options - Chalmette,Behavioral Health Service,Behavioral Health Service,St. Bernard,Chalmette,"908 W Judge Perez, Suite C",5043245298.0,,destinedforoptions@gmail.com,,0,Substance Use Disorder,,,,BreJon  Briley,Destined for Options - Chalmette,,
"Inspire Care, LLC",Behavioral Health Service,Behavioral Health Service,St. Bernard,Chalmette,"2626 Charles Drive, Suite A",5043735401.0,,inspirecarellc@gmail.com,,0,Substance Use Disorder,,,,Raishawn  Smith,"Inspire Care, LLC",,
JUBILEE COUNSELING SERVICE LLC,Behavioral Health Service,Behavioral Health Service,St. Bernard,Chalmette,"700 JUDGE PEREZ DRIVE, SUITE 204",5046822221.0,,jubliee.counseling.service@gmail.com,,0,Substance Use Disorder,,,,Patricia  Tate,JUBILEE COUNSELING SERVICE LLC,,
The Guidance Center-Chalmette,Behavioral Health Service,Behavioral Health Service,St. Bernard,Chalmette,2626 Charles Dr Ste 211,5042784006.0,,guidance@guidance-center.com,,0,Substance Use Disorder,,,,Cecilia C McNeil,The Guidance Center-Chalmette,,
True Serenity BHS,Behavioral Health Service,Behavioral Health Service,St. Bernard,Chalmette,1013 W Judge Perez Drive Suite B,5042206539.0,,trueserenity2@gmail.com,,0,Substance Use Disorder,,,,Paula  Robinson,True Serenity BHS,,
Edgefield Recovery Center,Behavioral Health Service,Behavioral Health Service,Rapides,Cheneyville,10627-10631 Highway 71 N,3182792751.0,,ftpwrs@gmail.com,,0,Substance Use Disorder,,,,Robert Rayford,Edgefield Recovery Center,,
Family Matters,Behavioral Health Service,Behavioral Health Service,St. Bernard,Chalmette,601 W.Judge Perez Drive,504516157.0,,familymatterservices@yahoo.com,,0,Substance Use Disorder,,,,Beatrice  Rayford,Family Matters,,
"Community Support Services of Louisiana, Inc",Behavioral Health Service,Behavioral Health Service,Avoyelles,Bunkie,1140 Shirley Road,3183468001.0,,communitysupport@bellsouth.net,,0,Substance Use Disorder,,,,Brenda  Dawson,"Community Support Services of Louisiana, Inc",,
"Exceptional Cousneling Services, LLC",Behavioral Health Service,Behavioral Health Service,Avoyelles,Bunkie,"109 Chevy Lane, Suite C",3183466542.0,,exceptionalcounseling@outlook.com,,0,Substance Use Disorder,,,,Brenda  Sampson,"Exceptional Cousneling Services, LLC",,
"KHONSU,LLC",Behavioral Health Service,Behavioral Health Service,Lafayette,Carencro,"3419 NW Evangeline Thruway, Suite A1",3373191315.0,,khonsucarellc@gmail.com,,0,Substance Use Disorder,,,,Amanda  Holmes,"KHONSU,LLC",,
26th JDC Adult & Juvenile Drug Court,Behavioral Health Service,Behavioral Health Service,Bossier,Bossier City,"3022 Old Minden Road, Suite 218",3187463353.0,,lrosalee@26jdcdc.org,,0,Substance Use Disorder,,,,Lana  Rosalee,26th JDC Adult & Juvenile Drug Court,,
A Leap of Faith Community Based Services,Behavioral Health Service,Behavioral Health Service,Bossier,Bossier City,4000 Airline Drive Ste 1,3185885012.0,,swashington.push@gmail.com,,0,Substance Use Disorder,,,,SHAMISA  WASHINGTON,A Leap of Faith Community Based Services,,
"Apple Gate Recovery, LLC",Behavioral Health Service,Behavioral Health Service,Bossier,Bossier City,"1605 Benton Road, Suite D",3187420500.0,,jdunn@applegaterecovery.com,,0,Substance Use Disorder,,,,Kathryn  Thomas,"Apple Gate Recovery, LLC",,
CADA Bossier Treatment Center,Behavioral Health Service,Behavioral Health Service,Bossier,Bossier City,1525 Fullilove Drive,3187471211.0,,bill.rose@cadanwla.org,,0,Substance Use Disorder,,,,William E Rose,CADA Bossier Treatment Center,,
"New Choice Counseling Center, LLC",Behavioral Health Service,Behavioral Health Service,Bossier,Bossier City,"3018 Old Minden Road, Suite 1200",3186589927.0,,ballman@newchoicecounseling.org,,0,Substance Use Disorder,,,,Barbara  Allman,"New Choice Counseling Center, LLC",,
Rehabilitation Services of NW La-Bossier City,Behavioral Health Service,Behavioral Health Service,Bossier,Bossier City,2323 Old Minden Road,3187423408.0,,ceo@rsofla.com,,0,Substance Use Disorder,,,,Christopher  Mudd,Rehabilitation Services of NW La-Bossier City,,
"Source of Solutions Counseling Service, LLC",Behavioral Health Service,Behavioral Health Service,Bossier,Bossier City,"2285 Benton Road, Suite D-103",3185847197.0,,sourcesolutions.cs@gmail.com,,0,Substance Use Disorder,,,,Roslyn  Stumon,"Source of Solutions Counseling Service, LLC",,
Success Insite,Behavioral Health Service,Behavioral Health Service,Bossier,Bossier City,1504 Barksdale Blvd,3182224299.0,,contact@successinsite.org,,0,Substance Use Disorder,,,,Donnalee  Ammons,Success Insite,,
"Trinity Integrate Counseling Solutions, LLC",Behavioral Health Service,Behavioral Health Service,Bossier,Bossier City,1007 Gould Dr. Bldg 2 Suite 1,3185847268.0,,tcounselingsolutions@gmail.com,,0,Substance Use Disorder,,,,Shenya  Williams,"Trinity Integrate Counseling Solutions, LLC",,
"Unlimited Alternatives to Change, LLC",Behavioral Health Service,Behavioral Health Service,Bossier,Bossier City,"3018 Old Minden Road, Suite 1117",3187461935.0,,nblack.uac@hotmail.com,,0,Substance Use Disorder,,,,Nikita  Black,"Unlimited Alternatives to Change, LLC",,
Fairview Treatment Center,Behavioral Health Service,Behavioral Health Service,St. Mary,Bayou Vista,1101 Southeast Blvd,9853956750.0,,cpellerin@fairviewservices.com,,0,Substance Use Disorder,,,,Carla  Pellerin,Fairview Treatment Center,,
Bogalusa Behavioral Health Clinic,Behavioral Health Service,Behavioral Health Service,Washington,Bogalusa,2106 Ave F,9857326610.0,,carolyn.s.miller@la.gov,,0,Substance Use Disorder,,,,Bernice  Williams,Bogalusa Behavioral Health Clinic,,
Brightside Social Services Louisiana -Washington,Behavioral Health Service,Behavioral Health Service,Washington,Bogalusa,311 Louisiana Avenue,8884175250.0,,e.roquemore@brightsidela.com,,0,Substance Use Disorder,,,,Evon  Roquemore,Brightside Social Services Louisiana -Washington,,
"Center for Behavioral Health and Wellness, LLC",Behavioral Health Service,Behavioral Health Service,Washington,Bogalusa,"302 Richmond Ave, Suite A",9857322089.0,,office@CBHWgroup.net,,0,Substance Use Disorder,,,,CAROL F NEVERS,"Center for Behavioral Health and Wellness, LLC",,
"Therapeutic Counseling Clinic, Inc",Behavioral Health Service,Behavioral Health Service,Washington,Bogalusa,"542 Columbia Street, Suite B",9857359448.0,,therapeuticcounseling@yahoo.com,,0,Substance Use Disorder,,,,Glenna  Anderson,"Therapeutic Counseling Clinic, Inc",,
Kreative Minds of Baton Rouge,Behavioral Health Service,Behavioral Health Service,East Baton Rouge,Baton Rouge,"3233 S Sherwood Forest Blvd, Suite 203B",2252915492.0,,kreativemindss@yahoo.com,,0,Substance Use Disorder,,,,ASHLEY  SNOWDEN,Kreative Minds of Baton Rouge,,
Kingdom Kounsel LLC,Behavioral Health Service,Behavioral Health Service,East Baton Rouge,Baton Rouge,4521 Jamestown Avenue Ste 2,2252272548.0,,kingdom.kounsel@gmail.com,,0,Substance Use Disorder,,,,LaMyra  Thomas-Coleman,Kingdom Kounsel LLC,,
"Journey Through Life, LLC",Behavioral Health Service,Behavioral Health Service,East Baton Rouge,Baton Rouge,7946 Goodwood Blvd,2255903313.0,,mlaurent@jtl-llc.com,,0,Substance Use Disorder,,,,Marie  Laurent,"Journey Through Life, LLC",,
"Woodlake Management, LLC West",Behavioral Health Service,Behavioral Health Service,Vermilion,Abbeville,1314 N Lafitte,2259339000.0,,kjames@woodlakecenter.com,,0,Substance Use Disorder,,,,Kevin  James,"Woodlake Management, LLC West",,
Longbranch Recovery Center,Behavioral Health Service,Behavioral Health Service,St. Tammany,Abita Springs,21516 Highway 36,5043724668.0,,kristineguidry@outlook.com,,0,Substance Use Disorder,,,,Chad  Grimm,Longbranch Recovery Center,,
Specialty Rehabilitation Hospital,Psychiatric Inpatient,Inpatient,Red River,Coushatta,1110 Ringgold Avenue Suite B,3189321770.0,,lmiller@specialtyhealthcare.com,,0,,,,,Lisa  Miller,Specialty Rehabilitation Hospital,,
St. Helena Parish Hospital,Psychiatric Inpatient,Inpatient,St. Helena,Greensburg,16874 Highway 43,2252226111.0,,nawan@shhosp.org,,0,,,,,MR Naveed  Awan,St. Helena Parish Hospital,,
St. Tammany Parish Hospital,Psychiatric Inpatient,Inpatient,St. Tammany,Covington,1202 South Tyler Street,9858984000.0,,jcoffman@stph.org,,0,,,,,JOAN M COFFMAN,St. Tammany Parish Hospital,,
Terrebonne General Health System,Psychiatric Inpatient,Inpatient,Terrebonne,Houma,8166 Main Street,9858734141.0,,Phyllis.peoples@tghealthsystem.com,,0,,,,,MS Phyllis  Peoples,Terrebonne General Health System,,
The General,Psychiatric Inpatient,Inpatient,East Baton Rouge,Baton Rouge,"3600 Florida Blvd, Suite 2020",2253816393.0,,Trisha.Guidry@brgeneral.org,,0,,,,,Trisha  Guidry,The General,,
Trinity Medical,Psychiatric Inpatient,Inpatient,Concordia,Ferriday,6569 Hwy 84,3187576551.0,,ksmith@trinitymed.com,,0,,,,,NEKEISHA L SMITH,Trinity Medical,,
Union General Hospital,Psychiatric Inpatient,Inpatient,Union,Farmerville,901 James Avenue,3183689751.0,,eormond@uniongen.org,,0,,,,,MS Evalyn  Ormond,Union General Hospital,,
United Medical Healthwest-New Orleans,Psychiatric Inpatient,Inpatient,Jefferson,Gretna,"3201 Wall Boulevard, Suite B",5044335551.0,,jdaren@umrhospital.com,,0,,,,,JONATHAN  D'ARENSBOURG,United Medical Healthwest-New Orleans,,
United Medical Rehabilitation Hospital,Psychiatric Inpatient,Inpatient,Tangipahoa,Hammond,15717 Belle Drive,9853405998.0,,krussell@umrhospital.com,,0,,,,,KIM  RUSSELL,United Medical Rehabilitation Hospital,,
Villa Feliciana Medical Complex,Psychiatric Inpatient,Inpatient,East Feliciana,Jackson,5002 Hwy 10,2256344010.0,,sandra.brown@la.gov,,0,,,,,John P Eckler,Villa Feliciana Medical Complex,,
Assertive Aspirations Behavioral Health Services,Behavioral Health Service,Behavioral Health Service,Rapides,Alexandria,"1403 Metro Drive, Suite C-1",3186257467.0,,assertiveaspirations.com,,0,Substance Use Disorder,,,,Brinda  Jones,Assertive Aspirations Behavioral Health Services,,
"Bayou Mental Health Services, LLC",Behavioral Health Service,Behavioral Health Service,Rapides,Alexandria,1605 Murray Street,3184439033.0,,latonya@bayoumentalhealth.com,,0,Substance Use Disorder,,,,Latonya  Charles,"Bayou Mental Health Services, LLC",,
Caring Choices of Pineville,Behavioral Health Service,Behavioral Health Service,Rapides,Alexandria,242 W. Shamrock St.,3184846850.0,,ingrid.cannella@la.gov,,0,Substance Use Disorder,,,,Michael  DeCaire,Caring Choices of Pineville,,
Choices of Louisiana at Alexandria,Behavioral Health Service,Behavioral Health Service,Rapides,Alexandria,2116 North Bolton Avenue,3184451250.0,,labrowns@eatel.net,,0,Substance Use Disorder,,,,William  Powell,Choices of Louisiana at Alexandria,,
"Dimensional Behavioral Health Services, Inc",Behavioral Health Service,Behavioral Health Service,Rapides,Alexandria,"3600 Jackson Street, Suite 111B",3187046515.0,,dimensionalbehavioralhealth@gmail.com,,0,Substance Use Disorder,,,,Passion T Payne,"Dimensional Behavioral Health Services, Inc",,
Healing Hands and Hearts Inc,Behavioral Health Service,Behavioral Health Service,Rapides,Alexandria,1500 Lee Street,3187046649.0,,support@3h-la.com,,0,Substance Use Disorder,,,,Michael  Moto,Healing Hands and Hearts Inc,,
"Helping Hands Consultation, LLC",Behavioral Health Service,Behavioral Health Service,Rapides,Alexandria,5208 Jackson Street Suite B,2252184444.0,,Merian.HHC@hotmail.com,,0,Substance Use Disorder,,,,Merian  Carter,"Helping Hands Consultation, LLC",,
Integrity Life Skills & Recovery Center,Behavioral Health Service,Behavioral Health Service,Rapides,Alexandria,1617 Branch Street,3184430189.0,,integrityrecovery@aol.com,,0,Substance Use Disorder,,,,Sandra  Christophe,Integrity Life Skills & Recovery Center,,
Journey Rehab,Behavioral Health Service,Behavioral Health Service,Rapides,Alexandria,217 Brevard Court Ste A,3184459019.0,,journeyrehab@yahoo.com,,0,Substance Use Disorder,,,,Mark A Brown,Journey Rehab,,
Kendalls Rehab Services of Louisiana,Behavioral Health Service,Behavioral Health Service,Rapides,Alexandria,1715 Ashley Avenue,3183087110.0,,cslair@suddenlink.net,,0,Substance Use Disorder,,,,Sharon  Lair,Kendalls Rehab Services of Louisiana,,
"Life Changing Solutions, LLC - Alexandria",Behavioral Health Service,Behavioral Health Service,Rapides,Alexandria,2002 Gus Kaplan Drive,3185424642.0,,jmoses@lifechangingsolutionsllc.com,,0,Substance Use Disorder,,,,Juanice  Moses,"Life Changing Solutions, LLC - Alexandria",,
Merakey Pennsylvania - Alexandria,Behavioral Health Service,Behavioral Health Service,Rapides,Alexandria,4606 Lee Street,3184411105.0,,mdahlhouser@merakey.org,,0,Substance Use Disorder,,,,Mike  Dahlhauser,Merakey Pennsylvania - Alexandria,,
Phoenix Family Life Center-Alexandria,Behavioral Health Service,Behavioral Health Service,Rapides,Alexandria,710 Versailles Blvd,3184494474.0,,lpringle@seasidehc.com,,0,Substance Use Disorder,,,,Kim  Johnson,Phoenix Family Life Center-Alexandria,,
Rehabilitation Services of CENLA-Alexandria,Behavioral Health Service,Behavioral Health Service,Rapides,Alexandria,"1450 Peterman Drive, Suite A & C",3184734328.0,,ceo@rsofla.com,,0,Substance Use Disorder,,,,Christopher  Mudd,Rehabilitation Services of CENLA-Alexandria,,
Transforming Lives,Behavioral Health Service,Behavioral Health Service,Rapides,Alexandria,"1428 Peterman Drive, Suite A",3186257547.0,,k.bailey.transforminglives@gmail.com,,0,Substance Use Disorder,,,,Knohito  Bailes,Transforming Lives,,
VOA of North Louisiana- Alexandria,Behavioral Health Service,Behavioral Health Service,Rapides,Alexandria,3704 Coliseum Blvd,318442802.0,,eddie.jenkins@voanorthla.org,,0,Substance Use Disorder,,,,Eddie  Jenkins,VOA of North Louisiana- Alexandria,,
"We Care Behavioral Health, LLC",Behavioral Health Service,Behavioral Health Service,Rapides,Alexandria,109-A Yorktown Drive,3185424288.0,,cvandevelde@wecarebehavioralhealth.com,,0,Substance Use Disorder,,,,Aynsley  Doyle,"We Care Behavioral Health, LLC",,
Southeast Regional Medical Center,Psychiatric Inpatient,Inpatient,Tangipahoa,Kentwood,719 Avenue G,3376036364.0,,markmurphy@southeastmc.com,,0,,,,,MARK L MURPHY,Southeast Regional Medical Center,,
"ClearSky Rehabilitation Hospital of Rosepine, LLC",Psychiatric Inpatient,Inpatient,Vernon,Leesville,8088 Hawks Road,3374628880.0,,brianabraham@clearskyhealth.com,,0,,,,,BRIAN  ABRAHAM,"ClearSky Rehabilitation Hospital of Rosepine, LLC",,
Cornerstone Specialty Hospitals Southwest Louisiana,Psychiatric Inpatient,Inpatient,Calcasieu,Lake Charles,"524 Dr. Michael Debakey Drive, 3rd Floor",3373106001.0,,Brent.Martin@chghospitals.com,,0,,,,,DAVID  TUPPER,Cornerstone Specialty Hospitals Southwest Louisiana,,
CORNERSTONE SPECIALTY HOSPITALS WEST MONROE,Psychiatric Inpatient,Inpatient,Ouachita,West Monroe,6198 Cypress Street,3183965600.0,,rcsimpson@chghospitals.com,,0,,,,,MR Robert C Simpson,CORNERSTONE SPECIALTY HOSPITALS WEST MONROE,,
Covington - AMG Physical Rehabilitation Hospital,Psychiatric Inpatient,Inpatient,St. Tammany,Covington,"5025 Keystone Blvd., Suite 200",9858880301.0,,jmcgee@amgihm.com,,0,,,,,STEPHANIE  DAWSEY,Covington - AMG Physical Rehabilitation Hospital,,
Cypress Pointe Surgical Hospital,Psychiatric Inpatient,Inpatient,Tangipahoa,Hammond,42570 S. Airport Rd.,9855106200.0,,pzambito@cpsh.org,,0,,,,,Paolo  Zambito,Cypress Pointe Surgical Hospital,,
Encompass Health Rehabilitation Hospital of Alexandria,Psychiatric Inpatient,Inpatient,Rapides,Alexandria,104 North 3rd Street,3184491370.0,,Joanna.Williams@encompasshealth.com,,0,,,,,JOANNA  WILLIAMS,Encompass Health Rehabilitation Hospital of Alexandria,,
Encompass Health Rehabilitation Hospital of Shreve,Psychiatric Inpatient,Inpatient,Caddo,Shreveport,8650 Millicent Way,3186428100.0,,brent.mills@encompasshealth.com,,0,,,,,Brent  Mills,Encompass Health Rehabilitation Hospital of Shreve,,
Franklin Foundation Hospital,Psychiatric Inpatient,Inpatient,St. Mary,Franklin,1097 Northwest Blvd.,3378280760.0,,sguidry@franklinfoundation.org,,0,,,,,Stephanie A Guidry,Franklin Foundation Hospital,,
Hood Memorial Hospital,Psychiatric Inpatient,Inpatient,Tangipahoa,Amite,301 West Walnut St.,9857489485.0,,whittingtonm@hoodmemorial.com,,0,,,,,JAMES M WHITTINGTON,Hood Memorial Hospital,,
Houma - AMG Specialty Hospital,Psychiatric Inpatient,Inpatient,Terrebonne,Houma,629 Dunn Street,9852740001.0,,kcrayton@amgihm.com,,0,,,,,KAREN  CRAYTON,Houma - AMG Specialty Hospital,,
Jackson Parish Hospital,Psychiatric Inpatient,Inpatient,Jackson,Jonesboro,165 Beech Springs Road,3182594435.0,,jmorgan@jphmd.com,,0,,,,,John ` Morgan,Jackson Parish Hospital,,
KPC Promise Hospital of Baton Rouge,Psychiatric Inpatient,Inpatient,East Baton Rouge,Baton Rouge,5130 Mancuso Lane,2254909637.0,,LJOHNSON@kpcph.com,,0,,,,,LATEKA  JOHNSON,KPC Promise Hospital of Baton Rouge,,
Lady of the Sea General Hospital,Psychiatric Inpatient,Inpatient,Lafourche,Cut Off,200 West 134th Place,9856326401.0,,karenc@losgh.org,,0,,,,,Karen  Collins,Lady of the Sea General Hospital,,
Lafayette - AMG Specialty Hospital,Psychiatric Inpatient,Inpatient,Lafayette,Lafayette,"4811 Ambassador Caffery Parkway, 4th Floor",3378399880.0,,aebeling@amgihm.com,,0,,,,,APRIL  EBELING,Lafayette - AMG Specialty Hospital,,
Lafayette Physical Rehabilitation Hospital,Psychiatric Inpatient,Inpatient,Lafayette,Lafayette,307 Polly Lane,3373141111.0,,Kevin.Romero@amgihm.com,,0,,,,,KEVIN M ROMERO,Lafayette Physical Rehabilitation Hospital,,
Lafayette Surgical Specialty Hospital,Psychiatric Inpatient,Inpatient,Lafayette,Lafayette,1101 Kaliste Saloom Road,3377694100.0,,bdomingue@lafayettesurgical.com,,0,,,,,MS Buffy  Domingue,Lafayette Surgical Specialty Hospital,,
Lallie Kemp Medical Center,Psychiatric Inpatient,Inpatient,Tangipahoa,Independence,52579 Highway 51 South,9858789421.0,,lbruhl@lsuhsc.edu,,0,,,,,LISA  BRUHL,Lallie Kemp Medical Center,,
Cornerstone Specialty Hospitals Bossier City,Psychiatric Inpatient,Inpatient,Bossier,Bossier City,4900 Medical Drive,3186773300.0,,sburnette@chghospitals.com,,0,,,,,MR Sheri  Burnette,Cornerstone Specialty Hospitals Bossier City,,
Claiborne Memorial Medical Center,Psychiatric Inpatient,Inpatient,Claiborne,Homer,620 East College Street,3189272024.0,,thaynes@claibornemedical.com,,0,,,,,TINA  HAYNES,Claiborne Memorial Medical Center,,
Citizens Medical Center,Psychiatric Inpatient,Inpatient,Caldwell,Columbia,7939 U.S. Hwy 165 South,3186496106.0,,sbarbo@citizensmc.com,,0,,,,,MR Steve  Barbo,Citizens Medical Center,,
Acadian Medical Center,Psychiatric Inpatient,Inpatient,St. Landry,Eunice,3501 Highway 190 East,3375807903.0,,kevin.frank@ahmgt.com,,0,,,,,Kevin  Frank,Acadian Medical Center,,
ALEXANDRIA EMERGENCY HOSPITAL,Psychiatric Inpatient,Inpatient,Rapides,Alexandria,5900 COLISEUM BLVD,3183868110.0,,sswain@alexandriaer.com,,0,,,,,Sarah  Swain,ALEXANDRIA EMERGENCY HOSPITAL,,
AVAIL HOSPITAL LAKE CHARLES,Psychiatric Inpatient,Inpatient,Calcasieu,Lake Charles,3730 NELSON ROAD,3376567700.0,,mdissinger@amdglobal.com,,0,,,,,"Michele  Dissinger, RN",AVAIL HOSPITAL LAKE CHARLES,,
Avala,Psychiatric Inpatient,Inpatient,St. Tammany,Covington,67252 Industry Lane,9858016252.0,,bhankins@avala.com,,0,,,,,BILL  HANKINS,Avala,,
Beauregard Memorial Hospital,Psychiatric Inpatient,Inpatient,Beauregard,Deridder,600 South Pine Street,3374627100.0,,T.THIBODEAUX@BEAUREGARD.ORG,,0,,,,,TRACI  THIBODEAUX,Beauregard Memorial Hospital,,
Bienville Medical Center,Psychiatric Inpatient,Inpatient,Bienville,Arcadia,"1175 Pine Street, Suite 200",3182634700.0,,klemoine@ahmgt.com,,0,,,,,KIRK  LEMOINE,Bienville Medical Center,,
Bliant Specialty Hospital,Psychiatric Inpatient,Inpatient,Orleans,New Orleans,"14500 Hayne Blvd, Suite 100",5042103000.0,,CBONDS@bliantspecialtyhospital.com,,0,,,,,CALVIN  BONDS,Bliant Specialty Hospital,,
Bogalusa Rehabilitation Hospital,Psychiatric Inpatient,Inpatient,Washington,Bogalusa,621 Columbia Street,3372544535.0,,Charles@lazarus7health.com,,0,,,,,Charles Matthews,Bogalusa Rehabilitation Hospital,,
Caldwell Memorial Hospital,Psychiatric Inpatient,Inpatient,Caldwell,Columbia,411 Main Street,3186496111.0,,dwilliams@caldwellmemorial.net,,0,,,,,Danielle  Williams,Caldwell Memorial Hospital,,
CHRISTUS Central Louisiana Surgical Hospital,Psychiatric Inpatient,Inpatient,Rapides,Alexandria,651 North Bolton Ave,3184496400.0,,LBarker@clshospital.com,,0,,,,,MS LOUISE  BARKER,CHRISTUS Central Louisiana Surgical Hospital,,
Christus Coushatta Health Care Center,Psychiatric Inpatient,Inpatient,Red River,Coushatta,1635 Marvel St.,3189322000.0,,brandon.hillman@christushealth.org,,0,,,,,Brandon  Hillman,Christus Coushatta Health Care Center,,
Christus Dubuis Hospital of Alexandria,Psychiatric Inpatient,Inpatient,Rapides,Alexandria,"3330 Masonic Drive, 4th Floor Unit",3184486505.0,,beth.parsons@lhcgroup.com,,0,,,,,Beth  Parsons,Christus Dubuis Hospital of Alexandria,,
Christus Ochsner Lake Area Hospital,Psychiatric Inpatient,Inpatient,Calcasieu,Lake Charles,4200 Nelson Road,3374746370.0,,david.boudreaux@christushealth.org,,0,,,,,DAVID  BOUDREAUX,Christus Ochsner Lake Area Hospital,,
Christus Shreveport-Bossier Health System,Psychiatric Inpatient,Inpatient,Caddo,Shreveport,1453 E. Bert Kouns Industrial Loop,3186815000.0,,steen.trawick@christushealth.org,,0,,,,,T. STEEN  TRAWICK,Christus Shreveport-Bossier Health System,,
Christus St. Frances Cabrini Hospital,Psychiatric Inpatient,Inpatient,Rapides,Alexandria,3330 Masonic Drive,3184871122.0,,monte.wilson@christushealth.org,,0,,,,,MONTE  WILSON,Christus St. Frances Cabrini Hospital,,
PAM Health Specialty Hospital of New Orleans,Psychiatric Inpatient,Inpatient,Orleans,New Orleans,3801 Bienville St,5049303500.0,,jcarruth@pamspecialty.com,,0,,,,,KEITH  CARRUTH,PAM Health Specialty Hospital of New Orleans,,
PAM Specialty Hospital of Hammond,Psychiatric Inpatient,Inpatient,Tangipahoa,Hammond,42074 Veterans Avenue,9859028148.0,,nmendez@postacutehammond.com,,0,,,,,Nicholas  Mendez,PAM Specialty Hospital of Hammond,,
PAM Specialty Hospital of Shreveport South,Psychiatric Inpatient,Inpatient,Caddo,Shreveport,8001 Youree Drive,3182123200.0,,mpearce@pamspecialty.com,,0,,,,,MARC  PEARCE,PAM Specialty Hospital of Shreveport South,,
Physicians Medical Center,Psychiatric Inpatient,Inpatient,Terrebonne,Houma,218 Corporate Drive,9858531390.0,,Andrew.Knizley@surgerypartners.com,,0,,,,,ANDREW  KNIZLEY,Physicians Medical Center,,
Prairieville Family Hospital,Psychiatric Inpatient,Inpatient,Ascension,Prairieville,37358 Market Place Drive,2258035464.0,,jmclean@pfhhealthcare.com,,0,,,,,JOHN J MCLEAN,Prairieville Family Hospital,,
Prevost Memorial Hospital,Psychiatric Inpatient,Inpatient,Ascension,Donaldsonville,301 Memorial Drive,2254737931.0,,vincentc@prevosthospital.net,,0,,,,,MR Vince  Cataldo,Prevost Memorial Hospital,,
Rapides Regional Medical Center,Psychiatric Inpatient,Inpatient,Rapides,Alexandria,"211 Fourth Street, Box 30101",3187693000.0,,Jason.Cobb@hcahealthcare.com,,0,,,,,Jason  Cobb,Rapides Regional Medical Center,,
Rehabilitation Hospital of Jennings,Psychiatric Inpatient,Inpatient,Jefferson Davis,Jennings,"1 Hospital Drive, Suite 101",3378215353.0,,michaelholland@hollandmd.net,,0,,,,,DR Michael  Holland,Rehabilitation Hospital of Jennings,,
Richland Parish Hospital-Delhi,Psychiatric Inpatient,Inpatient,Richland,Delhi,407 Cincinnati Street,3188785171.0,,mcarroll@delhihospital.com,,0,,,,,Michael  Carroll,Richland Parish Hospital-Delhi,,
Riverbridge Specialty Hospital,Psychiatric Inpatient,Inpatient,Concordia,Vidalia,209 Front Street,3183366500.0,,mike@riverbridgela.com,,0,,,,,Michael  Harrell,Riverbridge Specialty Hospital,,
"Riverside Hospital of Louisiana, Inc.",Psychiatric Inpatient,Inpatient,Rapides,Alexandria,13 Heyman Lane,3187672900.0,,amy.perry@riversidehospital.net,,0,,,,,AMY  PERRY GRIMES,"Riverside Hospital of Louisiana, Inc.",,
Riverside Medical Center,Psychiatric Inpatient,Inpatient,Washington,Franklinton,1900 South Main St.,9858394431.0,,psullivan@rmchospital.com,,0,,,,,PETER  SULLIVAN,Riverside Medical Center,,
Sage Specialty and Rehabilitation Center of Lafaye,Psychiatric Inpatient,Inpatient,Lafayette,Lafayette,"204 Energy Pkwy, Suite B",3374464300.0,,lformby@sageltac.com,,0,,,,,Leah  Formby,Sage Specialty and Rehabilitation Center of Lafaye,,
Shreveport Rehabilitation Hospital,Psychiatric Inpatient,Inpatient,Caddo,Shreveport,1451 Fern Circle,3182328880.0,,tnixon@nobisrehabpartners.com,,0,,,,,Toni  Goodin,Shreveport Rehabilitation Hospital,,
PAM Specialty Hospital of Covington,Psychiatric Inpatient,Inpatient,St. Tammany,Covington,20050 Crestwood Blvd.,9858757525.0,,tburke@pamspecialty.com,,0,,,,,Tim  Burke,PAM Specialty Hospital of Covington,,
Our Lady of the Lake Surgical Hospital,Psychiatric Inpatient,Inpatient,St. Tammany,Slidell,1700 W. Lindberg Drive,9856410600.0,,mpisciotta@uspi.com,,0,,,,,Michael  Pisciotta,Our Lady of the Lake Surgical Hospital,,
"North Oaks Medical Center, LLC",Psychiatric Inpatient,Inpatient,Tangipahoa,Hammond,15790 Paul Vega MD Drive,9853452700.0,,suttonm@northoaks.org,,0,,,,,MS Michele K Sutton,"North Oaks Medical Center, LLC",,
"North Oaks Rehabilitation Hospital, LLC",Psychiatric Inpatient,Inpatient,Tangipahoa,Hammond,1900 South Morrison Boulevard,9855427777.0,,barrientm@northoaks.org,,0,,,,,HERMAN (MAC)  BARRIENT,"North Oaks Rehabilitation Hospital, LLC",,
North Shore Rehabilitation Hospital,Psychiatric Inpatient,Inpatient,St. Tammany,Lacombe,"64030 Hwy 434, 1st and 2nd Floor of the Tower",9852184660.0,,ldupont@selectmedical.com,,0,,,,,Laurel  Dupont,North Shore Rehabilitation Hospital,,
Northshore Extended Care Hospital,Psychiatric Inpatient,Inpatient,St. Tammany,Lacombe,"64030 HIGHWAY 434, FL 2",9852184700.0,,Monique.Cornish@lhcgroup.com,,0,,,,,Glynda  Sauviac,Northshore Extended Care Hospital,,
Oceans Behavioral Hospital of Alexandria,Psychiatric Inpatient,Inpatient,Rapides,Alexandria,2621 N. Bolton Ave,3184488473.0,,justin.mcdaniel@oceanshealthcare.com,,0,,,,,Lee  Edge,Oceans Behavioral Hospital of Alexandria,,
Ochsner Acadia General Hospital,Psychiatric Inpatient,Inpatient,Acadia,Crowley,1305 Crowley Rayne Highway,3377833222.0,,Joseph.mitchell@ochsner.org,,0,,,,,Joseph J Mitchell,Ochsner Acadia General Hospital,,
Ochsner American Legion Hospital,Psychiatric Inpatient,Inpatient,Jefferson Davis,Jennings,1634 Elton Road,3376167000.0,,dwilliams@jalh.com,,0,,,,,DANA  WILLIAMS,Ochsner American Legion Hospital,,
Ochsner Extended Care Hospital,Psychiatric Inpatient,Inpatient,Jefferson,Jefferson,"2614 Jefferson Hwy, 2nd Floor",5044648590.0,,LRA@lhcgroup.com,,0,,,,,CARROLL L MCDADE,Ochsner Extended Care Hospital,,
Ochsner LSU Health Shreveport,Psychiatric Inpatient,Inpatient,Caddo,Shreveport,1541 Kings Highway,3186755000.0,,aphriekah.duhaneywest@ochsner.org,,0,,,,,CHRISTOPHER E MANGIN,Ochsner LSU Health Shreveport,,
Ochsner LSU Health Shreveport-St. Mary Medical Cen,Psychiatric Inpatient,Inpatient,Caddo,Shreveport,911 Margaret Place,3186264300.0,,riley.waddell@ochsner.org,,0,,,,,RILEY  WADDELL,Ochsner LSU Health Shreveport-St. Mary Medical Cen,,
Ochsner Medical Center-Kenner LLC,Psychiatric Inpatient,Inpatient,Jefferson,Kenner,180 West Esplanade Avenue,5044648600.0,,stephen.robinson@ochsner.org,,0,,,,,"Stephen E Robinson, Jr",Ochsner Medical Center-Kenner LLC,,
Ochsner Rehabilitation Hospital,Psychiatric Inpatient,Inpatient,Jefferson,Jefferson,"2614 Jefferson Hwy, 4th and 5th floors",5042915100.0,,NFedders@selectmedical.com,,0,,,,,NEIL  FEDDERS,Ochsner Rehabilitation Hospital,,
Ochsner St. Martin Hospital,Psychiatric Inpatient,Inpatient,St. Martin,Breaux Bridge,210 Champagne Boulevard,3373322178.0,,glenn.dailey@ochsner.org,,0,,,,,GLENN  DAILEY,Ochsner St. Martin Hospital,,
Ochsner University Hospital And Clinics,Psychiatric Inpatient,Inpatient,Lafayette,Lafayette,2390 West Congress St.,3372616000.0,,katherine.hebert@ochsner.org,,0,,,,,Katherine D Hebert,Ochsner University Hospital And Clinics,,
"Jefferson Oaks Behavioral Health, Inc",Behavioral Health Service,Behavioral Health Service,East Baton Rouge,Baton Rouge,"8318 Jefferson Highway, Suite A",2259275624.0,,judy@jeffersonoaks.com,,0,Substance Use Disorder,,,,Cheryl  Doub,"Jefferson Oaks Behavioral Health, Inc",,
Bastrop Behavioral Health Clinic,Behavioral Health Service,Behavioral Health Service,Morehouse,Bastrop,320 South Franklin Street,3182830868.0,,carolyn.jones2@la.gov,,0,Substance Use Disorder,,,,Rosie-Marie  Baker,Bastrop Behavioral Health Clinic,,
"Family New Life Bastrop,LLC",Behavioral Health Service,Behavioral Health Service,Morehouse,Bastrop,200 McCreight Street,3185564081.0,,familynewlife@yahoo.com,,0,Substance Use Disorder,,,,Adrian  Williams,"Family New Life Bastrop,LLC",,
"First Choice Counseling, LLC",Behavioral Health Service,Behavioral Health Service,Morehouse,Bastrop,644 East Jefferson Ave,3182393862.0,,firstchoicecounseling@gmail.com,,0,Substance Use Disorder,,,,Tania  Lovell,"First Choice Counseling, LLC",,
"Healthy Minds, Inc.",Behavioral Health Service,Behavioral Health Service,Morehouse,Bastrop,209 West Jefferson Avenue,3182393890.0,,nichols_angela@ymail.com,,0,Substance Use Disorder,,,,Angela Nichols,"Healthy Minds, Inc.",,
Riversouth Rehabilitation Center - Bastrop,Behavioral Health Service,Behavioral Health Service,Morehouse,Bastrop,410 South Franklin,3182816526.0,,riversouth3@yahoo.com,,0,Substance Use Disorder,,,,Terri  Bunsey-Agugua,Riversouth Rehabilitation Center - Bastrop,,
"Beta Community Services, LLC",Behavioral Health Service,Behavioral Health Service,East Baton Rouge,Baton Rouge,5431 Superior Drive,2259296355.0,,lpringle@seasidehc.com,,0,Substance Use Disorder,,,,Tarkisha  Wallace,"Beta Community Services, LLC",,
Capital Area Recovery Program,Behavioral Health Service,Behavioral Health Service,East Baton Rouge,Baton Rouge,2455 Wooddale Blvd,2259223169.0,,Joseph.Pete@la.gov,,0,Substance Use Disorder,,,,Mel  Zufall,Capital Area Recovery Program,,
Cenikor Foundation,Behavioral Health Service,Behavioral Health Service,East Baton Rouge,Baton Rouge,2414 Bunker Hill Drive,2252181960.0,,Gmills@cenikor.org,,0,Substance Use Disorder,,,,George  Mills,Cenikor Foundation,,
Center for Adult Behavioral Health-Baton Rouge,Behavioral Health Service,Behavioral Health Service,East Baton Rouge,Baton Rouge,4615 Government St.  Bldg. #1 and #2,2259251906.0,,jan.kasofsky@la.gov,,0,Substance Use Disorder,,,,Jan  Kasofsky,Center for Adult Behavioral Health-Baton Rouge,,
Cognitive Development Center of Baton Rouge,Behavioral Health Service,Behavioral Health Service,East Baton Rouge,Baton Rouge,411 Colonial Street,2259269706.0,,kjohnson@seasidehc.com,,0,Substance Use Disorder,,,,Tarkisha  Wallace,Cognitive Development Center of Baton Rouge,,
"Community Counseling Agency, LLC",Behavioral Health Service,Behavioral Health Service,East Baton Rouge,Baton Rouge,"1520 Thomas H Delpit Drive, Suite 125",2256362395.0,,communitycounselingagency@gmail.com,,0,Substance Use Disorder,,,,Keisha  Houston,"Community Counseling Agency, LLC",,
Community Empowerment Services,Behavioral Health Service,Behavioral Health Service,East Baton Rouge,Baton Rouge,422 Colonial Drive Ste. A,2252925151.0,,reshonda05@yahoo.com,,0,Substance Use Disorder,,,,KEISHA  ROBILLARD,Community Empowerment Services,,
Contemporary Family Services Inc.,Behavioral Health Service,Behavioral Health Service,East Baton Rouge,Baton Rouge,7600 Airline Hwy,2259305335.0,,cclaiborne@contemporaryservices.net,,0,Substance Use Disorder,,,,Charlotte  Claiborne,Contemporary Family Services Inc.,,
Crescent Health,Behavioral Health Service,Behavioral Health Service,East Baton Rouge,Baton Rouge,8211 Goodwood Blvd. Ste. A1,2254211921.0,,crescentgrp@gmail.com,,0,Substance Use Disorder,,,,Shalanda  Judge,Crescent Health,,
"D & D Community Care, LLC",Behavioral Health Service,Behavioral Health Service,East Baton Rouge,Baton Rouge,936 N. Bon Marche',2254789533.0,,ddcommunitycare1@gmail.com,,0,Substance Use Disorder,,,,Deborah  Dillard,"D & D Community Care, LLC",,
"DDP Outreach, LLC",Behavioral Health Service,Behavioral Health Service,East Baton Rouge,Baton Rouge,"12097 Old Hammond Hwy, Ste I 2",2258026914.0,,gmaxie@ddpoutreach.com,,0,Substance Use Disorder,,,,JA'MAL  TITUS,"DDP Outreach, LLC",,
Family Institute for Recovery & Empowerment-BR,Behavioral Health Service,Behavioral Health Service,East Baton Rouge,Baton Rouge,"5253 Dijon Drive, Suite E",2252397830.0,,info@family-institute.net,,0,Substance Use Disorder,,,,Kevin  Ridgley,Family Institute for Recovery & Empowerment-BR,,
Family Solutions of Louisiana - Baton Rouge,Behavioral Health Service,Behavioral Health Service,East Baton Rouge,Baton Rouge,862 O'Neal Lane,2252753039.0,,dsmith@familysolutionsusa.com,,0,Substance Use Disorder,,,,Dawn  Smith,Family Solutions of Louisiana - Baton Rouge,,
"Flip My Frown Counseing Services, LLC",Behavioral Health Service,Behavioral Health Service,East Baton Rouge,Baton Rouge,606 Colonial Drive B,2254067670.0,,scherellsimonet@hotmail.com,,0,Substance Use Disorder,,,,Scherell  Simonet,"Flip My Frown Counseing Services, LLC",,
Focused Family Services,Behavioral Health Service,Behavioral Health Service,East Baton Rouge,Baton Rouge,"1200 South Acadian Thruway, Suite 212",2258314998.0,,focusedfamilyservices@gmail.com,,0,Substance Use Disorder,,,,Larry  Selders,Focused Family Services,,
Graves LLC,Behavioral Health Service,Behavioral Health Service,East Baton Rouge,Baton Rouge,3888 South Sherwood Forest Blvd Bldg. 11 Ste F,2257718251.0,,gravesllc@yahoo.com,,0,Substance Use Disorder,,,,Laine  Rosenaur,Graves LLC,,
"Holistic Behavioral Health Services of La, LLC",Behavioral Health Service,Behavioral Health Service,East Baton Rouge,Baton Rouge,2156 Wooddale Blvd Ste 750,2259308058.0,,hbhs.la@gmail.com,,0,Substance Use Disorder,,,,Tommie  Dyer Jr.,"Holistic Behavioral Health Services of La, LLC",,
Holistic Solutions Center of Baton Rouge,Behavioral Health Service,Behavioral Health Service,East Baton Rouge,Baton Rouge,778 Chevelle Drive,2257719980.0,,tanstuart@gmail.com,,0,Substance Use Disorder,,,,Tanya  Stuart,Holistic Solutions Center of Baton Rouge,,
"Hope Community Services, Inc",Behavioral Health Service,Behavioral Health Service,East Baton Rouge,Baton Rouge,"12097 Old Hammond Highway, Suite I-4",2252468816.0,,hopecs2015@gmail.com,,0,Substance Use Disorder,,,,Alfreda  Butler,"Hope Community Services, Inc",,
"Horizon Counseling Center, Inc",Behavioral Health Service,Behavioral Health Service,East Baton Rouge,Baton Rouge,2156 Wooddale Blvd Ste 100,2259284040.0,,lena1966@yahoo.com,,0,Substance Use Disorder,,,,Lena  Igidele,"Horizon Counseling Center, Inc",,
"Impact Group BHS, LLC",Behavioral Health Service,Behavioral Health Service,East Baton Rouge,Baton Rouge,"9428 Brookline Ave, Suite 2",2253722697.0,,thejstgroup@gmail.com,,0,Substance Use Disorder,,,,Felix  Hill,"Impact Group BHS, LLC",,
"Improving Minds, LLC",Behavioral Health Service,Behavioral Health Service,East Baton Rouge,Baton Rouge,8786 Goodwood Blvd. Suite 102,3372548990.0,,improvingminds@yahoo.com,,0,Substance Use Disorder,,,,Catherine Royal,"Improving Minds, LLC",,
Infinity Healthcare Solutions,Behavioral Health Service,Behavioral Health Service,East Baton Rouge,Baton Rouge,656 Lobdell Avenue,2252894848.0,,infinity@behavioralhealthbr.com,,0,Substance Use Disorder,,,,Tawanna T Jones,Infinity Healthcare Solutions,,
Bruce Professional Counseling Services-Baton Rouge,Behavioral Health Service,Behavioral Health Service,East Baton Rouge,Baton Rouge,"9418 Brookline Ave, Suite C",2259302993.0,,tina-bruce@att.net,,0,Substance Use Disorder,,,,Tina  Bruce,Bruce Professional Counseling Services-Baton Rouge,,
Behavioral Services of Louisiana,Behavioral Health Service,Behavioral Health Service,East Baton Rouge,Baton Rouge,"555 St Tammany Street, Suite D",2259299738.0,,ceo@rsofla.com,,0,Substance Use Disorder,,,,Christopher  Mudd,Behavioral Services of Louisiana,,
Baton Rouge Treatment Center,Behavioral Health Service,Behavioral Health Service,East Baton Rouge,Baton Rouge,11445 Reiger Road,2259329867.0,,kcalkins@crchealth.com,,0,Substance Use Disorder,,,,Karen  McDonald,Baton Rouge Treatment Center,,
"A Hand When Needed, Inc",Behavioral Health Service,Behavioral Health Service,East Baton Rouge,Baton Rouge,146 McGehee Dr.,2252757273.0,,ahandwn@att.net,,0,Substance Use Disorder,,,,David  Jones,"A Hand When Needed, Inc",,
"A Helping Place of Louisiana, LLC",Behavioral Health Service,Behavioral Health Service,East Baton Rouge,Baton Rouge,"13702 Coursey Blvd, Bldg 6, Suite A1",2256362150.0,,ahelpingplace@yahoo.com,,0,Substance Use Disorder,,,,Monica  Hardy,"A Helping Place of Louisiana, LLC",,
"A Turning Point Family & Community Services, Inc",Behavioral Health Service,Behavioral Health Service,East Baton Rouge,Baton Rouge,"12041 Bricksome Avenue, Suite B",2252462892.0,,atpfcd@yahoo.com,,0,Substance Use Disorder,,,,Leroy  Scott,"A Turning Point Family & Community Services, Inc",,
"Accurate Care, LLC",Behavioral Health Service,Behavioral Health Service,East Baton Rouge,Baton Rouge,11861 Coursey Blvd,2256128656.0,,criley@accuratecarellc.com,,0,Substance Use Disorder,,,,CRISTAL  RILEY,"Accurate Care, LLC",,
"Adolescent and Family Counseling Service, LLC",Behavioral Health Service,Behavioral Health Service,East Baton Rouge,Baton Rouge,"2320 Drusilla Lane, Suite E",2259304530.0,,yolanda@adofam.com,,0,Substance Use Disorder,,,,Yolanda  Lowery,"Adolescent and Family Counseling Service, LLC",,
All Out Community Care Services,Behavioral Health Service,Behavioral Health Service,East Baton Rouge,Baton Rouge,"7612 Picardy Avenue, Suite K",2252272468.0,,info@alloutcc.com,,0,Substance Use Disorder,,,,Jermaine  Hamilton,All Out Community Care Services,,
"Allstar Community Care, LLC",Behavioral Health Service,Behavioral Health Service,East Baton Rouge,Baton Rouge,"9441 Common Street, Suite B",2259233133.0,,allstarccllc@gmail.com,,0,Substance Use Disorder,,,,Natasha  James,"Allstar Community Care, LLC",,
Anchor Community Services,Behavioral Health Service,Behavioral Health Service,East Baton Rouge,Baton Rouge,"8946 Interline Ave, Suite A",2256157282.0,,tsynetteb@yahoo.com,,0,Substance Use Disorder,,,,Tia  Bonds,Anchor Community Services,,
Arc of Safety Outreach Community Development,Behavioral Health Service,Behavioral Health Service,East Baton Rouge,Baton Rouge,3973 Choctaw Drive,2253949271.0,,arcofsafetybr624@yahoo.com,,0,Substance Use Disorder,,,,Brandon  Triggs,Arc of Safety Outreach Community Development,,
"Array of Hope Outreach Center, LLC",Behavioral Health Service,Behavioral Health Service,East Baton Rouge,Baton Rouge,"8261 Suma Ave, Suite G",2252531277.0,,dmclarkkk@yahoo.com,,0,Substance Use Disorder,,,,Demetrice  Clark,"Array of Hope Outreach Center, LLC",,
"Baton Rouge Area Alcohol & Drug Center, Inc",Behavioral Health Service,Behavioral Health Service,East Baton Rouge,Baton Rouge,216 S.Foster Drive,2259255367.0,,alandry@braadc.org,,0,Substance Use Disorder,,,,Robert  Leven,"Baton Rouge Area Alcohol & Drug Center, Inc",,
Brighter Beginnings Mentorship Program,Behavioral Health Service,Behavioral Health Service,East Baton Rouge,Baker,5160 Groom Road,2253677384.0,,bbmp00@gmail.com,,0,Substance Use Disorder,,,,Lametra  Franklin,Brighter Beginnings Mentorship Program,,
Inspirational Community Outreach,Behavioral Health Service,Behavioral Health Service,East Baton Rouge,Baker,350 Main Street,2257786783.0,,inspirationalcare@yahoo.com,,0,Substance Use Disorder,,,,Taja  Hamilton,Inspirational Community Outreach,,
"Michael Gaines and Faith, LLC",Behavioral Health Service,Behavioral Health Service,East Baton Rouge,Baker,2944 Weiland Drive,2256362638.0,,michaelgaineslcsw@msn.com,,0,Substance Use Disorder,,,,Michael  Gaines,"Michael Gaines and Faith, LLC",,
21st Judicial District Juvenile Drug Court,Behavioral Health Service,Behavioral Health Service,Tangipahoa,Amite,306 East Oak Street,9857478835.0,,fins@21stjdc.org,,0,Substance Use Disorder,,,,Sonja  Smith,21st Judicial District Juvenile Drug Court,,
"Alternative Family & Community Services, LLC",Behavioral Health Service,Behavioral Health Service,Tangipahoa,Amite,203 East Oak Street,2252051824.0,,alternativeservices@outlook.com,,0,Substance Use Disorder,,,,Negatha  Wilson-Ardoin,"Alternative Family & Community Services, LLC",,
"North Tangi Counseling Services, LLC",Behavioral Health Service,Behavioral Health Service,Tangipahoa,Amite,1011 NW Central Avenue Suite N,9854740125.0,,Latonya.smith985@yahoo.com,,0,Substance Use Disorder,,,,Latonya  Smith,"North Tangi Counseling Services, LLC",,
Rise ''N'' Shine Counseling Agency,Behavioral Health Service,Behavioral Health Service,Tangipahoa,Amite,104 Sassafras Street,2256448565.0,,cfurusa01@yahoo.com,,0,Substance Use Disorder,,,,Cardetra  Thompson,Rise ''N'' Shine Counseling Agency,,
St. Bernard Behavioral Health Center,Behavioral Health Service,Behavioral Health Service,St. Bernard,Arabi,6624 St.Claude Ave,5045683130.0,,renata.stark@la.gov,,0,Substance Use Disorder,,,,Renata  Stark,St. Bernard Behavioral Health Center,,
"Humble Beginnings Counseling Agency, LLC",Behavioral Health Service,Behavioral Health Service,Bienville,Arcadia,1921 North Railroad Avenue,3185795105.0,,humblebeginnings15@att.net,,0,Substance Use Disorder,,,,Cynthia  Jackon Murphy,"Humble Beginnings Counseling Agency, LLC",,
Faith and Hope  Behavior Health-Clinton,Behavioral Health Service,Behavioral Health Service,East Feliciana,Clinton,9508 Plant Road Suite D,2256833997.0,,angrumn@gmail.com,,0,Substance Use Disorder,,,,Leslie  Washington,Faith and Hope  Behavior Health-Clinton,,
"Quality Behavioral Management, LLC",Behavioral Health Service,Behavioral Health Service,Iberia,Jeanerette,1407 West Main Street,3372012351.0,,bfrancisjr@yahoo.com,,0,Substance Use Disorder,,,,Berwick  Francis Jr.,"Quality Behavioral Management, LLC",,
Gwangi Counseling Research Training - Independance,Behavioral Health Service,Behavioral Health Service,Tangipahoa,Independence,328 East Rail Road Ave,9856065070.0,,wb.gwangi@gmail.com,,0,Substance Use Disorder,,,,WILLIE  BELL,Gwangi Counseling Research Training - Independance,,
Blessed Beyond Measures,Behavioral Health Service,Behavioral Health Service,Jackson,Jonesboro,"403 Cooper Avenue, Ste B",3185885012.0,,blessedbeyoundmeasurescbs@gmail.com,,0,Substance Use Disorder,,,,SHAMEKA  GIBSON,Blessed Beyond Measures,,
Phoenix Family Life Center-Jena,Behavioral Health Service,Behavioral Health Service,Lasalle,Jena,3683 S. 1st Street,3189927134.0,,lpringle@seasidehc.com,,0,Substance Use Disorder,,,,Courtney  Worthy,Phoenix Family Life Center-Jena,,
Bruce Professional Counseling Services-Harahan,Behavioral Health Service,Behavioral Health Service,Jefferson,Harahan,"824 Elmwood Park Blvd, Suite 150",5047330009.0,,tina-bruce@att.net,,0,Substance Use Disorder,,,,Tina  Bruce,Bruce Professional Counseling Services-Harahan,,
Abundant Counseling Services,Behavioral Health Service,Behavioral Health Service,Jefferson,Harvey,2439 Manhattan Blvd Ste 207,5043648949.0,,abundantcounseling@gmail.com,,0,Substance Use Disorder,,,,Cherly  Mosley,Abundant Counseling Services,,
Abundant Health-Harvey,Behavioral Health Service,Behavioral Health Service,Jefferson,Harvey,"1901 Manhattan Blve, Building F Suite 204",5047081738.0,,abundanthealthinc@yahoo.com,,0,Substance Use Disorder,,,,Patrice  Allen,Abundant Health-Harvey,,
"Ameliorable Solutions, Inc.",Behavioral Health Service,Behavioral Health Service,Jefferson,Harvey,2439 Manhattan Blvd. Suite 301,5043094628.0,,ameliorablesolutions@gmail.com,,0,Substance Use Disorder,,,,Tru' Ieshia  Manard,"Ameliorable Solutions, Inc.",,
Complete Transformations Counseling Center,Behavioral Health Service,Behavioral Health Service,Jefferson,Harvey,2439 Manhatten Blvd #311,5043661399.0,,TFENDERSONDHS2@YAHOO.COM,,0,Substance Use Disorder,,,,Shana  Hickerson,Complete Transformations Counseling Center,,
Exceptional Behavioral Health Services,Behavioral Health Service,Behavioral Health Service,Jefferson,Harvey,2439 Manhattan Blvd. Suite 308,5043665265.0,,exceptionalbehavioralhealthsvc@aol.com,,0,Substance Use Disorder,,,,Tanika  Andrews,Exceptional Behavioral Health Services,,
"Expressive Art Solutions, LLC",Behavioral Health Service,Behavioral Health Service,Jefferson,Harvey,2309 Manhattan BLVD STE. 5,5043766146.0,,lrjolivett@gmail.com,,0,Substance Use Disorder,,,,Latina  Jolivett,"Expressive Art Solutions, LLC",,
Extensions of Life LLC,Behavioral Health Service,Behavioral Health Service,Jefferson,Harvey,2209 Lapalco Blvd. Ste 11,5043227710.0,,extensionsoflife@yahoo.com,,0,Substance Use Disorder,,,,Dondra  Fisher,Extensions of Life LLC,,
"Gateway Foundation, Inc.",Behavioral Health Service,Behavioral Health Service,Jefferson,Harvey,4103 LAC Couture Drive,5043689935.0,,gatewaysystem@bellsouth.net,,0,Substance Use Disorder,,,,Darryl  Chandler,"Gateway Foundation, Inc.",,
Maxima Group Behavioral Services,Behavioral Health Service,Behavioral Health Service,Jefferson,Harvey,2439 Manhattan Blvd Ste 403,5042279998.0,,mgbsinc@gmail.com,,0,Substance Use Disorder,,,,Bryon  Lee,Maxima Group Behavioral Services,,
"New Beginnings Behavioral Health Services, LLC",Behavioral Health Service,Behavioral Health Service,Jefferson,Harvey,2439 Manhattan Blvd. Suite 304,5043336657.0,,nbbhs@yahoo.com,,0,Substance Use Disorder,,,,Lisa  Ruffin,"New Beginnings Behavioral Health Services, LLC",,
New Visions Behavioral Health Center,Behavioral Health Service,Behavioral Health Service,Jefferson,Harvey,"1901 Westbank Expressway, Suite 300",5043677724.0,,newvisionsbh@gmail.com,,0,Substance Use Disorder,,,,Sonja  Ben,New Visions Behavioral Health Center,,
"Acidom Medical Services II, LLC - Houma",Behavioral Health Service,Behavioral Health Service,Terrebonne,Houma,"1340 West Tunnel Blvd, Suite 430",9858738864.0,,acidomgroup@gmail.com,,0,Substance Use Disorder,,,,Roxanne  Modica,"Acidom Medical Services II, LLC - Houma",,
All Pro Behavioral Health Services,Behavioral Health Service,Behavioral Health Service,Terrebonne,Houma,"1340 West Tunnel Blvd, Suite 230",5043141737.0,,allprobha7@gmail.com,,0,Substance Use Disorder,,,,Sade  Verdin,All Pro Behavioral Health Services,,
Healing Hands Staffing,Behavioral Health Service,Behavioral Health Service,Terrebonne,Houma,"801 Barrow Street, Suite 301",9857465900.0,,hhsbhcare@hotmail.com,,0,Substance Use Disorder,,,,Taquana  Mason,Healing Hands Staffing,,
Lighthouse Community Care-Houma,Behavioral Health Service,Behavioral Health Service,Terrebonne,Houma,"120 Progressive Blvd, Suite 106",9857465581.0,,bthomasceo@lighthouseccbr.com,,0,Substance Use Disorder,,,,Tiffany  Beshears,Lighthouse Community Care-Houma,,
"New Start Recovery, Inc",Behavioral Health Service,Behavioral Health Service,Terrebonne,Houma,214 High Street,9852234009.0,,brett@nsrdrugtreatment.com,,0,Substance Use Disorder,,,,Brett Matherne,"New Start Recovery, Inc",,
Options for Independence,Behavioral Health Service,Behavioral Health Service,Terrebonne,Houma,"8326 Main Street, # 3",9858682620.0,,rhoffmannspears@op4in.com,,0,Substance Use Disorder,,,,Barry  Chauvin,Options for Independence,,
Restore Outreach Center - Houma,Behavioral Health Service,Behavioral Health Service,Terrebonne,Houma,205 Enterprise Drive Suite D,9853030182.0,,restoreoutreachcenter@gmail.com,,0,Substance Use Disorder,,,,Martin  Knightshead,Restore Outreach Center - Houma,,
Start Corporation - Houma,Behavioral Health Service,Behavioral Health Service,Terrebonne,Houma,420 Magnolia Street,9858793967.0,,casey@startcorp.org,,0,Substance Use Disorder,,,,Casey  Guidry,Start Corporation - Houma,,
Terrebonne Behavioral Health Center,Behavioral Health Service,Behavioral Health Service,Terrebonne,Houma,5599 Highway 311,9858573615.0,,renee.ring@la.gov,,0,Substance Use Disorder,,,,Renee  Ring,Terrebonne Behavioral Health Center,,
Townsend Treatment Center - Houma,Behavioral Health Service,Behavioral Health Service,Terrebonne,Houma,"1340 West Tunnel Blvd, Suite 212",9857463946.0,,kguidry@contactaac.com,,0,Substance Use Disorder,,,,Marty  Trosclair,Townsend Treatment Center - Houma,,
Stepping Stones Counseling Agency,Behavioral Health Service,Behavioral Health Service,Jackson,Jonesboro,103 4th Street,3182591500.0,,steppingstonesjb@gmail.com,,0,Substance Use Disorder,,,,Aluthia  Palmer Brooks,Stepping Stones Counseling Agency,,
Volunteers of America,Behavioral Health Service,Behavioral Health Service,Lafayette,Lafayette,"224 St.Landry Street, Suite 2C",3372345715.0,,ghasling@voa-acadiana.org,,0,Substance Use Disorder,,,,Gwen  Sanders,Volunteers of America,,
Whispering Oaks Lodge at Pinhook,Behavioral Health Service,Behavioral Health Service,Lafayette,Lafayette,"2020 W Pinhook Road, Suite 401",3375910448.0,,dabshire@whisperingoakslodge.com,,0,Substance Use Disorder,,,,Dwayne  Abshire,Whispering Oaks Lodge at Pinhook,,
Victory Addiction Recovery Center,Behavioral Health Service,Behavioral Health Service,Lafayette,Lafayette,111 Liberty Avenue,3374569111.0,,melanie@myvictorycenter.com,,0,Substance Use Disorder,,,,Melanie  Courville,Victory Addiction Recovery Center,,
Townsend Treatment Center - Lafayette,Behavioral Health Service,Behavioral Health Service,Lafayette,Lafayette,"4540 Ambassador Caffery Parkway, Suite C-110",3372167502.0,,kguidry@contactaac.com,,0,Substance Use Disorder,,,,Rusty  Phillips,Townsend Treatment Center - Lafayette,,
Alternative Outpatient Services,Behavioral Health Service,Behavioral Health Service,Lafayette,Lafayette,"341 Doucet Road, Suite A",3372340830.0,,bchenry14@yahoo.com,,0,Substance Use Disorder,,,,Brian  Henry,Alternative Outpatient Services,,
Biltmore Health Services-Lafayette,Behavioral Health Service,Behavioral Health Service,Lafayette,Lafayette,917 General Mouton,3186703975.0,,kchevalier@biltmore healthservices.com,,0,Substance Use Disorder,,,,Omar  Ellis,Biltmore Health Services-Lafayette,,
Breakthrough Therapeutic Services,Behavioral Health Service,Behavioral Health Service,Lafayette,Lafayette,105 Industrial Parkway,3375011128.0,,kizzyhdixon@yahoo.com,,0,Substance Use Disorder,,,,Kizzy  Dixon,Breakthrough Therapeutic Services,,
Cognitive Development Center of Lafayette,Behavioral Health Service,Behavioral Health Service,Lafayette,Lafayette,"850 Kaliste Saloom Road, Suite 117",3372437109.0,,ckennedy@seasidehc.com,,0,Substance Use Disorder,,,,Tarkisha  Wallace,Cognitive Development Center of Lafayette,,
Dr. Joseph Henry Tyler Jr Behavioral Health Clinic,Behavioral Health Service,Behavioral Health Service,Lafayette,Lafayette,302 Dulles Drive,3372624100.0,,tynese.breaux@la.gov,,0,Substance Use Disorder,,,,Tynese  Breaux,Dr. Joseph Henry Tyler Jr Behavioral Health Clinic,,
Family Institute for Recovery & Empowerment,Behavioral Health Service,Behavioral Health Service,Lafayette,Lafayette,120 Huggins Road,3374126362.0,,info@family-institute.net,,0,Substance Use Disorder,,,,Ricardo  Williams,Family Institute for Recovery & Empowerment,,
HCO Behavioral Health Services - Lafayette,Behavioral Health Service,Behavioral Health Service,Lafayette,Lafayette,"128 Demanade Blvd, Suite 201",2252610160.0,,onyacarter@hcohome.com,,0,Substance Use Disorder,,,,Onya  Carter,HCO Behavioral Health Services - Lafayette,,
Insight Guidance Group,Behavioral Health Service,Behavioral Health Service,Lafayette,Lafayette,113 West Convent Street,3375340770.0,,admin@insightguidancegroup.com,,0,Substance Use Disorder,,,,Jennifer  Rhynes,Insight Guidance Group,,
LA Excel Care-Lafayette,Behavioral Health Service,Behavioral Health Service,Lafayette,Lafayette,1304 Bertrand Drive Suite 2,3374841227.0,,laexcelcarelafayette@gmail.com,,0,Substance Use Disorder,,,,Dickson  Idusuyi,LA Excel Care-Lafayette,,
"Life Changing Solutions, LLC - Lafayette",Behavioral Health Service,Behavioral Health Service,Lafayette,Lafayette,"315 S. College Road, Suite 100",3372056073.0,,lcs@lifechangingsolutionsllc.com,,0,Substance Use Disorder,,,,Juanice  Moses,"Life Changing Solutions, LLC - Lafayette",,
Loving Hearts Social Services-Lafayette,Behavioral Health Service,Behavioral Health Service,Lafayette,Lafayette,"2448 Johnston Street, Suite B",3372337250.0,,kdurand@lovingheartsofla.com,,0,Substance Use Disorder,,,,Glen  Durand,Loving Hearts Social Services-Lafayette,,
Merakey Pennsylvania-Lafayette,Behavioral Health Service,Behavioral Health Service,Lafayette,Lafayette,106 Heymann Blvd.,3375044279.0,,mdahlhauser@merakey.org,,0,Substance Use Disorder,,,,Mike  Dahlhauser,Merakey Pennsylvania-Lafayette,,
New Choice Counseling Center-Lafayette,Behavioral Health Service,Behavioral Health Service,Lafayette,Lafayette,"714 East Kaliste Saloom Road, Suite B-2",3186589927.0,,jbrown@newchoicecounseling.org,,0,Substance Use Disorder,,,,Lynette  Jones,New Choice Counseling Center-Lafayette,,
"Palmetto Addiction Recovery Center, Inc",Behavioral Health Service,Behavioral Health Service,Lafayette,Lafayette,"345 Doucet Rd, Suite 218",3375044608.0,,mlapeyronnie@palmettocenter.com,,0,Substance Use Disorder,,,,Hollye  Rogers,"Palmetto Addiction Recovery Center, Inc",,
Phoenix Family Life Center-Lafayette,Behavioral Health Service,Behavioral Health Service,Lafayette,Lafayette,100 Asma Blvd Saloom Office Pk Bldg One suite 200/205 East,3374567880.0,,lpringle@seasidehc.com,,0,Substance Use Disorder,,,,Kim  Johnson,Phoenix Family Life Center-Lafayette,,
Positive Choices Counseling Services Inc-Lafayette,Behavioral Health Service,Behavioral Health Service,Lafayette,Lafayette,"2701 Johnston Street, Suite 300",3374464707.0,,positivechoicesinc2@yahoo.com,,0,Substance Use Disorder,,,,Edward  Brown,Positive Choices Counseling Services Inc-Lafayette,,
Premier Rehab of SW Louisiana - Lafayette,Behavioral Health Service,Behavioral Health Service,Lafayette,Lafayette,"1144 Coolidge Street, Suite C",3372667170.0,,mbrown@premierrehabswla.com,,0,Substance Use Disorder,,,,Mark  Brown,Premier Rehab of SW Louisiana - Lafayette,,
Rehabilitation Services of Acadiana - Lafayette,Behavioral Health Service,Behavioral Health Service,Lafayette,Lafayette,1017 St. John Street,3187423408.0,,cco@rsofla.com,,0,Substance Use Disorder,,,,Christopher  Mudd,Rehabilitation Services of Acadiana - Lafayette,,
"Resource Management Services of St. Landry, LLC",Behavioral Health Service,Behavioral Health Service,Lafayette,Lafayette,116 Betrand Dr. Ste 100,3372618781.0,,maryellen.baileyrms@gmail.com,,0,Substance Use Disorder,,,,Monica  Blanchard,"Resource Management Services of St. Landry, LLC",,
Shoulders of Strength - Lafayette,Behavioral Health Service,Behavioral Health Service,Lafayette,Lafayette,700 St Landry Street,2252919646.0,,sosinc130@aol.com,,0,Substance Use Disorder,,,,Marcella  Thompson,Shoulders of Strength - Lafayette,,
Solutions Recovery Center,Behavioral Health Service,Behavioral Health Service,Lafayette,Lafayette,"2020 West Pinhook Road, Suite 504",3372142100.0,,admin@solutionstoaddiction.com,,0,Substance Use Disorder,,,,Bill  Richard,Solutions Recovery Center,,
"The Extra Mile, Region IV, Inc",Behavioral Health Service,Behavioral Health Service,Lafayette,Lafayette,525 S Buchanan St,3372372090.0,,jody.harris@theextramileregionIV.com,,0,Substance Use Disorder,,,,Jody  Harris,"The Extra Mile, Region IV, Inc",,
The Family Tree Info.Education & Counseling Center,Behavioral Health Service,Behavioral Health Service,Lafayette,Lafayette,"1602 West Pinhook Rd, Suite 100A",3379812180.0,,mcollins@acadianafamilytree.org,,0,Substance Use Disorder,,,,Marie Collins,The Family Tree Info.Education & Counseling Center,,
Acadiana C.A.R.E.S.,Behavioral Health Service,Behavioral Health Service,Lafayette,Lafayette,809 Martin Luther King Jr. Drive,3372332437.0,,claude@acadianacares.org,,0,Substance Use Disorder,,,,David  Speranza,Acadiana C.A.R.E.S.,,
Acadiana Recovery Center,Behavioral Health Service,Behavioral Health Service,Lafayette,Lafayette,401 E Vermillion Street,3372365446.0,,rgomez@woodlakecenter.com,,0,Substance Use Disorder,,,,Catherine  Fontenot,Acadiana Recovery Center,,
"Assurance Care Provider, LLC",Behavioral Health Service,Behavioral Health Service,Jefferson,Kenner,2145 Rev Richard Wilson Drive,5044720068.0,,acpmhr@yahoo.com,,0,Substance Use Disorder,,,,Ronad  Tassin,"Assurance Care Provider, LLC",,
Counseling Specialists LLC,Behavioral Health Service,Behavioral Health Service,Jefferson,Kenner,"1800 Williams Blvd, Ste A",5045754662.0,,counselingspecialistsllc@gmail.com,,0,Substance Use Disorder,,,,Elissa  Millman,Counseling Specialists LLC,,
Lighthouse Community Care-Kenner,Behavioral Health Service,Behavioral Health Service,Jefferson,Kenner,"2400 Veterans Memorial Blvd, Suite 215",6044055280.0,,bthomasceo@lighthouseccbr.com,,0,Substance Use Disorder,,,,Tiffany  Beshears,Lighthouse Community Care-Kenner,,
Phoenix Family Life Center- Kenner,Behavioral Health Service,Behavioral Health Service,Jefferson,Kenner,220 Veterans Blvd. Ste 105,5043054704.0,,lpringle@seasidehc.com,,0,Substance Use Disorder,,,,Kim  Johnson,Phoenix Family Life Center- Kenner,,
"Progressive Community Care Center, LLC",Behavioral Health Service,Behavioral Health Service,St. John The Baptist,La Place,"3205 New Highway 51, Suite C",9856510020.0,,progressiveccc@yahoo.com,,0,Substance Use Disorder,,,,Keyorka  Dennis,"Progressive Community Care Center, LLC",,
"River Region Behavioral Health Services, LLC",Behavioral Health Service,Behavioral Health Service,St. John The Baptist,La Place,"1 Ormaond Blvd, Suite B",9852242998.0,,riverregionbhs@mail.com,,0,Substance Use Disorder,,,,Michelle  Jenkins-Miller,"River Region Behavioral Health Services, LLC",,
Sanctuary Louisiana L.L.C,Behavioral Health Service,Behavioral Health Service,Jefferson Davis,Lacassine,21089 South Frontage Road,3379369197.0,,sanctuarylouisiana@gmail.com,,0,Substance Use Disorder,,,,Kelvin  Smith,Sanctuary Louisiana L.L.C,,
River Parishes Behavioral Health Center,Behavioral Health Service,Behavioral Health Service,St. John The Baptist,La Place,1809 West Airline Hwy.,9856528444.0,,william.magee@la.gov,,0,Substance Use Disorder,,,,William  Magee,River Parishes Behavioral Health Center,,
"People''s 1st Behavioral Health Solutions, LLC",Behavioral Health Service,Behavioral Health Service,St. John The Baptist,La Place,"1317 West Airline Hwy, Ste D",9852334063.0,,people''s1stbhs@gmail.com,,0,Substance Use Disorder,,,,Chelsei  Slocum,"People''s 1st Behavioral Health Solutions, LLC",,
"Healing Hands Staffing, Inc",Behavioral Health Service,Behavioral Health Service,St. John The Baptist,La Place,"299 Belle Terre Blvd, Suite E",9856514612.0,,taquanamason@hotmail.com,,0,Substance Use Disorder,,,,Taquana  Mason,"Healing Hands Staffing, Inc",,
Absolute Health Inc- Laplace,Behavioral Health Service,Behavioral Health Service,St. John The Baptist,La Place,560 Belle Terre Blvd,9856520078.0,,daintryconerly@bellsouth.net,,0,Substance Use Disorder,,,,Daintry  Conerly,Absolute Health Inc- Laplace,,
Choices of Louisiana-LaPlace,Behavioral Health Service,Behavioral Health Service,St. John The Baptist,La Place,128 Woodland Drive,9856513777.0,,labrowns@eatel.net,,0,Substance Use Disorder,,,,Robert  Brown,Choices of Louisiana-LaPlace,,
Cognitive Development Center - LaPlace,Behavioral Health Service,Behavioral Health Service,St. John The Baptist,La Place,576 Belle Terre Blvd,5044932271.0,,cjohnson@seasidehc.com,,0,Substance Use Disorder,,,,Christopher  Johnson,Cognitive Development Center - LaPlace,,
"Greater You Counseling Center, LLC",Behavioral Health Service,Behavioral Health Service,St. John The Baptist,La Place,"429 Airline Highway, Suite V",9856183403.0,,greaterucounseling@gmail.com,,0,Substance Use Disorder,,,,Charme  Williams,"Greater You Counseling Center, LLC",,
Brightside Social Services Louisiana,Behavioral Health Service,Behavioral Health Service,Livingston,Denham Springs,106 Business Park Avenue,8884175250.0,,e.roquemore@brightsidela.com,,0,Substance Use Disorder,,,,Evon  Roquemore,Brightside Social Services Louisiana,,
"Complete Care Services2, LLC",Behavioral Health Service,Behavioral Health Service,Livingston,Denham Springs,"303 Veterans Blvd, Ste A",2253692363.0,,CCS2.BHS@gmail.com,,0,Substance Use Disorder,,,,Jim  Kelly,"Complete Care Services2, LLC",,
Narconon Louisiana New Life Retreat,Behavioral Health Service,Behavioral Health Service,Livingston,Denham Springs,35059 Bend Road,2252435047.0,,kkeeney@newliferetreat.org,,0,Substance Use Disorder,,,,Athy  Steiner,Narconon Louisiana New Life Retreat,,
"Spectrum Rehab Services, Inc",Behavioral Health Service,Behavioral Health Service,Livingston,Denham Springs,30826 Linder Road,2256657878.0,,spectrum7856@gmail.com,,0,Substance Use Disorder,,,,Michelle  Miner,"Spectrum Rehab Services, Inc",,
"The Journey Home Recovery Center, Inc.",Behavioral Health Service,Behavioral Health Service,Livingston,Denham Springs,10875 Fontenot Road,2256673933.0,,brenda@thejourneyhome.com,,0,Substance Use Disorder,,,,Brenda  Camp,"The Journey Home Recovery Center, Inc.",,
Jefferson Parish Human Services Authority,Behavioral Health Service,Behavioral Health Service,Jefferson,Elmwood,1500 River Oaks Rd West,5042351122.0,,rdichiro@jphsa.org,,0,Substance Use Disorder,,,,Jennifer  Phillips,Jefferson Parish Human Services Authority,,
Woodlake Addiction Recovery Center,Behavioral Health Service,Behavioral Health Service,East Feliciana,Ethel,3015 Highway 956,2256834144.0,,wchapman@woodlakecenter.com,,0,Substance Use Disorder,,,,Kevin  James,Woodlake Addiction Recovery Center,,
"HTM Essentials, LLC",Behavioral Health Service,Behavioral Health Service,St. Landry,Eunice,"711 East Laurel, Suite D",3374663700.0,,essentialshtm@gmail.com,,0,Substance Use Disorder,,,,Hildred  Thomas,"HTM Essentials, LLC",,
Cross Over Therapy,Behavioral Health Service,Behavioral Health Service,Ascension,Donaldsonville,206 Clinic Drive,2252646670.0,,tammy@crossovertherapy.com,,0,Substance Use Disorder,,,,Tammy  Cooper,Cross Over Therapy,,
"M & M Behavioral Health Center, LLC",Behavioral Health Service,Behavioral Health Service,Richland,Delhi,712 First Street,3188786696.0,,felicia.mmbhc@yahoo.com,,0,Substance Use Disorder,,,,Felicia  Davis-Modicue,"M & M Behavioral Health Center, LLC",,
"Therapeutic Partners, LLLC",Behavioral Health Service,Behavioral Health Service,St. Tammany,Covington,60 Louis Prima,9853275427.0,,cmelancon@therapeuticpartners.net,,0,Substance Use Disorder,,,,Deana  Jacob,"Therapeutic Partners, LLLC",,
Townsend Treatment Center - Covington,Behavioral Health Service,Behavioral Health Service,St. Tammany,Covington,"19411 Helenberg Road, Suite 101",9858932522.0,,kguidry@contactaac.com,,0,Substance Use Disorder,,,,Kristine  Guidry,Townsend Treatment Center - Covington,,
"Truth 180, LLC",Behavioral Health Service,Behavioral Health Service,St. Tammany,Covington,"20234 Highway 36, Suites B and C",9858099900.0,,rweaver@truth180.org,,0,Substance Use Disorder,,,,Christopher  Russell,"Truth 180, LLC",,
Walk with me Community Improvement,Behavioral Health Service,Behavioral Health Service,St. Tammany,Covington,19295 N. 3rd Street Suite 2,9854005901.0,,lporter.wwmcic@gmail.com,,0,Substance Use Disorder,,,,Latoyia  Porter,Walk with me Community Improvement,,
Youth Service Bureau of St. Tammany,Behavioral Health Service,Behavioral Health Service,St. Tammany,Covington,430 North New Hampshire Street,9858932570.0,,sestewart@ysbworks.com,,0,Substance Use Disorder,,,,SUE E STEWART,Youth Service Bureau of St. Tammany,,
Feliciana''s Youth of Distinction Behavioral Health,Behavioral Health Service,Behavioral Health Service,East Feliciana,Clinton,"10105 Plank Road, Suite A",2252447026.0,,fyod@att.net,,0,Substance Use Disorder,,,,Stephanie  Spann-Gilmore,Feliciana''s Youth of Distinction Behavioral Health,,
Columbia Behavioral Health Clinic,Behavioral Health Service,Behavioral Health Service,Caldwell,Columbia,5159 Highwa 4 East,3186492333.0,,johnathon.robert@la.gov,,0,Substance Use Disorder,,,,Johnathon  Robert,Columbia Behavioral Health Clinic,,
"Acadiana Hope and Wellness Center, LLC",Behavioral Health Service,Behavioral Health Service,Acadia,Crowley,19157 Crowley Eunice Highway,3375142101.0,,ahwctr@gmail.com,,0,Substance Use Disorder,,,,Valencia Demuchest,"Acadiana Hope and Wellness Center, LLC",,
Crowley Behavioral Health Clinic,Behavioral Health Service,Behavioral Health Service,Acadia,Crowley,1822 West 2nd Street,3377887511.0,,carolyn.knowles@la.gov,,0,Substance Use Disorder,,,,Carolyn Knowles,Crowley Behavioral Health Clinic,,
The Center for Children and Families - Crowley,Behavioral Health Service,Behavioral Health Service,Acadia,Crowley,"1325 Wright Ave, Suite D",3375145182.0,,mthornton@standforhope.org,,0,Substance Use Disorder,,,,Matthew  Thornton,The Center for Children and Families - Crowley,,
"Safe Haven Counseling, LLC",Behavioral Health Service,Behavioral Health Service,Union,Farmerville,107 Miller Street,3183685279.0,,church.rainie@yahoo.com,,0,Substance Use Disorder,,,,Bobby  Church,"Safe Haven Counseling, LLC",,
Bold Treatment,Behavioral Health Service,Behavioral Health Service,Tangipahoa,Hammond,40521 Pumpkin Center Road,2252940101.0,,larrycp48@gmail.com,,0,Substance Use Disorder,,,,Larry  Phinney,Bold Treatment,,
Cope Behavioral Health-Hammond,Behavioral Health Service,Behavioral Health Service,Tangipahoa,Hammond,208 East Thomas Street,9859567823.0,,copebehavioralhealth@gmail.com,,0,Substance Use Disorder,,,,Michelle  Evans,Cope Behavioral Health-Hammond,,
Choices of Louisiana at Northshore,Behavioral Health Service,Behavioral Health Service,Tangipahoa,Hammond,615 Pride Drive,9854191666.0,,rtbrown01@msn.com,,0,Substance Use Disorder,,,,Roye T Brown,Choices of Louisiana at Northshore,,
Epiphany Healthcare of Hammond,Behavioral Health Service,Behavioral Health Service,Tangipahoa,Hammond,906 Fagan Drive Bldg. A Suite 6A,9859537370.0,,moorequalityhealthcare.gmail.com,,0,Substance Use Disorder,,,,Christopher  Moore,Epiphany Healthcare of Hammond,,
"Unique''''s Professional Services, LLC",Behavioral Health Service,Behavioral Health Service,Jefferson,Gretna,"1799 Stumpf Blvd. Building 7, Suite 9A",8668647834.0,,uniquespsllc@yahoo.com,,0,Substance Use Disorder,,,,Vom Cedric  Dixen,"Unique''''s Professional Services, LLC",,
"Inkreasing Kare Behavioral Healthcare, LLC",Behavioral Health Service,Behavioral Health Service,Tangipahoa,Hammond,1008 Venice Street,9856874703.0,,inkreasingkare@ikkbh.net,,0,Substance Use Disorder,,,,Margaret  Provost,"Inkreasing Kare Behavioral Healthcare, LLC",,
Lighthouse Community Care-Hammond,Behavioral Health Service,Behavioral Health Service,Tangipahoa,Hammond,"1126 Commercial Drive, Suite 2",9859567560.0,,bthomasceo@lighthouseccbr.com,,0,Substance Use Disorder,,,,Tiffany  Beshears,Lighthouse Community Care-Hammond,,
Merakey Pennsylvania - Hammond,Behavioral Health Service,Behavioral Health Service,Tangipahoa,Hammond,"44617 S Airport Road, Suites C & D",9854297611.0,,mdahlhauser@merakey.org,,0,Substance Use Disorder,,,,Mike  Dahlhauser,Merakey Pennsylvania - Hammond,,
"New Beginnings Behavioral Healthcare, Inc",Behavioral Health Service,Behavioral Health Service,Tangipahoa,Hammond,1417 W. Morris Avenue Suite E,9855429949.0,,newbeginningsbhc@aol.com,,0,Substance Use Disorder,,,,Angela  Mayfield,"New Beginnings Behavioral Healthcare, Inc",,
New World Behavioral Services,Behavioral Health Service,Behavioral Health Service,Tangipahoa,Hammond,"42367 Deluxe Plaza, Suite 30",9852058148.0,,newworldbehavioral@gmail.com,,0,Substance Use Disorder,,,,Kamal  Dorsey,New World Behavioral Services,,
"O & M Family Care, LLC",Behavioral Health Service,Behavioral Health Service,Tangipahoa,Hammond,12561 Wardline Road,9855205697.0,,Jasmine.ard@selu.edu,,0,Substance Use Disorder,,,,Jasmine  UBA,"O & M Family Care, LLC",,
Rosenblum  Behavioral Health Clinic,Behavioral Health Service,Behavioral Health Service,Tangipahoa,Hammond,"835 Pride Drive, Suite B",9855434080.0,,aimee.foil@fphsa.org,,0,Substance Use Disorder,,,,Aimee  Foil,Rosenblum  Behavioral Health Clinic,,
The First Step Youth & Family Services,Behavioral Health Service,Behavioral Health Service,Jefferson,Gretna,1202 Monroe Street,5043096798.0,,thefirststepllc@gmail.com,,0,Substance Use Disorder,,,,Kimberly  Andres,The First Step Youth & Family Services,,
Ascension Counseling Center,Behavioral Health Service,Behavioral Health Service,Ascension,Gonzales,1112-A E. Ascension Complex,2254501160.0,,shamilton@apgov.us,,0,Substance Use Disorder,,,,Suzanne  Hamilton,Ascension Counseling Center,,
Enhance Healthcare Services Behavioral Health,Behavioral Health Service,Behavioral Health Service,Ascension,Gonzales,"1058 East Worthey Street, Suite B-2",2252587322.0,,enhancehhc@gmail.com,,0,Substance Use Disorder,,,,Genlyn  Green,Enhance Healthcare Services Behavioral Health,,
Gonzales Mental Health Center,Behavioral Health Service,Behavioral Health Service,Ascension,Gonzales,1112 South East Ascension Complex Blvd,2256215770.0,,ryan.rife@la.gov,,0,Substance Use Disorder,,,,Jan  Kasofsky,Gonzales Mental Health Center,,
"Open Arms Behavioral Services, LLC",Behavioral Health Service,Behavioral Health Service,Ascension,Gonzales,108 East Sanders Street,2256474105.0,,tpatterson@oabsllc.com,,0,Substance Use Disorder,,,,Tamekia  Spencer Patterson,"Open Arms Behavioral Services, LLC",,
Power House Services,Behavioral Health Service,Behavioral Health Service,Ascension,Gonzales,715 West Worthey,2256478277.0,,sober@powerhouseprograms.com,,0,Substance Use Disorder,,,,Cody  Goutreaux,Power House Services,,
Rise ''N'' Shine Counseling Agency - Gonzales,Behavioral Health Service,Behavioral Health Service,Ascension,Gonzales,"1724 N Burnside, Suite 7",2256448565.0,,cfurusa01@yahoo.com,,0,Substance Use Disorder,,,,Cardetra  Thompson,Rise ''N'' Shine Counseling Agency - Gonzales,,
Cognitive Development Center - Ferriday,Behavioral Health Service,Behavioral Health Service,Concordia,Ferriday,615 South E. Wallace Blvd,3187579363.0,,awoods@seasidehc.com,,0,Substance Use Disorder,,,,Timeka  Wright,Cognitive Development Center - Ferriday,,
"New Horizon Counseling Agency, LLC-Ferriday",Behavioral Health Service,Behavioral Health Service,Concordia,Ferriday,206 Serio Blvd,3184377172.0,,newhorizon_counseling@yahoo.com,,0,Substance Use Disorder,,,,Cotrinia  Price,"New Horizon Counseling Agency, LLC-Ferriday",,
People United Behavioral Health-Ferriday,Behavioral Health Service,Behavioral Health Service,Concordia,Ferriday,128 Louisiana Avenue,3184377157.0,,peopleunitedr8@gmail.com,,0,Substance Use Disorder,,,,Jasmine  Schiele,People United Behavioral Health-Ferriday,,
"Hidden Gems Social Services, LLC",Behavioral Health Service,Behavioral Health Service,St. Mary,Franklin,75 Main Street,3379076389.0,,hiddengemsss@yahoo.com,,0,Substance Use Disorder,,,,Falaisha  Thomas,"Hidden Gems Social Services, LLC",,
"Washington Parish Behavioral Health, LLC",Behavioral Health Service,Behavioral Health Service,Washington,Franklinton,915 Washington Street,9853222026.0,,washingtonparishbh@gmail.com,,0,Substance Use Disorder,,,,Mark  James,"Washington Parish Behavioral Health, LLC",,
Sims Social Services,Behavioral Health Service,Behavioral Health Service,Jefferson,Gretna,401 Whitney Avenue Suite 409,5043629010.0,,simssr@cox.net,,0,Substance Use Disorder,,,,Victor  Sims,Sims Social Services,,
HCO Behavioral Health Services,Behavioral Health Service,Behavioral Health Service,East Baton Rouge,Greenwell Springs,6685 Sullivan Road-Suite B,2252617143.0,,onyacarterhcbobhs.com,,0,Substance Use Disorder,,,,Annette  Austin,HCO Behavioral Health Services,,
"Abundance Behavioral Health, LLC",Behavioral Health Service,Behavioral Health Service,Jefferson,Gretna,"401 Whitney Avenue, Suite 613",5043451711.0,,abhllc@wmconnect.com,,0,Substance Use Disorder,,,,Ogo  Emodi-Onwuka,"Abundance Behavioral Health, LLC",,
"Advanced Therapeutic Services, LLC",Behavioral Health Service,Behavioral Health Service,Jefferson,Gretna,"1799 Stumpf Blvd, Building 3, Suite 4B",5044070755.0,,ats1799@gmail.com,,0,Substance Use Disorder,,,,Rudolph  Clarke,"Advanced Therapeutic Services, LLC",,
"Alternative Care Consultants, LLC",Behavioral Health Service,Behavioral Health Service,Jefferson,Gretna,"1500 Lafayette Street, Ste 109",5043582373.0,,vhk7020@gmail.com,,0,Substance Use Disorder,,,,Vivison  Kerr,"Alternative Care Consultants, LLC",,
American Active Rehab LLC,Behavioral Health Service,Behavioral Health Service,Jefferson,Gretna,401 Whitney Avenue Suite 320,5042631403.0,,rehabact@bellsouth.net,,0,Substance Use Disorder,,,,Rita  Ekenta,American Active Rehab LLC,,
"Anchored in Wellness, LLC",Behavioral Health Service,Behavioral Health Service,Jefferson,Gretna,1799 Stumpf Blvd Building 1 Ste. 1,5042662522.0,,anchoredinwellnessllc@gmail.com,,0,Substance Use Disorder,,,,Jasmine  Berfect,"Anchored in Wellness, LLC",,
BHG New Orleans Westbank Treatment Center,Behavioral Health Service,Behavioral Health Service,Jefferson,Gretna,"1141 Whitney Avenue, Building 4",5043471120.0,,derek.walsh@bhgrecovery.com,,0,Substance Use Disorder,,,,Derek  Walsh,BHG New Orleans Westbank Treatment Center,,
Brightway Mental Health Clinic,Behavioral Health Service,Behavioral Health Service,Jefferson,Gretna,252 Hector Avenue Suite A,5044351444.0,,bpreattobmhc@outlook.com,,0,Substance Use Disorder,,,,Brandy  Preatto,Brightway Mental Health Clinic,,
"City Medical Management Services, Inc.",Behavioral Health Service,Behavioral Health Service,Jefferson,Gretna,"1799 Stumpf Blvd, Bldg 7, Suite 6",5045103555.0,,cmmgretna1799@gmail.com,,0,Substance Use Disorder,,,,Renee  Woods,"City Medical Management Services, Inc.",,
Family Affair Counseling Agency,Behavioral Health Service,Behavioral Health Service,Jefferson,Gretna,"1799 Stumpf Blvd, Building 2, Suite 2",5043098630.0,,familyaffaircounseling@gmail.com,,0,Substance Use Disorder,,,,Yelitza  Gray,Family Affair Counseling Agency,,
"Holistic Educational Rehab Center, Inc",Behavioral Health Service,Behavioral Health Service,Jefferson,Gretna,2100 Belle Chasse Highway,5043676630.0,,ldoyle8991@aol.com,,0,Substance Use Disorder,,,,LaShun  Doyle,"Holistic Educational Rehab Center, Inc",,
"Innovative Start, LLC",Behavioral Health Service,Behavioral Health Service,Jefferson,Gretna,1101 Franklin St,5043615972.0,,innovative_start@yahoo.com,,0,Substance Use Disorder,,,,Doris Green,"Innovative Start, LLC",,
Nu Vision Behavioral Health,Behavioral Health Service,Behavioral Health Service,Jefferson,Gretna,1799 Stumpf Blvd Bldg. 2 Ste 4-A,5043010811.0,,1799NUV@GMAIL.COM,,0,Substance Use Disorder,,,,Stacey Phelps,Nu Vision Behavioral Health,,
"OPS Family Care, LLC",Behavioral Health Service,Behavioral Health Service,Jefferson,Gretna,1799 Stumpf Blvd Bldg. 4 Ste 3,5043676888.0,,csmith@ops.familycare.com,,0,Substance Use Disorder,,,,Ossie  Powell,"OPS Family Care, LLC",,
People''s First Behavior Health Solutions,Behavioral Health Service,Behavioral Health Service,Jefferson,Gretna,1500 Lafayette St.Ste 140,5045584931.0,,peoples1stbhs@gmail.com,,0,Substance Use Disorder,,,,chelsei  Slocum,People''s First Behavior Health Solutions,,
Responsibility House,Behavioral Health Service,Behavioral Health Service,Jefferson,Gretna,"1799 Stumpf Blvd Bldg 1, Suites 2&4",5043674234.0,,mrose@rhousela.org,,0,Substance Use Disorder,,,,Mike  Martyn,Responsibility House,,
Solutions Behavioral Health,Behavioral Health Service,Behavioral Health Service,St. Helena,Greensburg,33 Church Street,2252223341.0,,kthomas4theyouth@yahoo.com,,0,Substance Use Disorder,,,,Tony  Monk,Solutions Behavioral Health,,
Charles Bramlet,Psychiatry,Outpatient / Provider,,Lafayette,119 Rue Fontaine,,,,Adult (65+),0,Psychiatry,Unknown,Y,,,Charles Bramlet,,
Kristoffer Mccoy,Psychiatry,Outpatient / Provider,,Lafayette,800 Kaliste Saloom Rd,,,,Adult (65+),0,Psychiatry,Unknown,Y,,,Kristoffer Mccoy,,
Edwin Urbi,Psychiatry,Outpatient / Provider,,Alexandria,4120 Jackson Street Ext,,,,Adult (65+),0,Psychiatry,Unknown,Y,,,Edwin Urbi,,
Michael Brown,Psychiatry,Outpatient / Provider,,Lake Charles,333 Dr Michael Debakey Dr,,,,Adult (65+),0,Psychiatry,Unknown,Y,,,Michael Brown,,
Venugopal Vatsavayi,Psychiatry,Outpatient / Provider,,Baton Rouge,3401 North Blvd Ste 100,,,,Adult (65+),0,Psychiatry,Unknown,Y,,,Venugopal Vatsavayi,,
Said Cantu,Psychiatry,Outpatient / Provider,,Lake Charles,2829 4th Avenue,,,,Adult (65+),0,Psychiatry,Unknown,Y,,,Said Cantu,,
Tawfik Mukhtar-Benghozi,Psychiatry,Outpatient / Provider,,Alexandria,5920 Coliseum Blvd.,,,,Adult (65+),0,Psychiatry,Unknown,Y,,,Tawfik Mukhtar-Benghozi,,
Philip Landry,Psychiatry,Outpatient / Provider,,Opelousas,537 S Main,,,,Adult (65+),0,Psychiatry,Unknown,Y,,,Philip Landry,,
Sidney Smith,Psychiatry,Outpatient / Provider,,Metairie,3901 Houma Blvd Ste 401,,,,Adult (65+),0,Psychiatry,Unknown,Y,,,Sidney Smith,,
Carol Murphy,Psychiatry,Outpatient / Provider,,Baton Rouge,7922 Wrenwood Blvd Ste A,,,,Adult (65+),0,Psychiatry,Unknown,Y,,,Carol Murphy,,
Anupama Atluri,Psychiatry,Outpatient / Provider,,Baton Rouge,8542 Siegen Ln,,,,Adult (65+),0,Psychiatry,Unknown,Y,,,Anupama Atluri,,
Garrett Ryder,Psychiatry,Outpatient / Provider,,Lake Charles,3109 Common St,,,,Adult (65+),0,Psychiatry,Unknown,Y,,,Garrett Ryder,,
Jose Rodriguez,Psychiatry,Outpatient / Provider,,Metairie,4421 Conlin St,,,,Adult (65+),0,Psychiatry,Unknown,Y,,,Jose Rodriguez,,
Alfredo Torres,Psychiatry,Outpatient / Provider,,Monroe,300 Washington St,,,,Adult (65+),0,Psychiatry,Unknown,Y,,,Alfredo Torres,,
Elizabeth Taylor,Psychiatry,Outpatient / Provider,,Baton Rouge,422 Colonial Dr,,,,Adult (65+),0,Psychiatry,Unknown,Y,,,Elizabeth Taylor,,
David Dawes,Psychiatry,Outpatient / Provider,,Lafayette,850 Kaliste Saloom Rd,,,,Adult (65+),0,Psychiatry,Unknown,Y,,,David Dawes,,
Mohammad Anwar,Psychiatry,Outpatient / Provider,,Kenner,4113 Williams Blvd,,,,Adult (65+),0,Psychiatry,Unknown,Y,,,Mohammad Anwar,,
Janice Hollier,Psychiatry,Outpatient / Provider,,Shreveport,1002 Highland Ave,,,,Adult (65+),0,Psychiatry,Unknown,Y,,,Janice Hollier,,
Vic Linden,Psychiatry,Outpatient / Provider,,New Orleans,1542 Tulane Ave,,,,Adult (65+),0,Psychiatry,Unknown,Y,,,Vic Linden,,
Scott Mayers,Psychiatry,Outpatient / Provider,,Lafayette,216 Saint Landry St,,,,Adult (65+),0,Psychiatry,Unknown,Y,,,Scott Mayers,,
Lisa Menuet,Psychiatry,Outpatient / Provider,,Ville Platte,312 Court St,,,,Adult (65+),0,Psychiatry,Unknown,Y,,,Lisa Menuet,,
Hyon Kim,Psychiatry,Outpatient / Provider,,Mandeville,23515 Highway 190,,,,Adult (65+),0,Psychiatry,Unknown,Y,,,Hyon Kim,,
Jasjit Singh,Psychiatry,Outpatient / Provider,,Shreveport,7591 Fern Ave Ste 1705,,,,Adult (65+),0,Psychiatry,Unknown,Y,,,Jasjit Singh,,
Shamalon Johnson,Psychiatry,Outpatient / Provider,,New Orleans,2115 Carondelet St,,,,Adult (65+),0,Psychiatry,Unknown,Y,,,Shamalon Johnson,,
Claudia Orellana,Psychiatry,Outpatient / Provider,,Bossier City,4440 Viking Dr,,,,Adult (65+),0,Psychiatry,Unknown,Y,,,Claudia Orellana,,
Subramanyeswara R Chalasani,Psychiatry,Outpatient / Provider,,Baton Rouge,8542 Siegen Ln,,,,Adult (65+),0,Psychiatry,Unknown,Y,,,Subramanyeswara R Chalasani,,
Suresh Sabbenahalli,Psychiatry,Outpatient / Provider,,Shreveport,1006 Highland Ave,,,,Adult (65+),0,Psychiatry,Unknown,Y,,,Suresh Sabbenahalli,,
Reena Nanjireddy,Psychiatry,Outpatient / Provider,,Shreveport,2551 Greenwood Rd,,,,Adult (65+),0,Psychiatry,Unknown,Y,,,Reena Nanjireddy,,
Lionel Guillaume,Psychiatry,Outpatient / Provider,,Bossier City,3018 Old Minden Rd,,,,Adult (65+),0,Psychiatry,Unknown,Y,,,Lionel Guillaume,,
Michael Prejean,Psychiatry,Outpatient / Provider,,Mamou,1610 7th St,,,,Adult (65+),0,Psychiatry,Unknown,Y,,,Michael Prejean,,
Nick Ramandi,Psychiatry,Outpatient / Provider,,New Orleans,Louisiana State University Medical Sciences,,,,Adult (65+),0,Psychiatry,Unknown,Y,,,Nick Ramandi,,
Olufemi Ogundeji,Psychiatry,Outpatient / Provider,,Shreveport,1006 Highland Ave,,,,Adult (65+),0,Psychiatry,Unknown,Y,,,Olufemi Ogundeji,,
Franklin Harris,Psychiatry,Outpatient / Provider,,Baton Rouge,7865 Jefferson Hwy,,,,Adult (65+),0,Psychiatry,Unknown,Y,,,Franklin Harris,,
Samir Salama,Psychiatry,Outpatient / Provider,,Lafayette,800 Kaliste Saloom Rd,,,,Adult (65+),0,Psychiatry,Unknown,Y,,,Samir Salama,,
Mary Fitz-Gerald,Psychiatry,Outpatient / Provider,,Shreveport,1501 Kings Hwy,,,,Adult (65+),0,Psychiatry,Unknown,Y,,,Mary Fitz-Gerald,,
Aruna Gullapalli,Psychiatry,Outpatient / Provider,,Monroe,2404 Duval Dr,,,,Adult (65+),0,Psychiatry,Unknown,Y,,,Aruna Gullapalli,,
Oladapo Folarin,Psychiatry,Outpatient / Provider,,Alexandria,110 John Eskew Drive,,,,Adult (65+),0,Psychiatry,Unknown,Y,,,Oladapo Folarin,,
Jonathon Rynning,Psychiatry,Outpatient / Provider,,Metairie,3901 Houma Blvd Ste 401,,,,Adult (65+),0,Psychiatry,Unknown,Y,,,Jonathon Rynning,,
David Craft,Psychiatry,Outpatient / Provider,,Abbeville,318 North Hospital Drive,,,,Adult (65+),0,Psychiatry,Unknown,Y,,,David Craft,,
J Gary Booker,Psychiatry,Outpatient / Provider,,Shreveport,851 Olive St,,,,Adult (65+),0,Psychiatry,Unknown,Y,,,J Gary Booker,,
Herbert Vandenberg,Psychiatry,Outpatient / Provider,,Ruston,615 S Trenton St,,,,Adult (65+),0,Psychiatry,Unknown,Y,,,Herbert Vandenberg,,
Sudheera Rachamallu,Psychiatry,Outpatient / Provider,,Baton Rouge,7777 Hennessy Blvd,,,,Adult (65+),0,Psychiatry,Unknown,Y,,,Sudheera Rachamallu,,
Lloyd Bellah,Psychiatry,Outpatient / Provider,,Shreveport,1801 Fairfield Ave,,,,Adult (65+),0,Psychiatry,Unknown,Y,,,Lloyd Bellah,,
Vesela Tzoneva,Psychiatry,Outpatient / Provider,,Shreveport,1501 Kings Hwy,,,,Adult (65+),0,Psychiatry,Unknown,Y,,,Vesela Tzoneva,,
Jason Broussard,Psychiatry,Outpatient / Provider,,Shreveport,2551 Greenwood Rd,,,,Adult (65+),0,Psychiatry,Unknown,Y,,,Jason Broussard,,
Balminder Mangat,Psychiatry,Outpatient / Provider,,Bogalusa,1640 S Columbia St,,,,Adult (65+),0,Psychiatry,Unknown,Y,,,Balminder Mangat,,
Sureshkumar Bhatt,Psychiatry,Outpatient / Provider,,Kaplan,304 E Veterans Meml Dr,,,,Adult (65+),0,Psychiatry,Unknown,Y,,,Sureshkumar Bhatt,,
Nicolas Vergara,Psychiatry,Outpatient / Provider,,Houma,1990 Industrial Blvd.,,,,Adult (65+),0,Psychiatry,Unknown,Y,,,Nicolas Vergara,,
Shanmugan Shantha,Psychiatry,Outpatient / Provider,,Marrero,4500 Wichers Dr,,,,Adult (65+),0,Psychiatry,Unknown,Y,,,Shanmugan Shantha,,
Warren Trask,Psychiatry,Outpatient / Provider,,Baton Rouge,7777 Hennessy Blvd Ste 6000,,,,Adult (65+),0,Psychiatry,Unknown,Y,,,Warren Trask,,
Kathryn Kennedy,Psychiatry,Outpatient / Provider,,Shreveport,1666 E Bert Kouns Loop,,,,Adult (65+),0,Psychiatry,Unknown,Y,,,Kathryn Kennedy,,
Tony Hanna,Psychiatry,Outpatient / Provider,,Shreveport,1501 Kings Hwy,,,,Adult (65+),0,Psychiatry,Unknown,Y,,,Tony Hanna,,
Nicole Dickens,Psychiatry,Outpatient / Provider,,Lafayette,114 Representative Row,,,,Adult (65+),0,Psychiatry,Unknown,Y,,,Nicole Dickens,,
Anwar Ismail,Psychiatry,Outpatient / Provider,,Kenner,4113 Williams Blvd.,,,,Adult (65+),0,Psychiatry,Unknown,Y,,,Anwar Ismail,,
Marc Colon,Psychiatry,Outpatient / Provider,,Shreveport,1501 Kings Hwy,,,,Adult (65+),0,Psychiatry,Unknown,Y,,,Marc Colon,,
Jayendra Patel,Psychiatry,Outpatient / Provider,,Lake Charles,333 Dr Michael Debakey Dr,,,,Adult (65+),0,Psychiatry,Unknown,Y,,,Jayendra Patel,,
Lance Bullock,Psychiatry,Outpatient / Provider,,Gonzales,3136 S Saint Landry Ave,,,,Adult (65+),0,Psychiatry,Unknown,Y,,,Lance Bullock,,
Amira Odisho,Psychiatry,Outpatient / Provider,,Shreveport,1501 Kings Hwy,,,,Adult (65+),0,Psychiatry,Unknown,Y,,,Amira Odisho,,
Guy Brannon,Psychiatry,Outpatient / Provider,,Shreveport,1002 Highland Ave,,,,Adult (65+),0,Psychiatry,Unknown,Y,,,Guy Brannon,,
Kimberly Law,Psychiatry,Outpatient / Provider,,Shreveport,2920 Knight St,,,,Adult (65+),0,Psychiatry,Unknown,Y,,,Kimberly Law,,
Michael Knight,Psychiatry,Outpatient / Provider,,New Orleans,1514 Jefferson Hwy,,,,Adult (65+),0,Psychiatry,Unknown,Y,,,Michael Knight,,
Julie Ceasar,Psychiatry,Outpatient / Provider,,Metairie,3901 Houma Blvd Ste 401,,,,Adult (65+),0,Psychiatry,Unknown,Y,,,Julie Ceasar,,
Calvin Walker,Psychiatry,Outpatient / Provider,,Monroe,3418 Medical Park Dr,,,,Adult (65+),0,Psychiatry,Unknown,Y,,,Calvin Walker,,
Edgardo Concepcion,Psychiatry,Outpatient / Provider,,Lafayette,1131 Rue Du Belier,,,,Adult (65+),0,Psychiatry,Unknown,Y,,,Edgardo Concepcion,,
Frank Weinholt,Psychiatry,Outpatient / Provider,,West Monroe,128 Ridgedale Dr,,,,Adult (65+),0,Psychiatry,Unknown,Y,,,Frank Weinholt,,
Gopinath Kongara,Psychiatry,Outpatient / Provider,,Baton Rouge,5425 Brittany Dr,,,,Adult (65+),0,Psychiatry,Unknown,Y,,,Gopinath Kongara,,
Kenneth Sumner,Psychiatry,Outpatient / Provider,,Metairie,3901 Houma Blvd Ste 401,,,,Adult (65+),0,Psychiatry,Unknown,Y,,,Kenneth Sumner,,
Denis Devenport,Psychiatry,Outpatient / Provider,,La Place,1809 W Airline Hwy,,,,Adult (65+),0,Psychiatry,Unknown,Y,,,Denis Devenport,,
Christopher Rodgman,Psychiatry,Outpatient / Provider,,Alexandria,44 Versailles Blvd,,,,Adult (65+),0,Psychiatry,Unknown,Y,,,Christopher Rodgman,,
Jason Boudreaux,Psychiatry,Outpatient / Provider,,Baton Rouge,7777 Hennessy Blvd,,,,Adult (65+),0,Psychiatry,Unknown,Y,,,Jason Boudreaux,,
Michael Susano,Psychiatry,Outpatient / Provider,,Shreveport,1310 N Hearne Ave,,,,Adult (65+),0,Psychiatry,Unknown,Y,,,Michael Susano,,
Melissa Watson,Psychiatry,Outpatient / Provider,,Baton Rouge,7777 Hennessy Blvd,,,,Adult (65+),0,Psychiatry,Unknown,Y,,,Melissa Watson,,
Thomas Keister,Psychiatry,Outpatient / Provider,,Mandeville,2810 E Causeway Approach,,,,Adult (65+),0,Psychiatry,Unknown,Y,,,Thomas Keister,,
Bob Winston,Psychiatry,Outpatient / Provider,,Lafayette,234 Rue Beauregard,,,,Adult (65+),0,Psychiatry,Unknown,Y,,,Bob Winston,,
Ravindra Reddy,Psychiatry,Outpatient / Provider,,New Orleans,3520 General Degaulle Dr,,,,Adult (65+),0,Psychiatry,Unknown,Y,,,Ravindra Reddy,,
Muhammed Yasin,Psychiatry,Outpatient / Provider,,Kenner,4113 Williams Blvd,,,,Adult (65+),0,Psychiatry,Unknown,Y,,,Muhammed Yasin,,
Jamie Hutchinson,Psychiatry,Outpatient / Provider,,New Orleans,1514 Jefferson Highway,,,,Adult (65+),0,Psychiatry,Unknown,Y,,,Jamie Hutchinson,,
Shilpa Amara,Psychiatry,Outpatient / Provider,,New Orleans,1514 Jefferson Hwy,,,,Adult (65+),0,Psychiatry,Unknown,Y,,,Shilpa Amara,,
Daren Parsa,Psychiatry,Outpatient / Provider,,Raceland,157 Twin Oaks Drive,,,,Adult (65+),0,Psychiatry,Unknown,Y,,,Daren Parsa,,
Harminder Mallik,Psychiatry,Outpatient / Provider,,New Orleans,1415 Tulane Ave,,,,Adult (65+),0,Psychiatry,Unknown,Y,,,Harminder Mallik,,
Jessica Berthelot,Psychiatry,Outpatient / Provider,,Baton Rouge,7777 Hennessy Blvd Ste 6000,,,,Adult (65+),0,Psychiatry,Unknown,Y,,,Jessica Berthelot,,
Ehtesham Syed,Psychiatry,Outpatient / Provider,,Lake Charles,324 W Hale St,,,,Adult (65+),0,Psychiatry,Unknown,Y,,,Ehtesham Syed,,
Stephanie Hill,Psychiatry,Outpatient / Provider,,New Orleans,2020 Gravier St,,,,Adult (65+),0,Psychiatry,Unknown,Y,,,Stephanie Hill,,
James Mcconville,Psychiatry,Outpatient / Provider,,New Orleans,1440 Canal St,,,,Adult (65+),0,Psychiatry,Unknown,Y,,,James Mcconville,,
Cullen Burke,Psychiatry,Outpatient / Provider,,Baton Rouge,7777 Hennessy Blvd,,,,Adult (65+),0,Psychiatry,Unknown,Y,,,Cullen Burke,,
George Diggs,Psychiatry,Outpatient / Provider,,Lafayette,302 Dulles Dr,,,,Adult (65+),0,Psychiatry,Unknown,Y,,,George Diggs,,
Devanshi Jani,Psychiatry,Outpatient / Provider,,Shreveport,1111 Line Ave Fl 3,,,,Adult (65+),0,Psychiatry,Unknown,Y,,,Devanshi Jani,,
Joseph Roniger,Psychiatry,Outpatient / Provider,,New Orleans,1514 Jefferson Hwy,,,,Adult (65+),0,Psychiatry,Unknown,Y,,,Joseph Roniger,,
John Hill,Psychiatry,Outpatient / Provider,,Alexandria,109 Yorktown Drive,,,,Adult (65+),0,Psychiatry,Unknown,Y,,,John Hill,,
Mordecai Potash,Psychiatry,Outpatient / Provider,,New Orleans,1440 Canal St,,,,Adult (65+),0,Psychiatry,Unknown,Y,,,Mordecai Potash,,
Matthew Menard,Psychiatry,Outpatient / Provider,,Shreveport,1501 Kings Hwy,,,,Adult (65+),0,Psychiatry,Unknown,Y,,,Matthew Menard,,
Rachel Csaki,Psychiatry,Outpatient / Provider,,Slidell,2750 Gause Blvd E,,,,Adult (65+),0,Psychiatry,Unknown,Y,,,Rachel Csaki,,
James Patterson,Psychiatry,Outpatient / Provider,,Shreveport,1501 Kings Highway,,,,Adult (65+),0,Psychiatry,Unknown,Y,,,James Patterson,,
Roy Ragsdill,Psychiatry,Outpatient / Provider,,Monroe,920 Oliver Rd,,,,Adult (65+),0,Psychiatry,Unknown,Y,,,Roy Ragsdill,,
Peter Mahony,Psychiatry,Outpatient / Provider,,Lake Charles,333 Dr Michael Debakey Dr,,,,Adult (65+),0,Psychiatry,Unknown,Y,,,Peter Mahony,,
Rita Agarwal,Psychiatry,Outpatient / Provider,,West Monroe,3711 Cypress St,,,,Adult (65+),0,Psychiatry,Unknown,Y,,,Rita Agarwal,,
Diane Gonzales,Psychiatry,Outpatient / Provider,,Opelousas,220 S Market St,,,,Adult (65+),0,Psychiatry,Unknown,Y,,,Diane Gonzales,,
Lindsay Legnon,Psychiatry,Outpatient / Provider,,Lafayette,302 Dulles Dr.,,,,Adult (65+),0,Psychiatry,Unknown,Y,,,Lindsay Legnon,,
Brian Mcgee,Psychiatry,Outpatient / Provider,,Baton Rouge,7777 Hennessy Blvd Ste 6000,,,,Adult (65+),0,Psychiatry,Unknown,Y,,,Brian Mcgee,,
Erich Conrad,Psychiatry,Outpatient / Provider,,New Orleans,Behavioral Science Center,,,,Adult (65+),0,Psychiatry,Unknown,Y,,,Erich Conrad,,
Peter Goertz,Psychiatry,Outpatient / Provider,,New Orleans,1514 Jefferson Hwy,,,,Adult (65+),0,Psychiatry,Unknown,Y,,,Peter Goertz,,
David Galarneau,Psychiatry,Outpatient / Provider,,New Orleans,1514 Jefferson Hwy,,,,Adult (65+),0,Psychiatry,Unknown,Y,,,David Galarneau,,
Lauri Haller,Psychiatry,Outpatient / Provider,,Alexandria,5920 Coliseum Blvd,,,,Adult (65+),0,Psychiatry,Unknown,Y,,,Lauri Haller,,
Trent Desselle,Psychiatry,Outpatient / Provider,,New Orleans,1514 Jefferson Hwy,,,,Adult (65+),0,Psychiatry,Unknown,Y,,,Trent Desselle,,
George Grove,Psychiatry,Outpatient / Provider,,Houma,1978 Industrial Blvd,,,,Adult (65+),0,Psychiatry,Unknown,Y,,,George Grove,,
Haleema Iqbal,Psychiatry,Outpatient / Provider,,Baton Rouge,7777 Hennessy Blvd,,,,Adult (65+),0,Psychiatry,Unknown,Y,,,Haleema Iqbal,,
Angela Green,Psychiatry,Outpatient / Provider,,Luling,843 Milling Ave,,,,Adult (65+),0,Psychiatry,Unknown,Y,,,Angela Green,,
Parker Jones,Psychiatry,Outpatient / Provider,,Baton Rouge,3342 Rue D' Orleans Dr.,,,,Adult (65+),0,Psychiatry,Unknown,Y,,,Parker Jones,,
Mario Valencia,Psychiatry,Outpatient / Provider,,Lake Charles,2829 4th Ave Ste 150,,,,Adult (65+),0,Psychiatry,Unknown,Y,,,Mario Valencia,,
Charles Degravelles,Psychiatry,Outpatient / Provider,,Baton Rouge,9001 Summa Ave,,,,Adult (65+),0,Psychiatry,Unknown,Y,,,Charles Degravelles,,
David Fein,Psychiatry,Outpatient / Provider,,New Orleans,2021 Perdido St,,,,Adult (65+),0,Psychiatry,Unknown,Y,,,David Fein,,
Patrice Ambrose,Psychiatry,Outpatient / Provider,,Lafayette,302 Dulles Dr,,,,Adult (65+),0,Psychiatry,Unknown,Y,,,Patrice Ambrose,,
Dean Robinson,Psychiatry,Outpatient / Provider,,Shreveport,Overton Brooks Va Medical Center,,,,Adult (65+),0,Psychiatry,Unknown,Y,,,Dean Robinson,,
Reuben Roy,Psychiatry,Outpatient / Provider,,Pineville,242 W. Shamrock St.,,,,Adult (65+),0,Psychiatry,Unknown,Y,,,Reuben Roy,,
Larry Warner,Psychiatry,Outpatient / Provider,,Baton Rouge,10517 Kentshire Ct,,,,Adult (65+),0,Psychiatry,Unknown,Y,,,Larry Warner,,
Charles Murphy,Psychiatry,Outpatient / Provider,,Lake Charles,2829 4th Ave,,,,Adult (65+),0,Psychiatry,Unknown,Y,,,Charles Murphy,,
Brian Monette,Psychiatry,Outpatient / Provider,,Gonzales,1112 E Ascension Complex Ave.,,,,Adult (65+),0,Psychiatry,Unknown,Y,,,Brian Monette,,
Ira Gaddy,Psychiatry,Outpatient / Provider,,New Orleans,1440 Canal St,,,,Adult (65+),0,Psychiatry,Unknown,Y,,,Ira Gaddy,,
Rama Kongara,Psychiatry,Outpatient / Provider,,Baton Rouge,5425 Brittany Dr,,,,Adult (65+),0,Psychiatry,Unknown,Y,,,Rama Kongara,,
David Buttross,Psychiatry,Outpatient / Provider,,Lake Charles,333 Dr Michael Debakey Dr,,,,Adult (65+),0,Psychiatry,Unknown,Y,,,David Buttross,,
Andrew Calhoun,Psychiatry,Outpatient / Provider,,New Orleans,2221 Philip St,,,,Adult (65+),0,Psychiatry,Unknown,Y,,,Andrew Calhoun,,
Michael Dicharry,Psychiatry,Outpatient / Provider,,New Orleans,533 Bolivar St # 511,,,,Adult (65+),0,Psychiatry,Unknown,Y,,,Michael Dicharry,,
Ann Arretteig,Psychiatry,Outpatient / Provider,,Hammond,835 Pride Dr Ste B,,,,Adult (65+),0,Psychiatry,Unknown,Y,,,Ann Arretteig,,
Lauren Luce,Psychiatry,Outpatient / Provider,,Baton Rouge,3600 Florida St,,,,Adult (65+),0,Psychiatry,Unknown,Y,,,Lauren Luce,,
Jace Hebert,Psychiatry,Outpatient / Provider,,New Orleans,1542 Tulane Ave,,,,Adult (65+),0,Psychiatry,Unknown,Y,,,Jace Hebert,,
Jeremy Claiborne,Psychiatry,Outpatient / Provider,,Shreveport,510 E. Stoner Avenue,,,,Adult (65+),0,Psychiatry,Unknown,Y,,,Jeremy Claiborne,,
Frederic Henderson,Psychiatry,Outpatient / Provider,,Metairie,3500 N Causeway Blvd,,,,Adult (65+),0,Psychiatry,Unknown,Y,,,Frederic Henderson,,
Duy Tran,Psychiatry,Outpatient / Provider,,Baton Rouge,3420 Northlake Ave,,,,Adult (65+),0,Psychiatry,Unknown,Y,,,Duy Tran,,
Raga Malaty,Psychiatry,Outpatient / Provider,,Morgan City,500 Roderick St,,,,Adult (65+),0,Psychiatry,Unknown,Y,,,Raga Malaty,,
Garrick Klaybor,Psychiatry,Outpatient / Provider,,New Orleans,1542 Tulane Ave,,,,Adult (65+),0,Psychiatry,Unknown,Y,,,Garrick Klaybor,,
Mark Townsend,Psychiatry,Outpatient / Provider,,New Orleans,Behavioral Science Center,,,,Adult (65+),0,Psychiatry,Unknown,Y,,,Mark Townsend,,
Michael Walsh,Psychiatry,Outpatient / Provider,,Covington,5001 Highway 190,,,,Adult (65+),0,Psychiatry,Unknown,Y,,,Michael Walsh,,
Andrew Williams,Psychiatry,Outpatient / Provider,,New Orleans,3450 Chestnut St,,,,Adult (65+),0,Psychiatry,Unknown,Y,,,Andrew Williams,,
Sarah Miletello,Psychiatry,Outpatient / Provider,,New Orleans,1430 Tulane Ave,,,,Adult (65+),0,Psychiatry,Unknown,Y,,,Sarah Miletello,,
Nabil Gad,Psychiatry,Outpatient / Provider,,Alexandria,4120 Jackson Street Ext,,,,Adult (65+),0,Psychiatry,Unknown,Y,,,Nabil Gad,,
Muhammad Ahmed,Psychiatry,Outpatient / Provider,,New Orleans,1415 Tulane Ave,,,,Adult (65+),0,Psychiatry,Unknown,Y,,,Muhammad Ahmed,,
Brittany Monceaux,Psychiatry,Outpatient / Provider,,Shreveport,1501 Kings Hwy,,,,Adult (65+),0,Psychiatry,Unknown,Y,,,Brittany Monceaux,,
Aneeta Afzal,Psychiatry,Outpatient / Provider,,Lake Charles,324 W Hale St,,,,Adult (65+),0,Psychiatry,Unknown,Y,,,Aneeta Afzal,,
Ching-Shih Hu,Psychiatry,Outpatient / Provider,,Lafayette,302 Dulles Dr,,,,Adult (65+),0,Psychiatry,Unknown,Y,,,Ching-Shih Hu,,
John Bick,Psychiatry,Outpatient / Provider,,New Orleans,3705 Coliseum St,,,,Adult (65+),0,Psychiatry,Unknown,Y,,,John Bick,,
Patrick Oneill,Psychiatry,Outpatient / Provider,,New Orleans,1415 Tulane Ave,,,,Adult (65+),0,Psychiatry,Unknown,Y,,,Patrick Oneill,,
Michael Blue,Psychiatry,Outpatient / Provider,,New Iberia,124 E Main St,,,,Adult (65+),0,Psychiatry,Unknown,Y,,,Michael Blue,,
William Lo,Psychiatry,Outpatient / Provider,,New Orleans,1525 River Oaks Rd W,,,,Adult (65+),0,Psychiatry,Unknown,Y,,,William Lo,,
Eric West,Psychiatry,Outpatient / Provider,,New Orleans,1542 Tulane Ave Rm 231,,,,Adult (65+),0,Psychiatry,Unknown,Y,,,Eric West,,
Charles Chester,Psychiatry,Outpatient / Provider,,Metairie,3500 N Causeway Blvd,,,,Adult (65+),0,Psychiatry,Unknown,Y,,,Charles Chester,,
Robert Detrinis,Psychiatry,Outpatient / Provider,,New Orleans,1440 Canal St,,,,Adult (65+),0,Psychiatry,Unknown,Y,,,Robert Detrinis,,
Mark Zielinski,Psychiatry,Outpatient / Provider,,Baton Rouge,5131 Odonovan Dr,,,,Adult (65+),0,Psychiatry,Unknown,Y,,,Mark Zielinski,,
"Drd Management, Inc",Opioid Treatment Program,Outpatient / Provider,,New Orleans,2235 Poydras St Ste B,,,,Adult (65+),0,Opioid Treatment Program,Unknown,Y,,,"Drd Management, Inc",,
Herbert Lebourgeois,Psychiatry,Outpatient / Provider,,Baton Rouge,2751 Wooddale Blvd Ste A,,,,Adult (65+),0,Psychiatry,Unknown,Y,,,Herbert Lebourgeois,,
Amanda Wright,Psychiatry,Outpatient / Provider,,Mandeville,2810 E Causeway Approach,,,,Adult (65+),0,Psychiatry,Unknown,Y,,,Amanda Wright,,
James Furrh,Psychiatry,Outpatient / Provider,,New Orleans,2000 Canal St,,,,Adult (65+),0,Psychiatry,Unknown,Y,,,James Furrh,,
Suzanne Calhoun,Psychiatry,Outpatient / Provider,,Baton Rouge,3843 Harding Blvd,,,,Adult (65+),0,Psychiatry,Unknown,Y,,,Suzanne Calhoun,,
Girishkumar Shah,Psychiatry,Outpatient / Provider,,Hammond,835 Pride Dr,,,,Adult (65+),0,Psychiatry,Unknown,Y,,,Girishkumar Shah,,
Chandra Katta,Psychiatry,Outpatient / Provider,,Baton Rouge,7414 Sumrall Dr,,,,Adult (65+),0,Psychiatry,Unknown,Y,,,Chandra Katta,,
Rita Horton,Psychiatry,Outpatient / Provider,,Shreveport,1501 Kings Hwy,,,,Adult (65+),0,Psychiatry,Unknown,Y,,,Rita Horton,,
Jeffrey Nicholl,Psychiatry,Outpatient / Provider,,New Orleans,1440 Canal St,,,,Adult (65+),0,Psychiatry,Unknown,Y,,,Jeffrey Nicholl,,
"Vcphcs V, Llc",Opioid Treatment Program,Outpatient / Provider,,Gretna,1141 Whitney Avenue,,,,Adult (65+),0,Opioid Treatment Program,Unknown,Y,,,"Vcphcs V, Llc",,
John Wells,Psychiatry,Outpatient / Provider,,New Orleans,1542 Tulane Ave,,,,Adult (65+),0,Psychiatry,Unknown,Y,,,John Wells,,
Patrick Wheat,Psychiatry,Outpatient / Provider,,Natchitoches,242b Keyser Ave,,,,Adult (65+),0,Psychiatry,Unknown,Y,,,Patrick Wheat,,
Robert Blanche,Psychiatry,Outpatient / Provider,,Baton Rouge,7865 Jefferson Hwy,,,,Adult (65+),0,Psychiatry,Unknown,Y,,,Robert Blanche,,
Gabriel Fette,Psychiatry,Outpatient / Provider,,New Orleans,1020 Dumaine St,,,,Adult (65+),0,Psychiatry,Unknown,Y,,,Gabriel Fette,,
Steven Ross,Psychiatry,Outpatient / Provider,,New Orleans,1423 Joseph St,,,,Adult (65+),0,Psychiatry,Unknown,Y,,,Steven Ross,,
John Jackson,Psychiatry,Outpatient / Provider,,New Orleans,Va New Orleans Department Of Mental Health,,,,Adult (65+),0,Psychiatry,Unknown,Y,,,John Jackson,,
David Post,Psychiatry,Outpatient / Provider,,Gonzales,1112 E Ascension Complex Blvd,,,,Adult (65+),0,Psychiatry,Unknown,Y,,,David Post,,
Marjorie Person,Psychiatry,Outpatient / Provider,,Raceland,4608 Highway 1,,,,Adult (65+),0,Psychiatry,Unknown,Y,,,Marjorie Person,,
Richard Roniger,Psychiatry,Outpatient / Provider,,New Orleans,1539 Jackson Ave,,,,Adult (65+),0,Psychiatry,Unknown,Y,,,Richard Roniger,,
Michael Wright,Psychiatry,Outpatient / Provider,,West Monroe,128 Ridgedale Dr,,,,Adult (65+),0,Psychiatry,Unknown,Y,,,Michael Wright,,
Gerald Robertson,Psychiatry,Outpatient / Provider,,Ruston,904 Deville Ln,,,,Adult (65+),0,Psychiatry,Unknown,Y,,,Gerald Robertson,,
Shawn Mcneil,Psychiatry,Outpatient / Provider,,Shreveport,1541 Kings Hwy,,,,Adult (65+),0,Psychiatry,Unknown,Y,,,Shawn Mcneil,,
Basavapunna Kaza,Psychiatry,Outpatient / Provider,,Springhill,1100 Doctors Dr,,,,Adult (65+),0,Psychiatry,Unknown,Y,,,Basavapunna Kaza,,
Melanie Renner,Psychiatry,Outpatient / Provider,,Houma,5599 Highway 311,,,,Adult (65+),0,Psychiatry,Unknown,Y,,,Melanie Renner,,
Robin Hogue,Psychiatry,Outpatient / Provider,,Shreveport,1310 N Hearne Ave,,,,Adult (65+),0,Psychiatry,Unknown,Y,,,Robin Hogue,,
Gary Fillette,Psychiatry,Outpatient / Provider,,Pineville,242 W Shamrock Ave Unit 1,,,,Adult (65+),0,Psychiatry,Unknown,Y,,,Gary Fillette,,
Teri Schwarz,Psychiatry,Outpatient / Provider,,Marrero,5001 Westbank Expy,,,,Adult (65+),0,Psychiatry,Unknown,Y,,,Teri Schwarz,,
Erin Capone,Psychiatry,Outpatient / Provider,,New Orleans,3600 Prytania St Ste 72,,,,Adult (65+),0,Psychiatry,Unknown,Y,,,Erin Capone,,
Anjani Narra,Psychiatry,Outpatient / Provider,,Baton Rouge,3843 Harding Blvd,,,,Adult (65+),0,Psychiatry,Unknown,Y,,,Anjani Narra,,
William Griffies,Psychiatry,Outpatient / Provider,,New Orleans,536 Bienville St,,,,Adult (65+),0,Psychiatry,Unknown,Y,,,William Griffies,,
Louis Dedon,Psychiatry,Outpatient / Provider,,Alexandria,110 Eskew Dr,,,,Adult (65+),0,Psychiatry,Unknown,Y,,,Louis Dedon,,
Michael Blanchard,Psychiatry,Outpatient / Provider,,Raceland,141 Twin Oaks Dr,,,,Adult (65+),0,Psychiatry,Unknown,Y,,,Michael Blanchard,,
Erin Stanton,Psychiatry,Outpatient / Provider,,New Orleans,1440 Canal St,,,,Adult (65+),0,Psychiatry,Unknown,Y,,,Erin Stanton,,
Mark Taylor,Psychiatry,Outpatient / Provider,,Jefferson,1221 S Clearview Pkwy Bldg A,,,,Adult (65+),0,Psychiatry,Unknown,Y,,,Mark Taylor,,
Anthony Johnson,Psychiatry,Outpatient / Provider,,New Orleans,22 Charlotte Dr,,,,Adult (65+),0,Psychiatry,Unknown,Y,,,Anthony Johnson,,
William Colomb,Psychiatry,Outpatient / Provider,,Mandeville,1445 W Causeway Approach,,,,Adult (65+),0,Psychiatry,Unknown,Y,,,William Colomb,,
Roger Brown,Psychiatry,Outpatient / Provider,,Mandeville,635 Lafitte St Ste B,,,,Adult (65+),0,Psychiatry,Unknown,Y,,,Roger Brown,,
Namita Shiralkar,Psychiatry,Outpatient / Provider,,New Orleans,1440 Canal St # Tb-52,,,,Adult (65+),0,Psychiatry,Unknown,Y,,,Namita Shiralkar,,
Serafin Gabriel,Psychiatry,Outpatient / Provider,,Gonzales,1112 E Ascension Complex Blvd,,,,Adult (65+),0,Psychiatry,Unknown,Y,,,Serafin Gabriel,,
Degan Dansereau,Psychiatry,Outpatient / Provider,,New Orleans,3705 Coliseum St,,,,Adult (65+),0,Psychiatry,Unknown,Y,,,Degan Dansereau,,
Phillip Lafleur,Psychiatry,Outpatient / Provider,,Lafayette,913 S College Rd,,,,Adult (65+),0,Psychiatry,Unknown,Y,,,Phillip Lafleur,,
Maeghan Davis,Psychiatry,Outpatient / Provider,,New Orleans,1900 Perdido St,,,,Adult (65+),0,Psychiatry,Unknown,Y,,,Maeghan Davis,,
Jacqueline Henschke,Psychiatry,Outpatient / Provider,,New Orleans,1440 Canal Strteet- Tb 52,,,,Adult (65+),0,Psychiatry,Unknown,Y,,,Jacqueline Henschke,,
Benjamin Bailey,Psychiatry,Outpatient / Provider,,New Orleans,1430 Tulane Ave.,,,,Adult (65+),0,Psychiatry,Unknown,Y,,,Benjamin Bailey,,
Lee Michals,Psychiatry,Outpatient / Provider,,Shreveport,1501 Kings Hwy,,,,Adult (65+),0,Psychiatry,Unknown,Y,,,Lee Michals,,
Csilla Linszky,Psychiatry,Outpatient / Provider,,New Orleans,433 Bolivar St,,,,Adult (65+),0,Psychiatry,Unknown,Y,,,Csilla Linszky,,
Kelly Cannon,Psychiatry,Outpatient / Provider,,Baton Rouge,7777 Hennessy Blvd,,,,Adult (65+),0,Psychiatry,Unknown,Y,,,Kelly Cannon,,
Paula Wilt,Psychiatry,Outpatient / Provider,,Raceland,4608 Highway 1,,,,Adult (65+),0,Psychiatry,Unknown,Y,,,Paula Wilt,,
Darcelle Delrie,Psychiatry,Outpatient / Provider,,Alexandria,110 John Eskew Drive,,,,Adult (65+),0,Psychiatry,Unknown,Y,,,Darcelle Delrie,,
Dean Hickman,Psychiatry,Outpatient / Provider,,New Orleans,1514 Jefferson Hwy,,,,Adult (65+),0,Psychiatry,Unknown,Y,,,Dean Hickman,,
Gerald Heintz,Psychiatry,Outpatient / Provider,,Baton Rouge,7777 Hennessy Blvd,,,,Adult (65+),0,Psychiatry,Unknown,Y,,,Gerald Heintz,,
Gayle Pletsch,Psychiatry,Outpatient / Provider,,New Orleans,1440 Canal St # Tb53,,,,Adult (65+),0,Psychiatry,Unknown,Y,,,Gayle Pletsch,,
Sarah Deland,Psychiatry,Outpatient / Provider,,New Orleans,1415 Tulane Ave,,,,Adult (65+),0,Psychiatry,Unknown,Y,,,Sarah Deland,,
Christopher Meyers,Psychiatry,Outpatient / Provider,,New Orleans,3525 Prytania St,,,,Adult (65+),0,Psychiatry,Unknown,Y,,,Christopher Meyers,,
Lalitha Alla,Psychiatry,Outpatient / Provider,,Natchitoches,210 Medical Dr,,,,Adult (65+),0,Psychiatry,Unknown,Y,,,Lalitha Alla,,
Desiree Carter,Psychiatry,Outpatient / Provider,,New Orleans,433 Bolivar St,,,,Adult (65+),0,Psychiatry,Unknown,Y,,,Desiree Carter,,
Justin Hendricks,Psychiatry,Outpatient / Provider,,Raceland,4608 Highway 1,,,,Adult (65+),0,Psychiatry,Unknown,Y,,,Justin Hendricks,,
Baogang Xue,Psychiatry,Outpatient / Provider,,Shreveport,1501 Kings Hwy,,,,Adult (65+),0,Psychiatry,Unknown,Y,,,Baogang Xue,,
Danielle Levy,Psychiatry,Outpatient / Provider,,New Orleans,2810 Audubon St,,,,Adult (65+),0,Psychiatry,Unknown,Y,,,Danielle Levy,,
Stephen Giepert,Psychiatry,Outpatient / Provider,,New Orleans,1542 Tulane Ave,,,,Adult (65+),0,Psychiatry,Unknown,Y,,,Stephen Giepert,,
Robert Ancira,Psychiatry,Outpatient / Provider,,New Orleans,1325 Amelia St,,,,Adult (65+),0,Psychiatry,Unknown,Y,,,Robert Ancira,,
Nina Jaffarzad,Psychiatry,Outpatient / Provider,,Baton Rouge,7777 Hennessy Blvd Ste 6000,,,,Adult (65+),0,Psychiatry,Unknown,Y,,,Nina Jaffarzad,,
Mark Sands,Psychiatry,Outpatient / Provider,,Metairie,110 Veterans Memorial Blvd,,,,Adult (65+),0,Psychiatry,Unknown,Y,,,Mark Sands,,
Scott Zentner,Psychiatry,Outpatient / Provider,,Monroe,Monroe Regional Mental Health Center,,,,Adult (65+),0,Psychiatry,Unknown,Y,,,Scott Zentner,,
Jamie Hanna,Psychiatry,Outpatient / Provider,,New Orleans,935 Calhoun St,,,,Adult (65+),0,Psychiatry,Unknown,Y,,,Jamie Hanna,,
Lannis Tynes,Psychiatry,Outpatient / Provider,,New Orleans,1415 Tulane Ave,,,,Adult (65+),0,Psychiatry,Unknown,Y,,,Lannis Tynes,,
Deborah Tosh,Psychiatry,Outpatient / Provider,,Metairie,433 Metairie Rd,,,,Adult (65+),0,Psychiatry,Unknown,Y,,,Deborah Tosh,,
"Vcphcs Vi, Llc",Opioid Treatment Program,Outpatient / Provider,,Lake Charles,2829 4th Ave Ste 200,,,,Adult (65+),0,Opioid Treatment Program,Unknown,Y,,,"Vcphcs Vi, Llc",,
Myra Fernando,Psychiatry,Outpatient / Provider,,New Orleans,1440 Canal St,,,,Adult (65+),0,Psychiatry,Unknown,Y,,,Myra Fernando,,
"Baton Rouge Treatment Center, Llc",Opioid Treatment Program,Outpatient / Provider,,Baton Rouge,11445 Reiger Rd,,,,Adult (65+),0,Opioid Treatment Program,Unknown,Y,,,"Baton Rouge Treatment Center, Llc",,
Adewale Oyemade,Psychiatry,Outpatient / Provider,,New Orleans,1525 River Oaks Rd W,,,,Adult (65+),0,Psychiatry,Unknown,Y,,,Adewale Oyemade,,
Vininder Khunkhun,Psychiatry,Outpatient / Provider,,New Orleans,1440 Canal St # Tb33,,,,Adult (65+),0,Psychiatry,Unknown,Y,,,Vininder Khunkhun,,
Justin Hall,Psychiatry,Outpatient / Provider,,Metairie,110 Veterans Blvd.,,,,Adult (65+),0,Psychiatry,Unknown,Y,,,Justin Hall,,
Alfred Fogarty,Psychiatry,Outpatient / Provider,,Ruston,823 W California Ave,,,,Adult (65+),0,Psychiatry,Unknown,Y,,,Alfred Fogarty,,
Lee Stevens,Psychiatry,Outpatient / Provider,,Bossier City,1007 Gould Dr Ste 1,,,,Adult (65+),0,Psychiatry,Unknown,Y,,,Lee Stevens,,
Anand Bosmia,Psychiatry,Outpatient / Provider,,Shreveport,1310 N Hearne Ave,,,,Adult (65+),0,Psychiatry,Unknown,Y,,,Anand Bosmia,,
Richard Carr,Addiction Medicine,Outpatient / Provider,,New Orleans,1631 Elysian Fields Ave,,,,Adult (65+),0,Addiction Medicine,Unknown,Y,,,Richard Carr,,
Ha Vu,Psychiatry,Outpatient / Provider,,New Orleans,1542 Tulane Ave Rm 231,,,,Adult (65+),0,Psychiatry,Unknown,Y,,,Ha Vu,,
Kathleen Ward,Psychiatry,Outpatient / Provider,,Baton Rouge,5246 Brittany Dr,,,,Adult (65+),0,Psychiatry,Unknown,Y,,,Kathleen Ward,,
Margaret Bishop-Baier,Psychiatry,Outpatient / Provider,,New Orleans,Behavioral Science Center,,,,Adult (65+),0,Psychiatry,Unknown,Y,,,Margaret Bishop-Baier,,
George Daul,Psychiatry,Outpatient / Provider,,New Orleans,1529 River Oaks Rd W,,,,Adult (65+),0,Psychiatry,Unknown,Y,,,George Daul,,
Michael Parker,Psychiatry,Outpatient / Provider,,Alexandria,110 John Eskew Drive,,,,Adult (65+),0,Psychiatry,Unknown,Y,,,Michael Parker,,
Charles Bowers,Psychiatry,Outpatient / Provider,,Lafayette,1200 Camellia Blvd,,,,Adult (65+),0,Psychiatry,Unknown,Y,,,Charles Bowers,,
Eben Mcclenahan,Psychiatry,Outpatient / Provider,,Morgan City,500 Roderick Street,,,,Adult (65+),0,Psychiatry,Unknown,Y,,,Eben Mcclenahan,,
"Baymark Health Services Of Louisiana, Inc",Opioid Treatment Program,Outpatient / Provider,,Breaux Bridge,648 Latiolais Dr,,,,Adult (65+),0,Opioid Treatment Program,Unknown,Y,,,"Baymark Health Services Of Louisiana, Inc",,
Natalie Hunsinger,Psychiatry,Outpatient / Provider,,Baton Rouge,5131 Odonovan Dr Ste 300,,,,Adult (65+),0,Psychiatry,Unknown,Y,,,Natalie Hunsinger,,
Ray Worthy,Psychiatry,Outpatient / Provider,,Metairie,4933 Wabash St.,,,,Adult (65+),0,Psychiatry,Unknown,Y,,,Ray Worthy,,
Vanitha Kothapalli,Psychiatry,Outpatient / Provider,,Shreveport,1501 Kings Hwy,,,,Adult (65+),0,Psychiatry,Unknown,Y,,,Vanitha Kothapalli,,
Poonam Awatramani,Psychiatry,Outpatient / Provider,,Shreveport,1501 Kings Hwy,,,,Adult (65+),0,Psychiatry,Unknown,Y,,,Poonam Awatramani,,
Eva Mathews,Psychiatry,Outpatient / Provider,,Baton Rouge,5131 Odonovan Dr,,,,Adult (65+),0,Psychiatry,Unknown,Y,,,Eva Mathews,,
Kathleen Crapanzano,Psychiatry,Outpatient / Provider,,Baton Rouge,5131 Odonovan Dr,,,,Adult (65+),0,Psychiatry,Unknown,Y,,,Kathleen Crapanzano,,
Paul Molinar,Psychiatry,Outpatient / Provider,,Pineville,2495 Shreveport Hwy,,,,Adult (65+),0,Psychiatry,Unknown,Y,,,Paul Molinar,,
Thomas Oden,Psychiatry,Outpatient / Provider,,New Orleans,14 Pinehurst Dr,,,,Adult (65+),0,Psychiatry,Unknown,Y,,,Thomas Oden,,
David Murdock,Psychiatry,Outpatient / Provider,,Lake Charles,2829 4th Ave Ste 150,,,,Adult (65+),0,Psychiatry,Unknown,Y,,,David Murdock,,
Elizabeth Holcomb,Psychiatry,Outpatient / Provider,,New Orleans,1631 Elysian Fields Ave,,,,Adult (65+),0,Psychiatry,Unknown,Y,,,Elizabeth Holcomb,,
Martha Wickett,Psychiatry,Outpatient / Provider,,Marrero,5001 Westbank Expy,,,,Adult (65+),0,Psychiatry,Unknown,Y,,,Martha Wickett,,
Richard Kutner,Psychiatry,Outpatient / Provider,,Slidell,113 Christian Ln,,,,Adult (65+),0,Psychiatry,Unknown,Y,,,Richard Kutner,,
Manish Saran,Psychiatry,Outpatient / Provider,,Shreveport,7591 Fern Avenue,,,,Adult (65+),0,Psychiatry,Unknown,Y,,,Manish Saran,,
Christopher Bernadas,Psychiatry,Outpatient / Provider,,Shreveport,1501 Kings Hwy,,,,Adult (65+),0,Psychiatry,Unknown,Y,,,Christopher Bernadas,,
Schoener Laprairie,Psychiatry,Outpatient / Provider,,Hammond,"835 Pride Drive, Suite B",,,,Adult (65+),0,Psychiatry,Unknown,Y,,,Schoener Laprairie,,
Milton Anderson,Psychiatry,Outpatient / Provider,,New Orleans,1514 Jefferson Hwy,,,,Adult (65+),0,Psychiatry,Unknown,Y,,,Milton Anderson,,
Elmore Rigamer,Psychiatry,Outpatient / Provider,,New Orleans,1016 Jefferson Ave,,,,Adult (65+),0,Psychiatry,Unknown,Y,,,Elmore Rigamer,,
Aubrey Orgeron,Psychiatry,Outpatient / Provider,,Raceland,111 Twin Oaks Dr.,,,,Adult (65+),0,Psychiatry,Unknown,Y,,,Aubrey Orgeron,,
John Deback,Psychiatry,Outpatient / Provider,,Baton Rouge,7777 Hennessy Blvd,,,,Adult (65+),0,Psychiatry,Unknown,Y,,,John Deback,,
Clyde Hurst,Psychiatry,Outpatient / Provider,,Covington,5001 Highway 190,,,,Adult (65+),0,Psychiatry,Unknown,Y,,,Clyde Hurst,,
Katherine Smith,Psychiatry,Outpatient / Provider,,Shreveport,1006 Highland Ave,,,,Adult (65+),0,Psychiatry,Unknown,Y,,,Katherine Smith,,
Ashley Weiss,Psychiatry,Outpatient / Provider,,New Orleans,1440 Canal St,,,,Adult (65+),0,Psychiatry,Unknown,Y,,,Ashley Weiss,,
Caring Choices Clinic,Behavioral Health Service,Behavioral Health Service,,Alexandria,5411 Coliseum Bolevard.,3184875191.0,,Cayce.McDaniel@la.gov,,0,,Unknown,Unknown,,Cayce  MCDaniel,Caring Choices Clinic,,
BAART Programs Alexandria,Behavioral Health Service,Behavioral Health Service,,Alexandria,2116 North Bolton Avenue,3184451250.0,,wpowell@baartprograms.com,,0,,Unknown,Unknown,,William  Powell,BAART Programs Alexandria,,
"ABJ Rehab and Counseling Solutions, LLC",Behavioral Health Service,Behavioral Health Service,,Alexandria,703 Versailles Blvd Suite A,3187922820.0,,laquantajones@abjrehabcounseling.com,,0,,Unknown,Unknown,,Dr. Laquanta  Jones,"ABJ Rehab and Counseling Solutions, LLC",,
21st Judicial District  Juvenile  Drug Court,Behavioral Health Service,Behavioral Health Service,,Amite,801 South 1st Street.,9857478835.0,,juvservices@21stjdc.org,,0,,Unknown,Unknown,,Molly  OKrepki,21st Judicial District  Juvenile  Drug Court,,
Rise  N Shine Counseling Agency,Behavioral Health Service,Behavioral Health Service,,Amite,104 Sassafras Street,2253235996.0,,cfurusa01@yahoo.com,,0,,Unknown,Unknown,,Cardetra  Thompson,Rise  N Shine Counseling Agency,,
Positive Direction,Behavioral Health Service,Behavioral Health Service,,Baker,1255 Camelia Avenue,2254130732.0,,duaned@positive-direction.com,,0,,Unknown,Unknown,,Duane  Davis,Positive Direction,,
Body and Soul Rehabilitation Services,Behavioral Health Service,Behavioral Health Service,,Bastrop,803 Brisco Avenue,3189746035.0,,bodyandsoulrehab@att.net,,0,,Unknown,Unknown,,Shelia  Green,Body and Soul Rehabilitation Services,,
"Broken Wings Recovery Center, LLC",Behavioral Health Service,Behavioral Health Service,,Bastrop,2869 New Monroe Road,3185380500.0,,luke@brokenwingsla.com,,0,,Unknown,Unknown,,LUKE  COENEN,"Broken Wings Recovery Center, LLC",,
Baton Rouge Behavioral Health,Behavioral Health Service,Behavioral Health Service,,Baton Rouge,2751 Wooddale Blvd,2259251906.0,,Christopher.Sunseri@la.gov,,0,,Unknown,Unknown,,Christopher  Sunseri,Baton Rouge Behavioral Health,,
Serenity Treatment Center of Louisiana,Behavioral Health Service,Behavioral Health Service,,Baton Rouge,2325 Weymouth Drive,2253610899.0,,fan2747@aol.com,,0,,Unknown,Unknown,,DIONESE  GERBRECHT,Serenity Treatment Center of Louisiana,,
North Baton Rouge Behavioral Health,Behavioral Health Service,Behavioral Health Service,,Baton Rouge,7855 Howell Blvd Suites 200 & 220,2253599315.0,,ryan.rife@la.gov,,0,,Unknown,Unknown,,Stephen  Aguillard,North Baton Rouge Behavioral Health,,
LAKE Wellness Center,Behavioral Health Service,Behavioral Health Service,,Baton Rouge,7434 Picardy Avenue,3378002626.0,,rviger@contactlake.com,,0,,Unknown,Unknown,,Joan  Brunson,LAKE Wellness Center,,
Empower Recovery Center,Behavioral Health Service,Behavioral Health Service,,Baton Rouge,"11408 Lake Sherwood Avenue North, Suite A",2252617143.0,,cwallace@hcohealth.com,,0,,Unknown,Unknown,,Courtney  Wallace,Empower Recovery Center,,
OBrien House,Behavioral Health Service,Behavioral Health Service,,Baton Rouge,1220 Main Street,2253446345.0,,thamilton@obrienhouse.org,,0,,Unknown,Unknown,,Todd  Hamilton,OBrien House,,
St. Christophers,Behavioral Health Service,Behavioral Health Service,,Baton Rouge,235 Cora Drive,2253971611.0,,brandy@addictionwellness.com,,0,,Unknown,Unknown,,Brandy  Price Klingman,St. Christophers,,
Total Life Cares Health Center,Behavioral Health Service,Behavioral Health Service,,Baton Rouge,"4451 Bluebonnet Blvd, Ste D",2255903313.0,,shaynnagilbert@totallifecares.com,,0,,Unknown,Unknown,,Shaynna  Gilbert,Total Life Cares Health Center,,
VOA SCL Reilly Center for Children and Families,Behavioral Health Service,Behavioral Health Service,,Baton Rouge,"1945 Carolyn Sue Drive, Suite A",2259289398.0,,rdurham@voagbr.org,,0,,Unknown,Unknown,,Rebekah  Durham,VOA SCL Reilly Center for Children and Families,,
Eternal Crisis Outreach,Behavioral Health Service,Behavioral Health Service,,Baton Rouge,10830 Greenwell Springs Rd.,2254445125.0,,eternalcrisisoutreach@gmail.com,,0,,Unknown,Unknown,,Raymond  Bowen,Eternal Crisis Outreach,,
"Vital Transitions Behavioral Healthcare, Inc",Behavioral Health Service,Behavioral Health Service,,Baton Rouge,"4021 W.E. Heck Court, Suite L1",2254127912.0,,JTAYLOR@VITALTRANSITIONSBH.COM,,0,,Unknown,Unknown,,ANTWANETTE  COLLINS,"Vital Transitions Behavioral Healthcare, Inc",,
Louisiana Empowerment Services,Behavioral Health Service,Behavioral Health Service,,Baton Rouge,1676 Dallas Drive Ste C,2252870578.0,,info@commempsvc.com,,0,,Unknown,Unknown,,Jessica  Mills,Louisiana Empowerment Services,,
"Community Outreach Services, LLC",Behavioral Health Service,Behavioral Health Service,,Baton Rouge,4255 East Brookstown Drive,2252505677.0,,elliotttemple@yahoo.com,,0,,Unknown,Unknown,,Elliott L Temple,"Community Outreach Services, LLC",,
Journey to Insight,Behavioral Health Service,Behavioral Health Service,,Baton Rouge,10508 North Glenstone Pl,2253498696.0,,elizabeth@journeytoinsight.com,,0,,Unknown,Unknown,,Elizabeth  Parker,Journey to Insight,,
The Bridge Center for Hope,Behavioral Health Service,Behavioral Health Service,,Baton Rouge,3455 Florida Blvd Suite #200,2252566604.0,,jo.cromarty@riinternational.com,,0,,Unknown,Unknown,,Lysha  Best,The Bridge Center for Hope,,
Elev8 Treatment & Legacy Center,Behavioral Health Service,Behavioral Health Service,,Baton Rouge,7742 Office Park Blvd Suite C-2,2254480440.0,,moakley@elev8treatment.com,,0,,Unknown,Unknown,,Donald  Pope Jr.,Elev8 Treatment & Legacy Center,,
"Baton Rouge Recovery Health, LLC",Behavioral Health Service,Behavioral Health Service,,Baton Rouge,933 North Foster,2253812541.0,,jaime.simposon@brgeneral.org,,0,,Unknown,Unknown,,Jaime  Simpson,"Baton Rouge Recovery Health, LLC",,
New Insights LLC,Behavioral Health Service,Behavioral Health Service,,Baton Rouge,8261 Summa Avenue Suite A,2258319946.0,,newinsights@yahoo.com,,0,,Unknown,Unknown,,Veronica F Gray,New Insights LLC,,
The Wellness Studio IOP,Behavioral Health Service,Behavioral Health Service,,Baton Rouge,7472 Highland Road,2254483359.0,,info@surprisinglywell.com,,0,,Unknown,Unknown,,Dr.Mary K Rodrigue,The Wellness Studio IOP,,
Abba Counseling Services-BR,Behavioral Health Service,Behavioral Health Service,,Baton Rouge,"7612 Picardy Avenue, Suite H",2252560110.0,,abbacounselingservicesllc@gmail.com,,0,,Unknown,Unknown,,Cierra  Lewis,Abba Counseling Services-BR,,
Elemental Health,Behavioral Health Service,Behavioral Health Service,,Baton Rouge,778 Chevelle Drive,2252186774.0,,elementalhealthbr@gmail.com,,0,,Unknown,Unknown,,Roxanne  Lee,Elemental Health,,
Holistic Haven,Psychiatric Residential Treatment Facilities,Psychiatric Residential Treatment Facilities,,Bogalusa,1640 South Columbia Street,9852415284.0,,holistichaven@holisticbh.org,,0,,Unknown,Unknown,,Toyanica S Burns,Holistic Haven,,
True Serenity BHS LLC,Behavioral Health Service,Behavioral Health Service,,Chalmette,2810 Paris Road Suite B,5043457747.0,,trueserenity2@gmail.com,,0,,Unknown,Unknown,,Paula  Robinson,True Serenity BHS LLC,,
LAKE Wellness Center - Covington,Behavioral Health Service,Behavioral Health Service,,Covington,"19411 Helenberg Road, Suite 101",9856025253.0,,brenard@contactlake.com,,0,,Unknown,Unknown,,ROY  VIGER,LAKE Wellness Center - Covington,,
True Freedom Recovery Center,Behavioral Health Service,Behavioral Health Service,,Covington,1016 1/2 W 21st Avenue,9853354240.0,,warnerbobcat1@gmail.com,,0,,Unknown,Unknown,,Amanda  Warner,True Freedom Recovery Center,,
Denham Springs Behavioral Health Clinic,Behavioral Health Service,Behavioral Health Service,,Denham Springs,"1951 Florida Blvd, SW,Suites D&E",2256650473.0,,shereva.lewis@fphsa.org,,0,,Unknown,Unknown,,Felicia S Self,Denham Springs Behavioral Health Clinic,,
The United Hands Youth Center,Behavioral Health Service,Behavioral Health Service,,Ferriday,109 Doty Road,3187580857.0,,bjfields080@gmail.com,,0,,Unknown,Unknown,,Brady  Fields,The United Hands Youth Center,,
Ascension Behavioral Health,Behavioral Health Service,Behavioral Health Service,,Gonzales,1056 E. Worthey Street Suite B,2256215770.0,,stephen.aguillard@la.gov,,0,,Unknown,Unknown,,Stephen  Aguillard,Ascension Behavioral Health,,
Enhance Healthcare Services Behavioral Health LLC,Behavioral Health Service,Behavioral Health Service,,Gonzales,"1058 East Worthey Street, Suite B-2",2254503216.0,,enhancebhs@gmail.com,,0,,Unknown,Unknown,,Ronda  Nitrugelegwa,Enhance Healthcare Services Behavioral Health LLC,,
"Quans Behavioral Health Services, LLC",Behavioral Health Service,Behavioral Health Service,,Gray,4266 W Main Street Suite 400,9857465900.0,,hhsbhcare@hotmail.com,,0,,Unknown,Unknown,,Taquana  Mason,"Quans Behavioral Health Services, LLC",,
JJR Healthcare Services LLC-Gretna,Behavioral Health Service,Behavioral Health Service,,Gretna,1500 Lafayette St.Ste 140,5045339152.0,,jjrhealthcare@gmail.com,,0,,Unknown,Unknown,,Wymeka  Breaux,JJR Healthcare Services LLC-Gretna,,
BAART Programs Northshore,Behavioral Health Service,Behavioral Health Service,,Hammond,615 Pride Drive,9854191666.0,,MSTEWART@BAARTPROGRAMS.COM,,0,,Unknown,Unknown,,Mindy  Stewart,BAART Programs Northshore,,
Project Cultivate,Behavioral Health Service,Behavioral Health Service,,Hammond,206 East Charles Street Suite B,9856620402.0,,info@programcultivate.org,,0,,Unknown,Unknown,,Meghan  Sinclair,Project Cultivate,,
Abba Counseling Services,Behavioral Health Service,Behavioral Health Service,,Harvey,2439 Manhattan Blvd Ste 207,5043648949.0,,abundantcounseling@gmail.com,,0,,Unknown,Unknown,,Ursula  Davis,Abba Counseling Services,,
"Changing Lives Rehabilitation Health Center ,LLC",Behavioral Health Service,Behavioral Health Service,,Haynesville,9842 Highway 79,3184584798.0,,WALLENGSU@YAHOO.COM,,0,,Unknown,Unknown,,Whitney  Allen,"Changing Lives Rehabilitation Health Center ,LLC",,
Claiborne Addiction Recovery Center,Behavioral Health Service,Behavioral Health Service,,Homer,"620 East College, First Floor",3183713911.0,,dpledger@claibornemedical.com,,0,,Unknown,Unknown,,Tina  Haynes,Claiborne Addiction Recovery Center,,
"Integrity Behavioral Health Services, LLC",Behavioral Health Service,Behavioral Health Service,,Houma,106 Moss Lane Unit 3,9857465405.0,,integrity985@gmail.com,,0,,Unknown,Unknown,,Mayumi  Shields,"Integrity Behavioral Health Services, LLC",,
BAART Programs LaPlace,Behavioral Health Service,Behavioral Health Service,,La Place,128 Woodland Drive,9856513777.0,,scalhoun@baartprograms.com,,0,,Unknown,Unknown,,SARAH  CALHOUN,BAART Programs LaPlace,,
Path Behavioral Healthcare -Lake Charles,Behavioral Health Service,Behavioral Health Service,,Lake Charles,1409 Kirkman Street,3374193586.0,,tsheridan@pathihc.com,,0,,Unknown,Unknown,,Tiesha  Sheridan,Path Behavioral Healthcare -Lake Charles,,
"Odyssey House Louisiana, Inc-Briscoe",Behavioral Health Service,Behavioral Health Service,,Lake Charles,4012 Avenue H,5048219211.0,,abosworth@ohlinc.org,,0,,Unknown,Unknown,,Ed  Carlson,"Odyssey House Louisiana, Inc-Briscoe",,
"Premier Rehab of Southwest Louisiana, LLC-Lake Charles",Behavioral Health Service,Behavioral Health Service,,Lake Charles,2706 Hodges Street,3374911740.0,,mbrown@premierrehabswla.com,,0,,Unknown,Unknown,,Mark A Brown,"Premier Rehab of Southwest Louisiana, LLC-Lake Charles",,
Lake Charles Addiction and Wellness Center,Behavioral Health Service,Behavioral Health Service,,Lake Charles,315 Alamo Street,3375136121.0,,info@addictionandwellness.com,,0,,Unknown,Unknown,,Stephanie  Boyd,Lake Charles Addiction and Wellness Center,,
Delta Community Enhancement Program,Behavioral Health Service,Behavioral Health Service,,Lake Providence,411 Sparrow Street,3185593356.0,,dceprogram@yahoo.com,,0,,Unknown,Unknown,,Joseph  Jackson,Delta Community Enhancement Program,,
Methodist Children''''s Home of Southeast Louisiana,Psychiatric Residential Treatment Facilities,Psychiatric Residential Treatment Facilities,,Loranger,49242 Hwy 445,9856266649.0,,Marlin.Giacona@LMCH.org,,0,,Unknown,Unknown,,Marlin  Giacona,Methodist Children''''s Home of Southeast Louisiana,,
Ruth Clinic,Behavioral Health Service,Behavioral Health Service,,Mandeville,"1770 Hwy 59, Unit 2",9852313288.0,,john@ruthclinic.com,,0,,Unknown,Unknown,,John  Bretchel,Ruth Clinic,,
The Ness Center,Behavioral Health Service,Behavioral Health Service,,Mandeville,23699 Quail Lane,9853344060.0,,tonib@northlakebh.org,,0,,Unknown,Unknown,,Toni  Bonvillian,The Ness Center,,
Start Coporation CRC,Psychiatric Residential Treatment Facilities,Psychiatric Residential Treatment Facilities,,Mandeville,"23251 S.Robin Rd, Ste 102",9858982445.0,,greg@startcorp.org,,0,,Unknown,Unknown,,Casey Guidry,Start Coporation CRC,,
My Sisters Voice Healthcare,Behavioral Health Service,Behavioral Health Service,,Marrero,"909 Avenue C, Suite A",5043837448.0,,mysistersvoicellc@gmail.com,,0,,Unknown,Unknown,,Wanda  Thompson,My Sisters Voice Healthcare,,
Avenues Recovery Center of New Orleans,Behavioral Health Service,Behavioral Health Service,,Metairie,4933 Wabash Street,5047802766.0,,hudi@avenuesrecovery.com,,0,,Unknown,Unknown,,Leah  Rosa,Avenues Recovery Center of New Orleans,,
Integrative Recovery Therapies,Behavioral Health Service,Behavioral Health Service,,Metairie,"2305 N Hullen Street, Suite 10",5042292244.0,,smiltz@irtbh.com,,0,,Unknown,Unknown,,Jon  Oelke,Integrative Recovery Therapies,,
"Cornerstone Behavioral Health, LLC",Behavioral Health Service,Behavioral Health Service,,Monroe,3100 Kilpatrick Blvd Suite 102,3183258048.0,,cornerstonecmhc@yahoo.com,,0,,Unknown,Unknown,,Adrian  Williams,"Cornerstone Behavioral Health, LLC",,
The Macro Group LLC,Behavioral Health Service,Behavioral Health Service,,Monroe,1602 Royal Avenue,3183257725.0,,themacrogroup@yahoo.com,,0,,Unknown,Unknown,,Dustin  Ebanks,The Macro Group LLC,,
Merakey Pennsylvania - Monroe,Behavioral Health Service,Behavioral Health Service,,Monroe,1808 Glenmar Ave,3183275344.0,,Heidi.Bordelon@nhsonline.org,,0,,Unknown,Unknown,,Heidi  Bordeleon,Merakey Pennsylvania - Monroe,,
"Milestone Recovery, LLC",Behavioral Health Service,Behavioral Health Service,,Monroe,1805 Martin Luther King Jr Dr,3187372020.0,,Whitley@milestone-recovery.com,,0,,Unknown,Unknown,,Whitley  Lewis,"Milestone Recovery, LLC",,
New Hope Addiction Recovery,Behavioral Health Service,Behavioral Health Service,,Monroe,215 North Park Drive,3189779100.0,,tamara@nhrecovery.com,,0,,Unknown,Unknown,,Tamara  Johnston,New Hope Addiction Recovery,,
Good News Counseling LLC,Behavioral Health Service,Behavioral Health Service,,Monroe,3217 Concordia Avenue,3186808172.0,,goodnewscounseling@yahoo.com,,0,,Unknown,Unknown,,Mary  Comanche,Good News Counseling LLC,,
Serenity House Monroe,Behavioral Health Service,Behavioral Health Service,,Monroe,4600 Reddix Lane,3185824480.0,,crystal@serenityhousemonroe.com,,0,,Unknown,Unknown,,Seth  Dawson,Serenity House Monroe,,
Another Chance Enterprise Support Services,Behavioral Health Service,Behavioral Health Service,,Monroe,2901 Evangeline Street,3185825115.0,,youthworthit@gmail.com,,0,,Unknown,Unknown,,SIDNEY  MOSS,Another Chance Enterprise Support Services,,
"Peaceful Alternatives Counseling and Therapy, LLC",Behavioral Health Service,Behavioral Health Service,,Natchitoches,118 Touline Street,3183794751.0,,info@peacefulpacts.com,,0,,Unknown,Unknown,,Robert  Terry,"Peaceful Alternatives Counseling and Therapy, LLC",,
Loving Hearts Social Services of New Orleans,Behavioral Health Service,Behavioral Health Service,,New Orleans,10040 I -10 Service Rd Ste C,5048215220.0,,rcarsey@lovingheartsofla.com,,0,,Unknown,Unknown,,REBECCA  CARSEY,Loving Hearts Social Services of New Orleans,,
Grace House on Stratford,Behavioral Health Service,Behavioral Health Service,,New Orleans,6311 Stratford Place,5045224476.0,,epedersen@bridgehouse.org,,0,,Unknown,Unknown,,Else  Pedersen,Grace House on Stratford,,
"Positive Direction Support Services, LLC",Behavioral Health Service,Behavioral Health Service,,New Orleans,"1995 Gentilly Blvd, Suite C-400",5049440453.0,,dlove@positivedirectionnola.com,,0,,Unknown,Unknown,,Donnyette  Love,"Positive Direction Support Services, LLC",,
Louisiana Health Partners LLC,Behavioral Health Service,Behavioral Health Service,,New Orleans,1042 Annunciation Street,5043034646.0,,djohns@lahealthpartners.com,,0,,Unknown,Unknown,,Donica  Johns,Louisiana Health Partners LLC,,
"New Orleans Healthy Health Resources, LLC",Behavioral Health Service,Behavioral Health Service,,New Orleans,7060 Read Ln Suite 200,5042469860.0,,n.o.hhr@att.net,,0,,Unknown,Unknown,,Eddie  Conerly Jr.,"New Orleans Healthy Health Resources, LLC",,
Health Guardians-Sacred Heart,Behavioral Health Service,Behavioral Health Service,,New Orleans,3222 Canal Street,5048211786.0,,skaywood@ccano.org,,0,,Unknown,Unknown,,Cindy  Distefano,Health Guardians-Sacred Heart,,
Imagine Recovery,Behavioral Health Service,Behavioral Health Service,,New Orleans,728 Nashville Avenue,5046054095.0,,felicia@imaginerecovery.com,,0,,Unknown,Unknown,,Felicia  Kleinpeter,Imagine Recovery,,
Tulane Doctors Specialty Psychiatry,Behavioral Health Service,Behavioral Health Service,,New Orleans,4000 Bienville Street Suite G,5049880301.0,,mhart9@tulane.edu,,0,,Unknown,Unknown,,Mary  Hart,Tulane Doctors Specialty Psychiatry,,
Florenson Healthcare Services. LLC,Behavioral Health Service,Behavioral Health Service,,New Orleans,6306 St. Claude Avenue,5042368396.0,,florensonhealthcare@gmail.com,,0,,Unknown,Unknown,,Florenson  Chigbu,Florenson Healthcare Services. LLC,,
"Nola Detox, LLC",Behavioral Health Service,Behavioral Health Service,,New Orleans,"4201 Woodland Drive, 3rd floor",5044461111.0,,dan@noladetox.com,,0,,Unknown,Unknown,,Daniel D Forman,"Nola Detox, LLC",,
Genesis Housing Counseling & Outreach Services Inc,Behavioral Health Service,Behavioral Health Service,,New Orleans,"10001 Lake Forest Blvd, Ste 613",5049086241.0,,genesiscounseling2019@gmail.com,,0,,Unknown,Unknown,,Marlon  Mazant Sr,Genesis Housing Counseling & Outreach Services Inc,,
Center for Resilience,Behavioral Health Service,Behavioral Health Service,,New Orleans,1035 Calhoun Street,5043083501.0,,info@cfrla.org,,0,,Unknown,Unknown,,Elizabeth M Williams,Center for Resilience,,
Red River Treatment Facility,Behavioral Health Service,Behavioral Health Service,,Pineville,5505 Shreveport Hwy,3184415900.0,,hperret@perretgroup.com,,0,,Unknown,Unknown,,HUNTER  PERRET,Red River Treatment Facility,,
"Steps Recovery Solutions, LLC",Behavioral Health Service,Behavioral Health Service,,Pineville,210 Laurel Street,3186194040.0,,rviger@stepsrecoverysolutions.com,,0,,Unknown,Unknown,,Roy  Viger,"Steps Recovery Solutions, LLC",,
Impact Group BHS,Behavioral Health Service,Behavioral Health Service,,Plaquemine,"59335 River West Drive, Bldg C Ste B",2253722693.0,,droyal@impactgbhs.com,,0,,Unknown,Unknown,,DEBORAH  ROYAL,Impact Group BHS,,
"Journey Counseling and Community Services, LLC",Behavioral Health Service,Behavioral Health Service,,Ponchatoula,"1180 Hwy 51, Suite A",9854670730.0,,journeycounseling2018@gmail.com,,0,,Unknown,Unknown,,Jerwanna  Clay,"Journey Counseling and Community Services, LLC",,
Second Chances Recovery Center,Behavioral Health Service,Behavioral Health Service,,Rayville,161 Comeaux Rd,3183035500.0,,Rileym@secondchancesrehab.com,,0,,Unknown,Unknown,,PATRICIA R MCEACHARN,Second Chances Recovery Center,,
Lincoln Nova Vital Recovery,Behavioral Health Service,Behavioral Health Service,,Ruston,4396 HWY 80,3182514659.0,,Jhenry@lincolnnova.com,,0,,Unknown,Unknown,,JIM  HENRY,Lincoln Nova Vital Recovery,,
"Seedlinks Behavior Management, LLC-Ruston",Behavioral Health Service,Behavioral Health Service,,Ruston,408 W. Mississippi Avenue,3186265597.0,,seedlinks@seedlinks.net,,0,,Unknown,Unknown,,RYAN  WILLIAMS,"Seedlinks Behavior Management, LLC-Ruston",,
"La Paz, LLC",Behavioral Health Service,Behavioral Health Service,,Ruston,1404 South Vienna Street,3182249200.0,,lapaziop@gmail.com,,0,,Unknown,Unknown,,Lakysha  Starts-Sampson,"La Paz, LLC",,
"Intuitive Solutions Counseling and Recovery, LLC",Behavioral Health Service,Behavioral Health Service,,Ruston,330 E Vaughn Avenue,3182247135.0,,iwitherington@intuitive-solutions.net,,0,,Unknown,Unknown,,India  Witherington,"Intuitive Solutions Counseling and Recovery, LLC",,
Journey to Insight-St. James,Behavioral Health Service,Behavioral Health Service,,Saint James,10565 Lifehouse Street,2253498696.0,,admin@journeytoinsight.com,,0,,Unknown,Unknown,,Kenneth  Rhea,Journey to Insight-St. James,,
"Center for Behavioral Health Louisiana, LLC-Shreveport",Behavioral Health Service,Behavioral Health Service,,Shreveport,"1303 Line Avenue, Suite 600",3184253400.0,,licensingteam@bhgrecovery.com,,0,,Unknown,Unknown,,Darlene  Louie,"Center for Behavioral Health Louisiana, LLC-Shreveport",,
"Lets Talk Counseling and Therapy, LLC",Behavioral Health Service,Behavioral Health Service,,Shreveport,2520 Crestwood Drive,3188683093.0,,letstalk@counseling1.net,,0,,Unknown,Unknown,,Tresselar  Williams-Lee,"Lets Talk Counseling and Therapy, LLC",,
"Bridges For Recovery, LLC",Behavioral Health Service,Behavioral Health Service,,Shreveport,"7607 Fern Avenue, Suites  903",3185249954.0,,tjones@bridges2recovery.net,,0,,Unknown,Unknown,,Tiranisha t Jones,"Bridges For Recovery, LLC",,
Forever Wellness and Recovery,Behavioral Health Service,Behavioral Health Service,,Shreveport,"910 Pierremont Avenue, Suite 300",7037958793.0,,brian.hollins@foreverwellnessandrecovery.com,,0,,Unknown,Unknown,,BRIAN G HOLLINS,Forever Wellness and Recovery,,
"Travelers Counseling Agency, LLC",Behavioral Health Service,Behavioral Health Service,,Shreveport,610 Marshall St. Suite 619,3186065105.0,,travelerscounselingagency@gmail.com,,0,,Unknown,Unknown,,Shamarra  Williams,"Travelers Counseling Agency, LLC",,
Uprising Addiction Center LLC,Behavioral Health Service,Behavioral Health Service,,Shreveport,7020 Klug Pines Rd,3182305794.0,,brian@uprisingcenter.com,,0,,Unknown,Unknown,,Brian  Hollins,Uprising Addiction Center LLC,,
Magnolia Recovery LLC,Behavioral Health Service,Behavioral Health Service,,Shreveport,3605 Youree Drive,3186159336.0,,info@magnolia-recovery.com,,0,,Unknown,Unknown,,Kevin  Smithey,Magnolia Recovery LLC,,
Hands of Hope Behavioral Health,Behavioral Health Service,Behavioral Health Service,,Shreveport,2100 East 70th Street. Suite A,3182274999.0,,handsofhope@hohbh.org,,0,,Unknown,Unknown,,Shemika  Caldwell,Hands of Hope Behavioral Health,,
Foundation Recovery Center L.L.C.,Behavioral Health Service,Behavioral Health Service,,Shreveport,2419 Southern Avenue,3182271475.0,,tuckerr@frcla.org,,0,,Unknown,Unknown,,James T Ruben III,Foundation Recovery Center L.L.C.,,
Turning Point Counseling Services LLC,Behavioral Health Service,Behavioral Health Service,,Shreveport,"3007 Knight Street, Suite 101",3186580069.0,,tryphena@turningpointcounselingservice.com,,0,,Unknown,Unknown,,Laura  Hubbard,Turning Point Counseling Services LLC,,
The Grove at Ascension,Behavioral Health Service,Behavioral Health Service,,Sorrento,7384 John LeBlanc Boulevard,2253004850.0,,denise@thegroverecoverycenter.com,,0,,Unknown,Unknown,,Denise  Thibodeaux,The Grove at Ascension,,
Methodist Children''''s Home of Southwest Louisiana,Psychiatric Residential Treatment Facilities,Psychiatric Residential Treatment Facilities,,Sulphur,3029 North Beglis Parkway,3375275056.0,,steven.franks@LMCH.org,,0,,Unknown,Unknown,,Steven  Franks,Methodist Children''''s Home of Southwest Louisiana,,
"Cognitive Development Center, Inc",Behavioral Health Service,Behavioral Health Service,,Tallulah,1705 Felicia Avenue,3185741232.0,,twright@seasidehc.com,,0,,Unknown,Unknown,,Timeka  Wright,"Cognitive Development Center, Inc",,
"Inquiring Minds Behavioral Health & Consulting, Inc",Behavioral Health Service,Behavioral Health Service,,Tallulah,"805 N. Beech Street, Suite 2",3184935147.0,,inquiringmindsbh_c@yahoo.com,,0,,Unknown,Unknown,,Dr.Joey J Mitchell,"Inquiring Minds Behavioral Health & Consulting, Inc",,
Living Water Family Services-Tallulah,Behavioral Health Service,Behavioral Health Service,,Tallulah,410 East Askew,3185742320.0,,kenneth.lwmi@gmail.com,,0,,Unknown,Unknown,,Latonda  Fisher,Living Water Family Services-Tallulah,,
Positive Transformation Health Services,Behavioral Health Service,Behavioral Health Service,,Thibodaux,2590 Hwy 1,9853131093.0,,maishadavis32@gmail.com,,0,,Unknown,Unknown,,Maisha  Davis,Positive Transformation Health Services,,
All About You Adult and Youth Services  LLC,Behavioral Health Service,Behavioral Health Service,,Vidalia,1810 Carter St,3183364797.0,,fellagarrison@gmail.com,,0,,Unknown,Unknown,,Jacqueline  Garrison,All About You Adult and Youth Services  LLC,,
Acadiana Treatment Center,Psychiatric Residential Treatment Facilities,Psychiatric Residential Treatment Facilities,,Sunset,156 Choctaw Rd,3372331111.0,,TRACE.SWARTFAGER@acadiavermilion.com,,0,,Unknown,Unknown,,TRACE  SWARTZFAGER,Acadiana Treatment Center,,
