sheet,address,formula,functions,referenced_sheets
Ancil Invoices,I2,='Daily Census IP 2012'!A2,,Daily Census IP 2012
Ancil Invoices,G6,='2012 YTD Summary'!B9,,2012 YTD Summary
Ancil Invoices,I6,=SUM(G6*H6),SUM,
Ancil Invoices,L6,='2012 YTD Summary'!C9,,2012 YTD Summary
Ancil Invoices,N6,=SUM(L6*M6),SUM,
Ancil Invoices,G7,='2012 YTD Summary'!B9,,2012 YTD Summary
Ancil Invoices,L7,='2012 YTD Summary'!C9,,2012 YTD Summary
Ancil Invoices,G8,='2012 YTD Summary'!B9,,2012 YTD Summary
Ancil Invoices,L8,='2012 YTD Summary'!C9,,2012 YTD Summary
Ancil Invoices,G9,='2012 YTD Summary'!B27,,2012 YTD Summary
Ancil Invoices,L9,='2012 YTD Summary'!C27,,2012 YTD Summary
Ancil Invoices,I11,=SUM(I6:I10),SUM,
Ancil Invoices,N11,=SUM(N6:N10),SUM,
Ancil Invoices,I13,=SUM(I11+I12),SUM,
Ancil Invoices,N13,=SUM(N11+N12),SUM,
Ancil Invoices,G20,='2012 YTD Summary'!D9,,2012 YTD Summary
Ancil Invoices,I20,=SUM(G20*H20),SUM,
Ancil Invoices,L20,='2012 YTD Summary'!E9,,2012 YTD Summary
Ancil Invoices,N20,=SUM(L20*M20),SUM,
Ancil Invoices,G21,='2012 YTD Summary'!D9,,2012 YTD Summary
Ancil Invoices,L21,='2012 YTD Summary'!E9,,2012 YTD Summary
Ancil Invoices,G22,='2012 YTD Summary'!D9,,2012 YTD Summary
Ancil Invoices,L22,='2012 YTD Summary'!E9,,2012 YTD Summary
Ancil Invoices,G23,='2012 YTD Summary'!D27,,2012 YTD Summary
Ancil Invoices,L23,='2012 YTD Summary'!E27,,2012 YTD Summary
Ancil Invoices,I25,=SUM(I20:I24),SUM,
Ancil Invoices,N25,=SUM(N20:N24),SUM,
Ancil Invoices,I27,=SUM(I25+I26),SUM,
Ancil Invoices,N27,=SUM(N25+N26),SUM,
Ancil Invoices,G34,='2012 YTD Summary'!F9,,2012 YTD Summary
Ancil Invoices,I34,=SUM(G34*H34),SUM,
Ancil Invoices,L34,='2012 YTD Summary'!G9,,2012 YTD Summary
Ancil Invoices,N34,=SUM(L34*M34),SUM,
Ancil Invoices,G35,='2012 YTD Summary'!F9,,2012 YTD Summary
Ancil Invoices,L35,='2012 YTD Summary'!G9,,2012 YTD Summary
Ancil Invoices,G36,='2012 YTD Summary'!F9,,2012 YTD Summary
Ancil Invoices,L36,='2012 YTD Summary'!G9,,2012 YTD Summary
Ancil Invoices,G37,='2012 YTD Summary'!F27,,2012 YTD Summary
Ancil Invoices,L37,='2012 YTD Summary'!G27,,2012 YTD Summary
Ancil Invoices,I39,=SUM(I34:I38),SUM,
Ancil Invoices,N39,=SUM(N34:N38),SUM,
Ancil Invoices,I41,=SUM(I39+I40),SUM,
Ancil Invoices,N41,=SUM(N39+N40),SUM,
Ancil Invoices,I53,='Daily Census IP 2012'!A2,,Daily Census IP 2012
Ancil Invoices,G57,='2012 YTD Summary'!H9,,2012 YTD Summary
Ancil Invoices,I57,=SUM(G57*H57),SUM,
Ancil Invoices,L57,='2012 YTD Summary'!I9,,2012 YTD Summary
Ancil Invoices,N57,=SUM(L57*M57),SUM,
Ancil Invoices,G58,='2012 YTD Summary'!H9,,2012 YTD Summary
Ancil Invoices,L58,='2012 YTD Summary'!I9,,2012 YTD Summary
Ancil Invoices,G59,='2012 YTD Summary'!H9,,2012 YTD Summary
Ancil Invoices,L59,='2012 YTD Summary'!I9,,2012 YTD Summary
Ancil Invoices,G60,='2012 YTD Summary'!H26,,2012 YTD Summary
Ancil Invoices,L60,='2012 YTD Summary'!I26,,2012 YTD Summary
Ancil Invoices,I62,=SUM(I57:I61),SUM,
Ancil Invoices,N62,=SUM(N57:N61),SUM,
Ancil Invoices,I64,=SUM(I62+I63),SUM,
Ancil Invoices,N64,=SUM(N62+N63),SUM,
Ancil Invoices,G71,='2012 YTD Summary'!J9,,2012 YTD Summary
Ancil Invoices,I71,=SUM(G71*H71),SUM,
Ancil Invoices,L71,='2012 YTD Summary'!K9,,2012 YTD Summary
Ancil Invoices,N71,=SUM(L71*M71),SUM,
Ancil Invoices,G72,='2012 YTD Summary'!J9,,2012 YTD Summary
Ancil Invoices,L72,='2012 YTD Summary'!K9,,2012 YTD Summary
Ancil Invoices,G73,='2012 YTD Summary'!J9,,2012 YTD Summary
Ancil Invoices,L73,='2012 YTD Summary'!K9,,2012 YTD Summary
Ancil Invoices,G74,='2012 YTD Summary'!J26,,2012 YTD Summary
Ancil Invoices,L74,='2012 YTD Summary'!K26,,2012 YTD Summary
Ancil Invoices,I76,=SUM(I71:I75),SUM,
Ancil Invoices,N76,=SUM(N71:N75),SUM,
Ancil Invoices,I78,=SUM(I76+I77),SUM,
Ancil Invoices,N78,=SUM(N76+N77),SUM,
Ancil Invoices,G85,='2012 YTD Summary'!L9,,2012 YTD Summary
Ancil Invoices,I85,=SUM(G85*H85),SUM,
Ancil Invoices,L85,='2012 YTD Summary'!M9,,2012 YTD Summary
Ancil Invoices,N85,=SUM(L85*M85),SUM,
Ancil Invoices,G86,='2012 YTD Summary'!L9,,2012 YTD Summary
Ancil Invoices,L86,='2012 YTD Summary'!M9,,2012 YTD Summary
Ancil Invoices,G87,='2012 YTD Summary'!L9,,2012 YTD Summary
Ancil Invoices,L87,='2012 YTD Summary'!M9,,2012 YTD Summary
Ancil Invoices,G88,='2012 YTD Summary'!L26,,2012 YTD Summary
Ancil Invoices,L88,='2012 YTD Summary'!M26,,2012 YTD Summary
Ancil Invoices,I90,=SUM(I85:I89),SUM,
Ancil Invoices,N90,=SUM(N85:N89),SUM,
Ancil Invoices,I92,=SUM(I90+I91),SUM,
Ancil Invoices,N92,=SUM(N90+N91),SUM,
Aug Revenue,AC3,='Staffing July'!O18,,Staffing July
Aug Revenue,AC4,='Staffing August'!K1,,Staffing August
Aug Revenue,E5,=D5-C5,,
Aug Revenue,F5,"=SUMIF(G5,"">0"")-M5",SUMIF,
Aug Revenue,G5,=H5-I5+J5,,
Aug Revenue,H5,"=IF(D5>$E$2,$E$2-C5,IF(D5<=$E$2,D5-C5))",IF,
Aug Revenue,I5,"=IF(C5<$E$1,$D$2-C5,0)",IF,
Aug Revenue,AH26,=AD30,,
Aug Revenue,AD28,"=COUNTIF(AB5:AB33, ""S"")",COUNTIF,
Aug Revenue,AE28,=SUM(AD28/AD30),SUM,
Aug Revenue,AF28,"=AVERAGEIFS(E$5:$E33,E$5:$E33,"">0"",AB$5:$AB33,""S"")",AVERAGEIFS,
Aug Revenue,AD29,"=COUNTIF(AB5:AB33, ""M"")",COUNTIF,
Aug Revenue,AE29,=SUM(AD29/AD30),SUM,
Aug Revenue,AF29,"=AVERAGEIFS(E$5:$E33,E$5:$E33,"">0"",AB$5:$AB33,""M"")",AVERAGEIFS,
Aug Revenue,AD30,=SUM(AD28:AD29),SUM,
Aug Revenue,AE30,=SUM(AE28+AE29),SUM,
Aug Revenue,AF30,=J57,,
Aug Revenue,AD32,=J56,,
Aug Revenue,AD36,"=SUMIFS(E$5:$E33,E$5:$E33,"">0"",AB$5:$AB33,""S"")",SUMIFS,
Aug Revenue,AE36,=AD36,,
Aug Revenue,AG36,=SUM(AD36/AD38),SUM,
Aug Revenue,AH36,=AF28,,
Aug Revenue,AD37,"=SUMIFS(E$5:$E33,E$5:$E33,"">0"",AB$5:$AB33,""M"")",SUMIFS,
Aug Revenue,AG37,=SUM(AD37/AD38),SUM,
Aug Revenue,AD38,=SUM(AD36+AD37),SUM,
Aug Revenue,AG38,=SUM(AG36+AG37),SUM,
Aug Revenue,AD42,"=COUNTIF(Z5:Z33, ""mcr"")",COUNTIF,
Aug Revenue,AE42,"=SUMIFS(E$5:$E33,E$5:$E33,"">0"",Z$5:$Z33,""=mcr"")",SUMIFS,
Aug Revenue,AF42,=AE42,,
Aug Revenue,AH42,=SUM(AD42/AD$54),SUM,
Aug Revenue,AI42,=SUM(AE42/AD42),SUM,
Aug Revenue,AD43,"=COUNTIF(Z5:Z33, ""mcd"")",COUNTIF,
Aug Revenue,AE43,"=SUMIFS(E$5:$E33,E$5:$E33,"">0"",Z$5:$Z33,""=mcd"")",SUMIFS,
Aug Revenue,AD44,"=COUNTIF(Z5:Z33, ""BCBS"")",COUNTIF,
Aug Revenue,AE44,"=SUMIFS(E$5:$E33,E$5:$E33,"">0"",Z$5:$Z33,""=bcbs"")",SUMIFS,
Aug Revenue,AD45,"=COUNTIF(Z5:Z33, ""cigna"")",COUNTIF,
Aug Revenue,AE45,"=SUMIFS(E$5:$F33,E$5:$F33,"">0"",Z$5:$AA33,""=Cigna"")",SUMIFS,
Aug Revenue,AD46,"=COUNTIF(Z5:Z33, ""humana"")",COUNTIF,
Aug Revenue,AE46,"=SUMIFS(E$5:$E33,E$5:$E33,"">0"",$Z$5:Z33,""=humana"")",SUMIFS,
Aug Revenue,AD47,"=COUNTIF(Z5:Z33, ""value op"")",COUNTIF,
Aug Revenue,AE47,"=SUMIFS(E$5:$E33,E$5:$E33,"">0"",Z$5:$Z33,""=Value OP"")",SUMIFS,
Aug Revenue,AD48,"=COUNTIF(Z5:Z33, ""UBH"")",COUNTIF,
Aug Revenue,AE48,"=SUMIFS(E$5:$E33,E$5:$E33,"">0"",Z$5:$Z33,""=ubh"")",SUMIFS,
Aug Revenue,AD49,"=COUNTIF(Z5:Z33, ""vantage"")",COUNTIF,
Aug Revenue,AE49,"=SUMIFS(E$5:$E33,E$5:$E33,"">0"",Z$5:$Z33,""=vantage"")",SUMIFS,
Aug Revenue,F50,=SUM(F5:F48),SUM,
Aug Revenue,AD50,"=COUNTIF(Z5:Z33, ""priv"")",COUNTIF,
Aug Revenue,AE50,"=SUMIFS(E$5:$E33,E$5:$E33,"">0"",Z$5:$Z33,""=priv"")",SUMIFS,
Aug Revenue,AD51,"=COUNTIF(Z5:Z33, ""INS"")",COUNTIF,
Aug Revenue,AE51,"=SUMIFS(E$5:$E33,E$5:$E33,"">0"",Z$5:$Z33,""INS"")",SUMIFS,
Aug Revenue,B52,=AVERAGE(B5:B37),AVERAGE,
Aug Revenue,AD52,"=COUNTIF(Z5:Z33, ""sterling"")",COUNTIF,
Aug Revenue,AE52,"=SUMIFS(E$5:$E33,E$5:$E33,"">0"",Z$5:$Z33,""=sterling"")",SUMIFS,
Aug Revenue,E53,=SUM(E5:E40),SUM,
Aug Revenue,AD53,"=COUNTIF(Z5:Z33, ""ind"")",COUNTIF,
Aug Revenue,AE53,"=SUMIFS(E$5:$E33,E$5:$E33,"">0"",Z$5:$Z33, ""=Ind"")",SUMIFS,
Aug Revenue,A54,=SUM(O57+Q57+S57)+U57+W57,SUM,
Aug Revenue,AD54,=SUM(AD42:AD53),SUM,
Aug Revenue,E56,"=SUMIF(E5:E40,"">0"")",SUMIF,
Aug Revenue,J56,='Daily Census IP 2012'!AH26,,Daily Census IP 2012
Aug Revenue,M56,=SUM(M5:M49),SUM,
Aug Revenue,O56,=SUM(O5:O49),SUM,
Aug Revenue,Q56,=SUM(Q5:Q49),SUM,
Aug Revenue,S56,=SUM(S5:S49),SUM,
Aug Revenue,U56,=SUM(U5:U49),SUM,
Aug Revenue,W56,=SUM(W5:W33),SUM,
Aug Revenue,Z56,=SUM(M56:W56),SUM,
Aug Revenue,AA56,=J56,,
Aug Revenue,A57,='Daily Census IP 2012'!AH27,,Daily Census IP 2012
Aug Revenue,C57,='Daily Census IP 2012'!A46,,Daily Census IP 2012
Aug Revenue,J57,"=SUM(E56)/COUNTIF(E5:E40,"">0"")",COUNTIF;SUM,
Aug Revenue,M57,=SUM(M56*C57),SUM,
Aug Revenue,O57,=SUM(O56*D58),SUM,
Aug Revenue,Q57,=SUM(Q56*D59),SUM,
Aug Revenue,S57,=SUM(Q56*D60),SUM,
Aug Revenue,U57,=SUM(U56*D58),SUM,
Aug Revenue,W57,=SUM(W56*D64),SUM,
Aug Revenue,X57,=SUM(X56*D61),SUM,
Aug Revenue,Y57,=SUM(Y56*E62),SUM,
Aug Revenue,Z57,"=COUNTIF(E5:E33, "">0"")",COUNTIF,
Aug Revenue,D58,=C57,,
Aug Revenue,D59,=SUM(D58-E59),SUM,
Aug Revenue,D60,=SUM(D58-E60),SUM,
Budget vs Actual,G3,='Daily Census IP 2012'!A2,,Daily Census IP 2012
Budget vs Actual,E4,='2012 YTD Summary'!B12,,2012 YTD Summary
Budget vs Actual,F4,=SUM(E4-C4),SUM,
Budget vs Actual,E5,='2012 YTD Summary'!C12,,2012 YTD Summary
Budget vs Actual,E6,='2012 YTD Summary'!D12,,2012 YTD Summary
Budget vs Actual,E7,='2012 YTD Summary'!E12,,2012 YTD Summary
Budget vs Actual,E8,='2012 YTD Summary'!F12,,2012 YTD Summary
Budget vs Actual,E9,='2012 YTD Summary'!G12,,2012 YTD Summary
Budget vs Actual,E10,='2012 YTD Summary'!H12,,2012 YTD Summary
Budget vs Actual,E11,='2012 YTD Summary'!I12,,2012 YTD Summary
Budget vs Actual,E12,='2012 YTD Summary'!J12,,2012 YTD Summary
Budget vs Actual,E13,='2012 YTD Summary'!K12,,2012 YTD Summary
Budget vs Actual,E14,='2012 YTD Summary'!L12,,2012 YTD Summary
Budget vs Actual,E15,='2012 YTD Summary'!M12,,2012 YTD Summary
Budget vs Actual,C16,=SUM(C4:C15),SUM,
Budget vs Actual,E16,=SUM(E4:E15),SUM,
Budget vs Actual,H16,=SUM(E16-C16),SUM,
Budget vs Actual,E18,='2012 YTD Summary'!B22,,2012 YTD Summary
Budget vs Actual,F18,=SUM(E18-C18),SUM,
Budget vs Actual,E19,='2012 YTD Summary'!C22,,2012 YTD Summary
Budget vs Actual,E20,='2012 YTD Summary'!D22,,2012 YTD Summary
Budget vs Actual,E21,='2012 YTD Summary'!E22,,2012 YTD Summary
Budget vs Actual,E22,='2012 YTD Summary'!F22,,2012 YTD Summary
Budget vs Actual,E23,='2012 YTD Summary'!G22,,2012 YTD Summary
Budget vs Actual,E24,='2012 YTD Summary'!H22,,2012 YTD Summary
Budget vs Actual,E25,='2012 YTD Summary'!I22,,2012 YTD Summary
Budget vs Actual,E26,='2012 YTD Summary'!J22,,2012 YTD Summary
Budget vs Actual,E27,='2012 YTD Summary'!K22,,2012 YTD Summary
Budget vs Actual,E28,='2012 YTD Summary'!L22,,2012 YTD Summary
Budget vs Actual,E29,='2012 YTD Summary'!M22,,2012 YTD Summary
Budget vs Actual,C30,=SUM(C18:C29),SUM,
Budget vs Actual,E30,=SUM(E18:E29),SUM,
Budget vs Actual,H30,=SUM(E30-C30),SUM,
Budget vs Actual,C33,=SUM(C16+C30),SUM,
Budget vs Actual,E33,=SUM(E16+E30),SUM,
Budget vs Actual,H34,=SUM(E33-C33),SUM,
Budget vs Actual,C35,=SUM(E30/C30),SUM,
Staffing January,A2,=A21,,
Staffing January,B2,=SUM(B21),SUM,
Staffing January,E2,"=SUMIF(C21:AG21, "">0"")/COUNTIF(C21:AG21, "">0"")",COUNTIF;SUMIF,
Staffing January,H2,=SUM(E2-B2),SUM,
Staffing January,U2,='Daily Census IP 2012'!G43,,Daily Census IP 2012
Staffing January,X3,=SUM(C33:AG33),SUM,
Staffing January,AA3,=B83,,
Staffing January,AD3,=SUM(X3*AA3),SUM,
Staffing January,AB6,=SUM(AD3:AD5),SUM,
Staffing January,Z8,=SUM(C37:AG37),SUM,
Staffing January,AD8,=B58,,
Staffing January,AF8,='Daily Census IP 2012'!A46,,Daily Census IP 2012
Staffing January,Z9,=SUM(C36:AG36),SUM,
Staffing January,Z10,=SUM(Z11)*(AD10),SUM,
Staffing January,Z11,=B32,,
Staffing January,AF12,='Daily Census IP 2012'!A49,,Daily Census IP 2012
Staffing January,X13,=SUM(B40/B53),SUM,
Staffing January,Z13,=SUM(B45/B53),SUM,
Staffing January,AB13,=SUM(B44/B53),SUM,
Staffing January,AD13,=SUM(B46:B52)/SUM(B53),SUM,
Staffing January,Y14,=B44,,
Staffing January,Z14,=SUM(Y14*AF12),SUM,
Staffing January,AB14,='2012 YTD Summary'!O13,,2012 YTD Summary
Staffing January,AE14,='2012 YTD Summary'!O33,,2012 YTD Summary
Staffing January,A17,=G18,,
Staffing January,G17,=M18,,
Staffing January,G18,='Daily Census IP 2012'!AH5,,Daily Census IP 2012
Staffing January,M18,='Daily Census IP 2012'!AI4,,Daily Census IP 2012
Staffing January,O18,='Daily Census IP 2012'!A2,,Daily Census IP 2012
Staffing January,Z18,=G18,,
Staffing January,AF18,=M18,,
Staffing January,B19,=U2,,
Staffing January,C19,='Daily Census IP 2012'!B4,,Daily Census IP 2012
Staffing January,D19,='Daily Census IP 2012'!C4,,Daily Census IP 2012
Staffing January,E19,='Daily Census IP 2012'!D4,,Daily Census IP 2012
Staffing January,F19,='Daily Census IP 2012'!E4,,Daily Census IP 2012
Staffing January,G19,='Daily Census IP 2012'!F4,,Daily Census IP 2012
Staffing January,H19,='Daily Census IP 2012'!G4,,Daily Census IP 2012
Staffing January,I19,='Daily Census IP 2012'!H4,,Daily Census IP 2012
Staffing January,J19,='Daily Census IP 2012'!I4,,Daily Census IP 2012
Staffing January,K19,='Daily Census IP 2012'!J4,,Daily Census IP 2012
Staffing January,L19,='Daily Census IP 2012'!K4,,Daily Census IP 2012
Staffing January,M19,='Daily Census IP 2012'!L4,,Daily Census IP 2012
Staffing January,N19,='Daily Census IP 2012'!M4,,Daily Census IP 2012
Staffing January,O19,='Daily Census IP 2012'!N4,,Daily Census IP 2012
Staffing January,P19,='Daily Census IP 2012'!O4,,Daily Census IP 2012
Staffing January,Q19,='Daily Census IP 2012'!P4,,Daily Census IP 2012
Staffing January,R19,='Daily Census IP 2012'!Q4,,Daily Census IP 2012
Staffing January,S19,='Daily Census IP 2012'!R4,,Daily Census IP 2012
Staffing January,T19,='Daily Census IP 2012'!S4,,Daily Census IP 2012
Staffing January,U19,='Daily Census IP 2012'!T4,,Daily Census IP 2012
Staffing January,V19,='Daily Census IP 2012'!U4,,Daily Census IP 2012
Staffing January,W19,='Daily Census IP 2012'!V4,,Daily Census IP 2012
Staffing January,X19,='Daily Census IP 2012'!W4,,Daily Census IP 2012
Staffing January,Y19,='Daily Census IP 2012'!X4,,Daily Census IP 2012
Staffing January,Z19,='Daily Census IP 2012'!Y4,,Daily Census IP 2012
Staffing January,AA19,='Daily Census IP 2012'!Z4,,Daily Census IP 2012
Staffing January,AB19,='Daily Census IP 2012'!AA4,,Daily Census IP 2012
Staffing January,AC19,='Daily Census IP 2012'!AB4,,Daily Census IP 2012
Staffing January,AD19,='Daily Census IP 2012'!AC4,,Daily Census IP 2012
Staffing January,AE19,='Daily Census IP 2012'!AD4,,Daily Census IP 2012
Staffing January,AF19,='Daily Census IP 2012'!AE4,,Daily Census IP 2012
Staffing January,AG19,='Daily Census IP 2012'!AF4,,Daily Census IP 2012
Staffing January,AH21,=C71,,
Staffing January,B32,=SUM(C32:AG32),SUM,
Staffing January,AH32,=SUM(C32:AG32),SUM,
Staffing January,B40,=SUM(C40:AG40),SUM,
Staffing January,AH40,=SUM(C40:AG40),SUM,
Staffing January,B53,=SUM(B40)+SUM(B45:B52),SUM,
Staffing January,B54,=SUM(C54:AG54),SUM,
Staffing January,C54,=C19,,
Staffing January,B71,=SUM(C21:AG21),SUM,
Staffing January,C71,=SUM(B71*B58),SUM,
Staffing January,D71,=SUM(B71/G$18),SUM,
Staffing January,C80,=SUM(B80*B68),SUM,
Staffing February,A2,=A21,,
Staffing February,B2,=SUM(B21),SUM,
Staffing February,E2,"=SUMIF(C21:AG21, "">0"")/COUNTIF(C21:AG21, "">0"")",COUNTIF;SUMIF,
Staffing February,H2,=SUM(E2-B2),SUM,
Staffing February,U2,='Daily Census IP 2012'!G43,,Daily Census IP 2012
Staffing February,X3,=SUM(C33:AG33),SUM,
Staffing February,AA3,=B82,,
Staffing February,AD3,=SUM(X3*AA3),SUM,
Staffing February,AB6,=SUM(AD3:AD5),SUM,
Staffing February,Z8,=SUM(C37:AG37),SUM,
Staffing February,AD8,=B58,,
Staffing February,AF8,='Daily Census IP 2012'!A46,,Daily Census IP 2012
Staffing February,Z9,=SUM(C36:AG36),SUM,
Staffing February,Z10,=SUM(Z11)*(AD10),SUM,
Staffing February,Z11,=B32,,
Staffing February,AF12,='Daily Census IP 2012'!A49,,Daily Census IP 2012
Staffing February,X13,=SUM(B40/B53),SUM,
Staffing February,Z13,=SUM(B45/B53),SUM,
Staffing February,AB13,=SUM(B44/B53),SUM,
Staffing February,AD13,=SUM(B46:B52)/SUM(B53),SUM,
Staffing February,Y14,=B44,,
Staffing February,Z14,=SUM(Y14*AF12),SUM,
Staffing February,AB14,='2012 YTD Summary'!O13,,2012 YTD Summary
Staffing February,AE14,='2012 YTD Summary'!O33,,2012 YTD Summary
Staffing February,A17,=G18,,
Staffing February,G17,=M18,,
Staffing February,G18,='Daily Census IP 2012'!AH8,,Daily Census IP 2012
Staffing February,M18,='Daily Census IP 2012'!AI7,,Daily Census IP 2012
Staffing February,O18,='Daily Census IP 2012'!A2,,Daily Census IP 2012
Staffing February,Z18,=G18,,
Staffing February,AF18,=M18,,
Staffing February,B19,=U2,,
Staffing February,C19,='Daily Census IP 2012'!B7,,Daily Census IP 2012
Staffing February,D19,='Daily Census IP 2012'!C7,,Daily Census IP 2012
Staffing February,E19,='Daily Census IP 2012'!D7,,Daily Census IP 2012
Staffing February,F19,='Daily Census IP 2012'!E7,,Daily Census IP 2012
Staffing February,G19,='Daily Census IP 2012'!F7,,Daily Census IP 2012
Staffing February,H19,='Daily Census IP 2012'!G7,,Daily Census IP 2012
Staffing February,I19,='Daily Census IP 2012'!H7,,Daily Census IP 2012
Staffing February,J19,='Daily Census IP 2012'!I7,,Daily Census IP 2012
Staffing February,K19,='Daily Census IP 2012'!J7,,Daily Census IP 2012
Staffing February,L19,='Daily Census IP 2012'!K7,,Daily Census IP 2012
Staffing February,M19,='Daily Census IP 2012'!L7,,Daily Census IP 2012
Staffing February,N19,='Daily Census IP 2012'!M7,,Daily Census IP 2012
Staffing February,O19,='Daily Census IP 2012'!N7,,Daily Census IP 2012
Staffing February,P19,='Daily Census IP 2012'!O7,,Daily Census IP 2012
Staffing February,Q19,='Daily Census IP 2012'!P7,,Daily Census IP 2012
Staffing February,R19,='Daily Census IP 2012'!Q7,,Daily Census IP 2012
Staffing February,S19,='Daily Census IP 2012'!R7,,Daily Census IP 2012
Staffing February,T19,='Daily Census IP 2012'!S7,,Daily Census IP 2012
Staffing February,U19,='Daily Census IP 2012'!T7,,Daily Census IP 2012
Staffing February,V19,='Daily Census IP 2012'!U7,,Daily Census IP 2012
Staffing February,W19,='Daily Census IP 2012'!V7,,Daily Census IP 2012
Staffing February,X19,='Daily Census IP 2012'!W7,,Daily Census IP 2012
Staffing February,Y19,='Daily Census IP 2012'!X7,,Daily Census IP 2012
Staffing February,Z19,='Daily Census IP 2012'!Y7,,Daily Census IP 2012
Staffing February,AA19,='Daily Census IP 2012'!Z7,,Daily Census IP 2012
Staffing February,AB19,='Daily Census IP 2012'!AA7,,Daily Census IP 2012
Staffing February,AC19,='Daily Census IP 2012'!AB7,,Daily Census IP 2012
Staffing February,AD19,='Daily Census IP 2012'!AC7,,Daily Census IP 2012
Staffing February,AE19,='Daily Census IP 2012'!AD7,,Daily Census IP 2012
Staffing February,AH21,=C71,,
Staffing February,B32,=SUM(C32:AG32),SUM,
Staffing February,AH32,=SUM(C32:AE32),SUM,
Staffing February,B40,=SUM(C40:AG40),SUM,
Staffing February,AH40,=SUM(C40:AE40),SUM,
Staffing February,B53,=SUM(B40)+SUM(B44:B52),SUM,
Staffing February,B54,=SUM(C54:AG54),SUM,
Staffing February,C54,=C19,,
Staffing February,B71,=SUM(C21:AG21),SUM,
Staffing February,C71,=SUM(B71*B58),SUM,
Staffing February,D71,=SUM(B71/G$18),SUM,
Staffing February,C80,=SUM(B80*B68),SUM,
Staffing March,A2,=A21,,
Staffing March,B2,=SUM(B21),SUM,
Staffing March,E2,"=SUMIF(C21:AG21, "">0"")/COUNTIF(C21:AG21, "">0"")",COUNTIF;SUMIF,
Staffing March,H2,=SUM(E2-B2),SUM,
Staffing March,U2,='Daily Census IP 2012'!G43,,Daily Census IP 2012
Staffing March,X3,=SUM(C33:AG33),SUM,
Staffing March,AA3,=B82,,
Staffing March,AD3,=SUM(X3*AA3),SUM,
Staffing March,AB6,=SUM(AD3:AD5),SUM,
Staffing March,Z8,=SUM(C37:AG37),SUM,
Staffing March,AD8,=B58,,
Staffing March,AF8,='Daily Census IP 2012'!A46,,Daily Census IP 2012
Staffing March,Z9,=SUM(C36:AG36),SUM,
Staffing March,Z10,=SUM(Z11)*(AD10),SUM,
Staffing March,Z11,=B32,,
Staffing March,AF12,='Daily Census IP 2012'!A49,,Daily Census IP 2012
Staffing March,X13,=SUM(B40/B53),SUM,
Staffing March,Z13,=SUM(B45/B53),SUM,
Staffing March,AB13,=SUM(B44/B53),SUM,
Staffing March,AD13,=SUM(B46:B52)/SUM(B53),SUM,
Staffing March,Y14,=B44,,
Staffing March,Z14,=SUM(Y14*AF12),SUM,
Staffing March,AB14,='2012 YTD Summary'!O13,,2012 YTD Summary
Staffing March,AE14,='2012 YTD Summary'!O33,,2012 YTD Summary
Staffing March,A17,=G18,,
Staffing March,G17,=M18,,
Staffing March,G18,='Daily Census IP 2012'!AH11,,Daily Census IP 2012
Staffing March,M18,='Daily Census IP 2012'!AI10,,Daily Census IP 2012
Staffing March,O18,='Daily Census IP 2012'!A2,,Daily Census IP 2012
Staffing March,Z18,=G18,,
Staffing March,AF18,=M18,,
Staffing March,B19,=U2,,
Staffing March,C19,='Daily Census IP 2012'!B10,,Daily Census IP 2012
Staffing March,D19,='Daily Census IP 2012'!C10,,Daily Census IP 2012
Staffing March,E19,='Daily Census IP 2012'!D10,,Daily Census IP 2012
Staffing March,F19,='Daily Census IP 2012'!E10,,Daily Census IP 2012
Staffing March,G19,='Daily Census IP 2012'!F10,,Daily Census IP 2012
Staffing March,H19,='Daily Census IP 2012'!G10,,Daily Census IP 2012
Staffing March,I19,='Daily Census IP 2012'!H10,,Daily Census IP 2012
Staffing March,J19,='Daily Census IP 2012'!I10,,Daily Census IP 2012
Staffing March,K19,='Daily Census IP 2012'!J10,,Daily Census IP 2012
Staffing March,L19,='Daily Census IP 2012'!K10,,Daily Census IP 2012
Staffing March,M19,='Daily Census IP 2012'!L10,,Daily Census IP 2012
Staffing March,N19,='Daily Census IP 2012'!M10,,Daily Census IP 2012
Staffing March,O19,='Daily Census IP 2012'!N10,,Daily Census IP 2012
Staffing March,P19,='Daily Census IP 2012'!O10,,Daily Census IP 2012
Staffing March,Q19,='Daily Census IP 2012'!P10,,Daily Census IP 2012
Staffing March,R19,='Daily Census IP 2012'!Q10,,Daily Census IP 2012
Staffing March,S19,='Daily Census IP 2012'!R10,,Daily Census IP 2012
Staffing March,T19,='Daily Census IP 2012'!S10,,Daily Census IP 2012
Staffing March,U19,='Daily Census IP 2012'!T10,,Daily Census IP 2012
Staffing March,V19,='Daily Census IP 2012'!U10,,Daily Census IP 2012
Staffing March,W19,='Daily Census IP 2012'!V10,,Daily Census IP 2012
Staffing March,X19,='Daily Census IP 2012'!W10,,Daily Census IP 2012
Staffing March,Y19,='Daily Census IP 2012'!X10,,Daily Census IP 2012
Staffing March,Z19,='Daily Census IP 2012'!Y10,,Daily Census IP 2012
Staffing March,AA19,='Daily Census IP 2012'!Z10,,Daily Census IP 2012
Staffing March,AB19,='Daily Census IP 2012'!AA10,,Daily Census IP 2012
Staffing March,AC19,='Daily Census IP 2012'!AB10,,Daily Census IP 2012
Staffing March,AD19,='Daily Census IP 2012'!AC10,,Daily Census IP 2012
Staffing March,AE19,='Daily Census IP 2012'!AD10,,Daily Census IP 2012
Staffing March,AF19,='Daily Census IP 2012'!AE10,,Daily Census IP 2012
Staffing March,AG19,='Daily Census IP 2012'!AF10,,Daily Census IP 2012
Staffing March,AH21,=C71,,
Staffing March,B32,=SUM(C32:AG32),SUM,
Staffing March,AH32,=SUM(C32:AG32),SUM,
Staffing March,B40,=SUM(C40:AG40),SUM,
Staffing March,AH40,=SUM(C40:AG40),SUM,
Staffing March,B53,=SUM(B40)+SUM(B44:B52),SUM,
Staffing March,B54,=SUM(C54:AG54),SUM,
Staffing March,C54,=C19,,
Staffing March,B71,=SUM(C21:AG21),SUM,
Staffing March,C71,=SUM(B71*B58),SUM,
Staffing March,D71,=SUM(B71/G$18),SUM,
Staffing March,C80,=SUM(B80*B68),SUM,
Staffing April,A2,=A21,,
Staffing April,B2,=SUM(B21),SUM,
Staffing April,E2,"=SUMIF(C21:AG21, "">0"")/COUNTIF(C21:AG21, "">0"")",COUNTIF;SUMIF,
Staffing April,H2,=SUM(E2-B2),SUM,
Staffing April,U2,='Daily Census IP 2012'!G43,,Daily Census IP 2012
Staffing April,X3,=SUM(C33:AG33),SUM,
Staffing April,AA3,=B83,,
Staffing April,AD3,=SUM(X3*AA3),SUM,
Staffing April,AB6,=SUM(AD3:AD5),SUM,
Staffing April,Z8,=SUM(C37:AG37),SUM,
Staffing April,AD8,=B58,,
Staffing April,AF8,='Daily Census IP 2012'!A46,,Daily Census IP 2012
Staffing April,Z9,=SUM(C36:AG36),SUM,
Staffing April,Z10,=SUM(Z11)*(AD10),SUM,
Staffing April,Z11,=B32,,
Staffing April,AF12,='Daily Census IP 2012'!A49,,Daily Census IP 2012
Staffing April,X13,=SUM(B40/B53),SUM,
Staffing April,Z13,=SUM(B45/B53),SUM,
Staffing April,AB13,=SUM(B44/B53),SUM,
Staffing April,AD13,=SUM(B46:B52)/SUM(B53),SUM,
Staffing April,Y14,=B44,,
Staffing April,Z14,=SUM(Y14*AF12),SUM,
Staffing April,AB14,='2012 YTD Summary'!O13,,2012 YTD Summary
Staffing April,AE14,='2012 YTD Summary'!O33,,2012 YTD Summary
Staffing April,A17,=G18,,
Staffing April,G17,=M18,,
Staffing April,G18,='Daily Census IP 2012'!AH14,,Daily Census IP 2012
Staffing April,M18,='Daily Census IP 2012'!AI13,,Daily Census IP 2012
Staffing April,O18,='Daily Census IP 2012'!A2,,Daily Census IP 2012
Staffing April,Z18,=G18,,
Staffing April,AF18,=M18,,
Staffing April,B19,=U2,,
Staffing April,C19,='Daily Census IP 2012'!B13,,Daily Census IP 2012
Staffing April,D19,='Daily Census IP 2012'!C13,,Daily Census IP 2012
Staffing April,E19,='Daily Census IP 2012'!D13,,Daily Census IP 2012
Staffing April,F19,='Daily Census IP 2012'!E13,,Daily Census IP 2012
Staffing April,G19,='Daily Census IP 2012'!F13,,Daily Census IP 2012
Staffing April,H19,='Daily Census IP 2012'!G13,,Daily Census IP 2012
Staffing April,I19,='Daily Census IP 2012'!H13,,Daily Census IP 2012
Staffing April,J19,='Daily Census IP 2012'!I13,,Daily Census IP 2012
Staffing April,K19,='Daily Census IP 2012'!J13,,Daily Census IP 2012
Staffing April,L19,='Daily Census IP 2012'!K13,,Daily Census IP 2012
Staffing April,M19,='Daily Census IP 2012'!L13,,Daily Census IP 2012
Staffing April,N19,='Daily Census IP 2012'!M13,,Daily Census IP 2012
Staffing April,O19,='Daily Census IP 2012'!N13,,Daily Census IP 2012
Staffing April,P19,='Daily Census IP 2012'!O13,,Daily Census IP 2012
Staffing April,Q19,='Daily Census IP 2012'!P13,,Daily Census IP 2012
Staffing April,R19,='Daily Census IP 2012'!Q13,,Daily Census IP 2012
Staffing April,S19,='Daily Census IP 2012'!R13,,Daily Census IP 2012
Staffing April,T19,='Daily Census IP 2012'!S13,,Daily Census IP 2012
Staffing April,U19,='Daily Census IP 2012'!T13,,Daily Census IP 2012
Staffing April,V19,='Daily Census IP 2012'!U13,,Daily Census IP 2012
Staffing April,W19,='Daily Census IP 2012'!V13,,Daily Census IP 2012
Staffing April,X19,='Daily Census IP 2012'!W13,,Daily Census IP 2012
Staffing April,Y19,='Daily Census IP 2012'!X13,,Daily Census IP 2012
Staffing April,Z19,='Daily Census IP 2012'!Y13,,Daily Census IP 2012
Staffing April,AA19,='Daily Census IP 2012'!Z13,,Daily Census IP 2012
Staffing April,AB19,='Daily Census IP 2012'!AA13,,Daily Census IP 2012
Staffing April,AC19,='Daily Census IP 2012'!AB13,,Daily Census IP 2012
Staffing April,AD19,='Daily Census IP 2012'!AC13,,Daily Census IP 2012
Staffing April,AE19,='Daily Census IP 2012'!AD13,,Daily Census IP 2012
Staffing April,AF19,='Daily Census IP 2012'!AE13,,Daily Census IP 2012
Staffing April,AH21,=C71,,
Staffing April,AH30,=C81,,
Staffing April,B32,=SUM(C32:AG32),SUM,
Staffing April,AH32,=SUM(C32:AG32),SUM,
Staffing April,B40,=SUM(C40:AG40),SUM,
Staffing April,AH40,=SUM(C40:AG40),SUM,
Staffing April,B41,=SUM(C41:AF41),SUM,
Staffing April,AH41,=SUM(C41:AF41),SUM,
Staffing April,B45,=SUM(C45:AG45),SUM,
Staffing April,B53,=SUM(B40)+SUM(B44:B52),SUM,
Staffing April,AH53,=SUM(C53:AG53),SUM,
Staffing April,B54,=SUM(C54:AG54),SUM,
Staffing April,C54,=C19,,
Staffing April,B71,=SUM(C21:AG21),SUM,
Staffing April,C71,=SUM(B71*B58),SUM,
Staffing April,D71,=SUM(B71/G$18),SUM,
Staffing April,B80,=SUM(#REF!),SUM,REF
Staffing April,B81,=SUM(C30:AG30),SUM,
Staffing May,A2,=A21,,
Staffing May,B2,=SUM(B21),SUM,
Staffing May,E2,"=SUMIF(C21:AG21, "">0"")/COUNTIF(C21:AG21, "">0"")",COUNTIF;SUMIF,
Staffing May,H2,=SUM(E2-B2),SUM,
Staffing May,U2,='Daily Census IP 2012'!G43,,Daily Census IP 2012
Staffing May,X3,=SUM(C32:AG32),SUM,
Staffing May,AA3,=B79,,
Staffing May,AD3,=SUM(X3*AA3),SUM,
Staffing May,AB6,=SUM(AD3:AD5),SUM,
Staffing May,Z8,=SUM(C36:AG36),SUM,
Staffing May,AD8,=B57,,
Staffing May,AF8,='Daily Census IP 2012'!A46,,Daily Census IP 2012
Staffing May,Z9,=SUM(C35:AG35),SUM,
Staffing May,Z10,=SUM(Z11)*(AD10),SUM,
Staffing May,Z11,=B31,,
Staffing May,AF12,='Daily Census IP 2012'!A49,,Daily Census IP 2012
Staffing May,X13,=SUM(B39/B52),SUM,
Staffing May,Z13,=SUM(B44/B52),SUM,
Staffing May,AB13,=SUM(B43/B52),SUM,
Staffing May,AD13,=SUM(B45:B51)/SUM(B52),SUM,
Staffing May,Y14,=B43,,
Staffing May,Z14,=SUM(Y14*AF8),SUM,
Staffing May,AB14,='2012 YTD Summary'!O13,,2012 YTD Summary
Staffing May,AE14,='2012 YTD Summary'!O33,,2012 YTD Summary
Staffing May,A17,=G18,,
Staffing May,G17,=M18,,
Staffing May,G18,='Daily Census IP 2012'!AH17,,Daily Census IP 2012
Staffing May,M18,='Daily Census IP 2012'!AI16,,Daily Census IP 2012
Staffing May,O18,='Daily Census IP 2012'!A2,,Daily Census IP 2012
Staffing May,Z18,=G18,,
Staffing May,AF18,=M18,,
Staffing May,B19,=U2,,
Staffing May,C19,='Daily Census IP 2012'!B16,,Daily Census IP 2012
Staffing May,D19,='Daily Census IP 2012'!C16,,Daily Census IP 2012
Staffing May,E19,='Daily Census IP 2012'!D16,,Daily Census IP 2012
Staffing May,F19,='Daily Census IP 2012'!E16,,Daily Census IP 2012
Staffing May,G19,='Daily Census IP 2012'!F16,,Daily Census IP 2012
Staffing May,H19,='Daily Census IP 2012'!G16,,Daily Census IP 2012
Staffing May,I19,='Daily Census IP 2012'!H16,,Daily Census IP 2012
Staffing May,J19,='Daily Census IP 2012'!I16,,Daily Census IP 2012
Staffing May,K19,='Daily Census IP 2012'!J16,,Daily Census IP 2012
Staffing May,L19,='Daily Census IP 2012'!K16,,Daily Census IP 2012
Staffing May,M19,='Daily Census IP 2012'!L16,,Daily Census IP 2012
Staffing May,N19,='Daily Census IP 2012'!M16,,Daily Census IP 2012
Staffing May,O19,='Daily Census IP 2012'!N16,,Daily Census IP 2012
Staffing May,P19,='Daily Census IP 2012'!O16,,Daily Census IP 2012
Staffing May,Q19,='Daily Census IP 2012'!P16,,Daily Census IP 2012
Staffing May,R19,='Daily Census IP 2012'!Q16,,Daily Census IP 2012
Staffing May,S19,='Daily Census IP 2012'!R16,,Daily Census IP 2012
Staffing May,T19,='Daily Census IP 2012'!S16,,Daily Census IP 2012
Staffing May,U19,='Daily Census IP 2012'!T16,,Daily Census IP 2012
Staffing May,V19,='Daily Census IP 2012'!U16,,Daily Census IP 2012
Staffing May,W19,='Daily Census IP 2012'!V16,,Daily Census IP 2012
Staffing May,X19,='Daily Census IP 2012'!W16,,Daily Census IP 2012
Staffing May,Y19,='Daily Census IP 2012'!X16,,Daily Census IP 2012
Staffing May,Z19,='Daily Census IP 2012'!Y16,,Daily Census IP 2012
Staffing May,AA19,='Daily Census IP 2012'!Z16,,Daily Census IP 2012
Staffing May,AB19,='Daily Census IP 2012'!AA16,,Daily Census IP 2012
Staffing May,AC19,='Daily Census IP 2012'!AB16,,Daily Census IP 2012
Staffing May,AD19,='Daily Census IP 2012'!AC16,,Daily Census IP 2012
Staffing May,AE19,='Daily Census IP 2012'!AD16,,Daily Census IP 2012
Staffing May,AF19,='Daily Census IP 2012'!AE16,,Daily Census IP 2012
Staffing May,AG19,='Daily Census IP 2012'!AF16,,Daily Census IP 2012
Staffing May,AH21,=C69,,
Staffing May,B31,=SUM(C31:AG31),SUM,
Staffing May,AH31,=SUM(C31:AG31),SUM,
Staffing May,B39,=SUM(C39:AG39),SUM,
Staffing May,AH39,=SUM(C39:AG39),SUM,
Staffing May,B52,=SUM(B39)+SUM(B43:B51),SUM,
Staffing May,B53,=SUM(C53:AG53),SUM,
Staffing May,C53,=C19,,
Staffing May,B69,=SUM(C21:AG21),SUM,
Staffing May,C69,=SUM(B69*B57),SUM,
Staffing May,D69,=SUM(B69/G$18),SUM,
Staffing May,C75,=SUM(B75*B64),SUM,
Staffing June,A2,=A21,,
Staffing June,B2,=SUM(B21),SUM,
Staffing June,E2,"=SUMIF(C21:AF21, "">0"")/COUNTIF(C21:AF21, "">0"")",COUNTIF;SUMIF,
Staffing June,H2,=SUM(E2-B2),SUM,
Staffing June,U2,='Daily Census IP 2012'!G43,,Daily Census IP 2012
Staffing June,X3,=SUM(C32:AF32),SUM,
Staffing June,AA3,=B82,,
Staffing June,AD3,=SUM(X3*AA3),SUM,
Staffing June,AB6,=SUM(AD3:AD5),SUM,
Staffing June,Z8,=SUM(C36:AG36),SUM,
Staffing June,AD8,=B57,,
Staffing June,AF8,='Daily Census IP 2012'!A46,,Daily Census IP 2012
Staffing June,Z9,=SUM(C35:AG35),SUM,
Staffing June,Z10,=SUM(Z11)*(AD10),SUM,
Staffing June,Z11,=B31,,
Staffing June,AF12,='Daily Census IP 2012'!A49,,Daily Census IP 2012
Staffing June,X13,=SUM(B39/B52),SUM,
Staffing June,Z13,=SUM(B44/B52),SUM,
Staffing June,AB13,=SUM(B43/B52),SUM,
Staffing June,AD13,=SUM(B45:B51)/SUM(B52),SUM,
Staffing June,Y14,=B43,,
Staffing June,Z14,=SUM(Y14*AF8),SUM,
Staffing June,AB14,='2012 YTD Summary'!O13,,2012 YTD Summary
Staffing June,AE14,='2012 YTD Summary'!O33,,2012 YTD Summary
Staffing June,A17,=G18,,
Staffing June,G17,=M18,,
Staffing June,G18,='Daily Census IP 2012'!AH20,,Daily Census IP 2012
Staffing June,M18,='Daily Census IP 2012'!AI19,,Daily Census IP 2012
Staffing June,O18,='Daily Census IP 2012'!A2,,Daily Census IP 2012
Staffing June,Z18,=G18,,
Staffing June,AF18,=M18,,
Staffing June,B19,=U2,,
Staffing June,C19,='Daily Census IP 2012'!B19,,Daily Census IP 2012
Staffing June,D19,='Daily Census IP 2012'!C19,,Daily Census IP 2012
Staffing June,E19,='Daily Census IP 2012'!D19,,Daily Census IP 2012
Staffing June,F19,='Daily Census IP 2012'!E19,,Daily Census IP 2012
Staffing June,G19,='Daily Census IP 2012'!F19,,Daily Census IP 2012
Staffing June,H19,='Daily Census IP 2012'!G19,,Daily Census IP 2012
Staffing June,I19,='Daily Census IP 2012'!H19,,Daily Census IP 2012
Staffing June,J19,='Daily Census IP 2012'!I19,,Daily Census IP 2012
Staffing June,K19,='Daily Census IP 2012'!J19,,Daily Census IP 2012
Staffing June,L19,='Daily Census IP 2012'!K19,,Daily Census IP 2012
Staffing June,M19,='Daily Census IP 2012'!L19,,Daily Census IP 2012
Staffing June,N19,='Daily Census IP 2012'!M19,,Daily Census IP 2012
Staffing June,O19,='Daily Census IP 2012'!N19,,Daily Census IP 2012
Staffing June,P19,='Daily Census IP 2012'!O19,,Daily Census IP 2012
Staffing June,Q19,='Daily Census IP 2012'!P19,,Daily Census IP 2012
Staffing June,R19,='Daily Census IP 2012'!Q19,,Daily Census IP 2012
Staffing June,S19,='Daily Census IP 2012'!R19,,Daily Census IP 2012
Staffing June,T19,='Daily Census IP 2012'!S19,,Daily Census IP 2012
Staffing June,U19,='Daily Census IP 2012'!T19,,Daily Census IP 2012
Staffing June,V19,='Daily Census IP 2012'!U19,,Daily Census IP 2012
Staffing June,W19,='Daily Census IP 2012'!V19,,Daily Census IP 2012
Staffing June,X19,='Daily Census IP 2012'!W19,,Daily Census IP 2012
Staffing June,Y19,='Daily Census IP 2012'!X19,,Daily Census IP 2012
Staffing June,Z19,='Daily Census IP 2012'!Y19,,Daily Census IP 2012
Staffing June,AA19,='Daily Census IP 2012'!Z19,,Daily Census IP 2012
Staffing June,AB19,='Daily Census IP 2012'!AA19,,Daily Census IP 2012
Staffing June,AC19,='Daily Census IP 2012'!AB19,,Daily Census IP 2012
Staffing June,AD19,='Daily Census IP 2012'!AC19,,Daily Census IP 2012
Staffing June,AE19,='Daily Census IP 2012'!AD19,,Daily Census IP 2012
Staffing June,AF19,='Daily Census IP 2012'!AE19,,Daily Census IP 2012
Staffing June,AG21,=C70,,
Staffing June,AG27,=C77,,
Staffing June,AG29,=C80,,
Staffing June,B31,=SUM(C31:AF31),SUM,
Staffing June,AG31,=SUM(C31:AF31),SUM,
Staffing June,B39,=SUM(C39:AF39),SUM,
Staffing June,AG39,=SUM(C39:AF39),SUM,
Staffing June,B52,=SUM(B39)+SUM(B43:B51),SUM,
Staffing June,B53,=SUM(C53:AF53),SUM,
Staffing June,C53,=C19,,
Staffing June,B70,=SUM(C21:AF21),SUM,
Staffing June,C70,=SUM(B70*B57),SUM,
Staffing June,D70,=SUM(B70/G$18),SUM,
Staffing June,B76,=SUM(#REF!),SUM,REF
Staffing June,B77,=SUM(C27:AF27),SUM,
Staffing June,B79,=SUM(#REF!),SUM,REF
Staffing June,B80,=SUM(C29:AF29),SUM,
Staffing July,A2,=A21,,
Staffing July,B2,=SUM(B21),SUM,
Staffing July,E2,"=SUMIF(C21:AG21, "">0"")/COUNTIF(C21:AG21, "">0"")",COUNTIF;SUMIF,
Staffing July,H2,=SUM(E2-B2),SUM,
Staffing July,U2,='Daily Census IP 2012'!G43,,Daily Census IP 2012
Staffing July,X3,=SUM(C32:AG32),SUM,
Staffing July,AA3,=B82,,
Staffing July,AD3,=SUM(X3*AA3),SUM,
Staffing July,AB6,=SUM(AD3:AD5),SUM,
Staffing July,Z8,=SUM(C36:AG36),SUM,
Staffing July,AD8,=B57,,
Staffing July,AF8,='Daily Census IP 2012'!A46,,Daily Census IP 2012
Staffing July,Z9,=SUM(C35:AG35),SUM,
Staffing July,Z10,=SUM(Z11)*(AD10),SUM,
Staffing July,Z11,=B31,,
Staffing July,AF12,='Daily Census IP 2012'!A49,,Daily Census IP 2012
Staffing July,X13,=SUM(B39/B52),SUM,
Staffing July,Z13,=SUM(B44/B52),SUM,
Staffing July,AB13,=SUM(B43/B52),SUM,
Staffing July,AD13,=SUM(B45:B51)/SUM(B52),SUM,
Staffing July,Y14,=B43,,
Staffing July,Z14,=SUM(Y14*AF8),SUM,
Staffing July,AB14,='2012 YTD Summary'!O13,,2012 YTD Summary
Staffing July,AE14,='2012 YTD Summary'!O33,,2012 YTD Summary
Staffing July,A17,=G18,,
Staffing July,G17,=M18,,
Staffing July,G18,='Daily Census IP 2012'!AH23,,Daily Census IP 2012
Staffing July,M18,='Daily Census IP 2012'!AI22,,Daily Census IP 2012
Staffing July,O18,='Daily Census IP 2012'!A2,,Daily Census IP 2012
Staffing July,Z18,=G18,,
Staffing July,AF18,=M18,,
Staffing July,B19,=U2,,
Staffing July,C19,='Daily Census IP 2012'!B22,,Daily Census IP 2012
Staffing July,D19,='Daily Census IP 2012'!C22,,Daily Census IP 2012
Staffing July,E19,='Daily Census IP 2012'!D22,,Daily Census IP 2012
Staffing July,F19,='Daily Census IP 2012'!E22,,Daily Census IP 2012
Staffing July,G19,='Daily Census IP 2012'!F22,,Daily Census IP 2012
Staffing July,H19,='Daily Census IP 2012'!G22,,Daily Census IP 2012
Staffing July,I19,='Daily Census IP 2012'!H22,,Daily Census IP 2012
Staffing July,J19,='Daily Census IP 2012'!I22,,Daily Census IP 2012
Staffing July,K19,='Daily Census IP 2012'!J22,,Daily Census IP 2012
Staffing July,L19,='Daily Census IP 2012'!K22,,Daily Census IP 2012
Staffing July,M19,='Daily Census IP 2012'!L22,,Daily Census IP 2012
Staffing July,N19,='Daily Census IP 2012'!M22,,Daily Census IP 2012
Staffing July,O19,='Daily Census IP 2012'!N22,,Daily Census IP 2012
Staffing July,P19,='Daily Census IP 2012'!O22,,Daily Census IP 2012
Staffing July,Q19,='Daily Census IP 2012'!P22,,Daily Census IP 2012
Staffing July,R19,='Daily Census IP 2012'!Q22,,Daily Census IP 2012
Staffing July,S19,='Daily Census IP 2012'!R22,,Daily Census IP 2012
Staffing July,T19,='Daily Census IP 2012'!S22,,Daily Census IP 2012
Staffing July,U19,='Daily Census IP 2012'!T22,,Daily Census IP 2012
Staffing July,V19,='Daily Census IP 2012'!U22,,Daily Census IP 2012
Staffing July,W19,='Daily Census IP 2012'!V22,,Daily Census IP 2012
Staffing July,X19,='Daily Census IP 2012'!W22,,Daily Census IP 2012
Staffing July,Y19,='Daily Census IP 2012'!X22,,Daily Census IP 2012
Staffing July,Z19,='Daily Census IP 2012'!Y22,,Daily Census IP 2012
Staffing July,AA19,='Daily Census IP 2012'!Z22,,Daily Census IP 2012
Staffing July,AB19,='Daily Census IP 2012'!AA22,,Daily Census IP 2012
Staffing July,AC19,='Daily Census IP 2012'!AB22,,Daily Census IP 2012
Staffing July,AD19,='Daily Census IP 2012'!AC22,,Daily Census IP 2012
Staffing July,AE19,='Daily Census IP 2012'!AD22,,Daily Census IP 2012
Staffing July,AF19,='Daily Census IP 2012'!AE22,,Daily Census IP 2012
Staffing July,AG19,='Daily Census IP 2012'!AF22,,Daily Census IP 2012
Staffing July,AH21,=C70,,
Staffing July,AH27,=C77,,
Staffing July,AH29,=C80,,
Staffing July,B31,=SUM(C31:AG31),SUM,
Staffing July,AH31,=SUM(C31:AG31),SUM,
Staffing July,B39,=SUM(C39:AG39),SUM,
Staffing July,AH39,=SUM(C39:AG39),SUM,
Staffing July,B52,=SUM(B39)+SUM(B43:B51),SUM,
Staffing July,B53,=SUM(C53:AG53),SUM,
Staffing July,C53,=C19,,
Staffing July,B70,=SUM(C21:AG21),SUM,
Staffing July,C70,=SUM(B70*B57),SUM,
Staffing July,D70,=SUM(B70/G$18),SUM,
Staffing July,B76,=SUM(#REF!),SUM,REF
Staffing July,B77,=SUM(C27:AG27),SUM,
Staffing July,B79,=SUM(#REF!),SUM,REF
Staffing July,B80,=SUM(C29:AG29),SUM,
Staffing August,A2,=A21,,
Staffing August,B2,=SUM(B21),SUM,
Staffing August,E2,"=SUMIF(C21:AG21, "">0"")/COUNTIF(C21:AG21, "">0"")",COUNTIF;SUMIF,
Staffing August,H2,=SUM(E2-B2),SUM,
Staffing August,U2,='Daily Census IP 2012'!G43,,Daily Census IP 2012
Staffing August,X3,=SUM(C34:AG34),SUM,
Staffing August,AA3,=B78,,
Staffing August,AD3,=SUM(X3*AA3),SUM,
Staffing August,AB6,=SUM(AD3:AD5),SUM,
Staffing August,Z8,=SUM(#REF!),SUM,REF
Staffing August,AD8,=B57,,
Staffing August,AF8,='Daily Census IP 2012'!A46,,Daily Census IP 2012
Staffing August,Z10,=SUM(Z11)*(AD10),SUM,
Staffing August,Z11,=B33,,
Staffing August,AF12,='Daily Census IP 2012'!A49,,Daily Census IP 2012
Staffing August,X13,=SUM(B39/B52),SUM,
Staffing August,Z13,=SUM(B44/B52),SUM,
Staffing August,AB13,=SUM(B43/B52),SUM,
Staffing August,AD13,=SUM(B45:B51)/SUM(B52),SUM,
Staffing August,Y14,=B43,,
Staffing August,Z14,=SUM(Y14*AF8),SUM,
Staffing August,AB14,='2012 YTD Summary'!O13,,2012 YTD Summary
Staffing August,AE14,='2012 YTD Summary'!O33,,2012 YTD Summary
Staffing August,A17,=G18,,
Staffing August,G17,=M18,,
Staffing August,G18,='Daily Census IP 2012'!AH26,,Daily Census IP 2012
Staffing August,M18,='Daily Census IP 2012'!AI25,,Daily Census IP 2012
Staffing August,O18,='Daily Census IP 2012'!A2,,Daily Census IP 2012
Staffing August,Z18,=G18,,
Staffing August,AF18,=M18,,
Staffing August,B19,=U2,,
Staffing August,C19,='Daily Census IP 2012'!B25,,Daily Census IP 2012
Staffing August,D19,='Daily Census IP 2012'!C25,,Daily Census IP 2012
Staffing August,E19,='Daily Census IP 2012'!D25,,Daily Census IP 2012
Staffing August,F19,='Daily Census IP 2012'!E25,,Daily Census IP 2012
Staffing August,G19,='Daily Census IP 2012'!F25,,Daily Census IP 2012
Staffing August,H19,='Daily Census IP 2012'!G25,,Daily Census IP 2012
Staffing August,I19,='Daily Census IP 2012'!H25,,Daily Census IP 2012
Staffing August,J19,='Daily Census IP 2012'!I25,,Daily Census IP 2012
Staffing August,K19,='Daily Census IP 2012'!J25,,Daily Census IP 2012
Staffing August,L19,='Daily Census IP 2012'!K25,,Daily Census IP 2012
Staffing August,M19,='Daily Census IP 2012'!L25,,Daily Census IP 2012
Staffing August,N19,='Daily Census IP 2012'!M25,,Daily Census IP 2012
Staffing August,O19,='Daily Census IP 2012'!N25,,Daily Census IP 2012
Staffing August,P19,='Daily Census IP 2012'!O25,,Daily Census IP 2012
Staffing August,Q19,='Daily Census IP 2012'!P25,,Daily Census IP 2012
Staffing August,R19,='Daily Census IP 2012'!Q25,,Daily Census IP 2012
Staffing August,S19,='Daily Census IP 2012'!R25,,Daily Census IP 2012
Staffing August,T19,='Daily Census IP 2012'!S25,,Daily Census IP 2012
Staffing August,U19,='Daily Census IP 2012'!T25,,Daily Census IP 2012
Staffing August,V19,='Daily Census IP 2012'!U25,,Daily Census IP 2012
Staffing August,W19,='Daily Census IP 2012'!V25,,Daily Census IP 2012
Staffing August,X19,='Daily Census IP 2012'!W25,,Daily Census IP 2012
Staffing August,Y19,='Daily Census IP 2012'!X25,,Daily Census IP 2012
Staffing August,Z19,='Daily Census IP 2012'!Y25,,Daily Census IP 2012
Staffing August,AA19,='Daily Census IP 2012'!Z25,,Daily Census IP 2012
Staffing August,AB19,='Daily Census IP 2012'!AA25,,Daily Census IP 2012
Staffing August,AC19,='Daily Census IP 2012'!AB25,,Daily Census IP 2012
Staffing August,AD19,='Daily Census IP 2012'!AC25,,Daily Census IP 2012
Staffing August,AE19,='Daily Census IP 2012'!AD25,,Daily Census IP 2012
Staffing August,AF19,='Daily Census IP 2012'!AE25,,Daily Census IP 2012
Staffing August,AG19,='Daily Census IP 2012'!AF25,,Daily Census IP 2012
Staffing August,AH21,=C68,,
Staffing August,B31,=SUM(C31:AG31),SUM,
Staffing August,AH31,=SUM(C31:AG31),SUM,
Staffing August,B39,=SUM(C39:AG39),SUM,
Staffing August,AH39,=SUM(C39:AG39),SUM,
Staffing August,B52,=SUM(B39)+SUM(B43:B51),SUM,
Staffing August,B53,=SUM(C53:AG53),SUM,
Staffing August,C53,=C19,,
Staffing August,B68,=SUM(C21:AG21),SUM,
Staffing August,C68,=SUM(B68*B57),SUM,
Staffing August,D68,=SUM(B68/G$18),SUM,
Staffing August,B74,=SUM(C28:AG28),SUM,
Staffing August,B76,=B29,,
Staffing September,A2,=A21,,
Staffing September,B2,=SUM(B21),SUM,
Staffing September,E2,"=SUMIF(C21:AG21, "">0"")/COUNTIF(C21:AG21, "">0"")",COUNTIF;SUMIF,
Staffing September,H2,=SUM(E2-B2),SUM,
Staffing September,U2,='Daily Census IP 2012'!G43,,Daily Census IP 2012
Staffing September,X3,=SUM(C34:AG34),SUM,
Staffing September,AA3,=B81,,
Staffing September,AD3,=SUM(X3*AA3),SUM,
Staffing September,AB6,=SUM(AD3:AD5),SUM,
Staffing September,Z8,=SUM(C38:AG38),SUM,
Staffing September,AD8,=B56,,
Staffing September,AF8,='Daily Census IP 2012'!A46,,Daily Census IP 2012
Staffing September,Z9,=SUM(C37:AG37),SUM,
Staffing September,Z10,=SUM(Z11)*(AD10),SUM,
Staffing September,Z11,=B33,,
Staffing September,AF12,='Daily Census IP 2012'!A49,,Daily Census IP 2012
Staffing September,X13,=SUM(B41/B51),SUM,
Staffing September,Z13,=SUM(B42/B51),SUM,
Staffing September,AB13,=SUM(B43/B51),SUM,
Staffing September,AD13,=SUM(B44:B50)/SUM(B51),SUM,
Staffing September,Y14,=B43,,
Staffing September,Z14,=SUM(Y14*AF12),SUM,
Staffing September,AB14,='2012 YTD Summary'!O13,,2012 YTD Summary
Staffing September,AE14,='2012 YTD Summary'!O33,,2012 YTD Summary
Staffing September,A17,=G18,,
Staffing September,G17,=M18,,
Staffing September,G18,='Daily Census IP 2012'!AH29,,Daily Census IP 2012
Staffing September,M18,='Daily Census IP 2012'!AI25,,Daily Census IP 2012
Staffing September,O18,='Daily Census IP 2012'!A2,,Daily Census IP 2012
Staffing September,Z18,=G18,,
Staffing September,AF18,=M18,,
Staffing September,B19,=U2,,
Staffing September,C19,='Daily Census IP 2012'!B28,,Daily Census IP 2012
Staffing September,D19,='Daily Census IP 2012'!C28,,Daily Census IP 2012
Staffing September,E19,='Daily Census IP 2012'!D28,,Daily Census IP 2012
Staffing September,F19,='Daily Census IP 2012'!E28,,Daily Census IP 2012
Staffing September,G19,='Daily Census IP 2012'!F28,,Daily Census IP 2012
Staffing September,H19,='Daily Census IP 2012'!G28,,Daily Census IP 2012
Staffing September,I19,='Daily Census IP 2012'!H28,,Daily Census IP 2012
Staffing September,J19,='Daily Census IP 2012'!I28,,Daily Census IP 2012
Staffing September,K19,='Daily Census IP 2012'!J28,,Daily Census IP 2012
Staffing September,L19,='Daily Census IP 2012'!K28,,Daily Census IP 2012
Staffing September,M19,='Daily Census IP 2012'!L28,,Daily Census IP 2012
Staffing September,N19,='Daily Census IP 2012'!M28,,Daily Census IP 2012
Staffing September,O19,='Daily Census IP 2012'!N28,,Daily Census IP 2012
Staffing September,P19,='Daily Census IP 2012'!O28,,Daily Census IP 2012
Staffing September,Q19,='Daily Census IP 2012'!P28,,Daily Census IP 2012
Staffing September,R19,='Daily Census IP 2012'!Q28,,Daily Census IP 2012
Staffing September,S19,='Daily Census IP 2012'!R28,,Daily Census IP 2012
Staffing September,T19,='Daily Census IP 2012'!S28,,Daily Census IP 2012
Staffing September,U19,='Daily Census IP 2012'!T28,,Daily Census IP 2012
Staffing September,V19,='Daily Census IP 2012'!U28,,Daily Census IP 2012
Staffing September,W19,='Daily Census IP 2012'!V28,,Daily Census IP 2012
Staffing September,X19,='Daily Census IP 2012'!W28,,Daily Census IP 2012
Staffing September,Y19,='Daily Census IP 2012'!X28,,Daily Census IP 2012
Staffing September,Z19,='Daily Census IP 2012'!Y28,,Daily Census IP 2012
Staffing September,AA19,='Daily Census IP 2012'!Z28,,Daily Census IP 2012
Staffing September,AB19,='Daily Census IP 2012'!AA28,,Daily Census IP 2012
Staffing September,AC19,='Daily Census IP 2012'!AB28,,Daily Census IP 2012
Staffing September,AD19,='Daily Census IP 2012'!AC28,,Daily Census IP 2012
Staffing September,AE19,='Daily Census IP 2012'!AD28,,Daily Census IP 2012
Staffing September,AF19,='Daily Census IP 2012'!AE28,,Daily Census IP 2012
Staffing September,AH21,=C69,,
Staffing September,B33,=SUM(C33:AG33),SUM,
Staffing September,AH33,=SUM(C33:AG33),SUM,
Staffing September,B41,=SUM(C41:AG41),SUM,
Staffing September,AH41,=SUM(C41:AG41),SUM,
Staffing September,B51,=SUM(B41:B50),SUM,
Staffing September,B52,=SUM(C52:AG52),SUM,
Staffing September,C52,=C19,,
Staffing September,B69,=SUM(C21:AG21),SUM,
Staffing September,C69,=SUM(B69*B56),SUM,
Staffing September,D69,=SUM(B69/G$18),SUM,
Staffing October,A2,=A21,,
Staffing October,B2,=SUM(B21),SUM,
Staffing October,E2,"=SUMIF(C21:AG21, "">0"")/COUNTIF(C21:AG21, "">0"")",COUNTIF;SUMIF,
Staffing October,H2,=SUM(E2-B2),SUM,
Staffing October,U2,='Daily Census IP 2012'!G43,,Daily Census IP 2012
Staffing October,X3,=SUM(C34:AG34),SUM,
Staffing October,AA3,=B81,,
Staffing October,AD3,=SUM(X3*AA3),SUM,
Staffing October,AB6,=SUM(AD3:AD5),SUM,
Staffing October,Z8,=SUM(C38:AG38),SUM,
Staffing October,AD8,=B56,,
Staffing October,AF8,='Daily Census IP 2012'!A46,,Daily Census IP 2012
Staffing October,Z9,=SUM(C37:AG37),SUM,
Staffing October,Z10,=SUM(Z11)*(AD10),SUM,
Staffing October,Z11,=B33,,
Staffing October,AF12,='Daily Census IP 2012'!A49,,Daily Census IP 2012
Staffing October,X13,=SUM(B41/B51),SUM,
Staffing October,Z13,=SUM(B42/B51),SUM,
Staffing October,AB13,=SUM(B43/B51),SUM,
Staffing October,AD13,=SUM(B44:B50)/SUM(B51),SUM,
Staffing October,Y14,=B43,,
Staffing October,Z14,=SUM(Y14*AF12),SUM,
Staffing October,AB14,='2012 YTD Summary'!O13,,2012 YTD Summary
Staffing October,AE14,='2012 YTD Summary'!O33,,2012 YTD Summary
Staffing October,A17,=G18,,
Staffing October,G17,=M18,,
Staffing October,G18,='Daily Census IP 2012'!AH32,,Daily Census IP 2012
Staffing October,M18,='Daily Census IP 2012'!AI31,,Daily Census IP 2012
Staffing October,O18,='Daily Census IP 2012'!A2,,Daily Census IP 2012
Staffing October,Z18,=G18,,
Staffing October,AF18,=M18,,
Staffing October,B19,=U2,,
Staffing October,C19,='Daily Census IP 2012'!B31,,Daily Census IP 2012
Staffing October,D19,='Daily Census IP 2012'!C31,,Daily Census IP 2012
Staffing October,E19,='Daily Census IP 2012'!D31,,Daily Census IP 2012
Staffing October,F19,='Daily Census IP 2012'!E31,,Daily Census IP 2012
Staffing October,G19,='Daily Census IP 2012'!F31,,Daily Census IP 2012
Staffing October,H19,='Daily Census IP 2012'!G31,,Daily Census IP 2012
Staffing October,I19,='Daily Census IP 2012'!H31,,Daily Census IP 2012
Staffing October,J19,='Daily Census IP 2012'!I31,,Daily Census IP 2012
Staffing October,K19,='Daily Census IP 2012'!J31,,Daily Census IP 2012
Staffing October,L19,='Daily Census IP 2012'!K31,,Daily Census IP 2012
Staffing October,M19,='Daily Census IP 2012'!L31,,Daily Census IP 2012
Staffing October,N19,='Daily Census IP 2012'!M31,,Daily Census IP 2012
Staffing October,O19,='Daily Census IP 2012'!N31,,Daily Census IP 2012
Staffing October,P19,='Daily Census IP 2012'!O31,,Daily Census IP 2012
Staffing October,Q19,='Daily Census IP 2012'!P31,,Daily Census IP 2012
Staffing October,R19,='Daily Census IP 2012'!Q31,,Daily Census IP 2012
Staffing October,S19,='Daily Census IP 2012'!R31,,Daily Census IP 2012
Staffing October,T19,='Daily Census IP 2012'!S31,,Daily Census IP 2012
Staffing October,U19,='Daily Census IP 2012'!T31,,Daily Census IP 2012
Staffing October,V19,='Daily Census IP 2012'!U31,,Daily Census IP 2012
Staffing October,W19,='Daily Census IP 2012'!V31,,Daily Census IP 2012
Staffing October,X19,='Daily Census IP 2012'!W31,,Daily Census IP 2012
Staffing October,Y19,='Daily Census IP 2012'!X31,,Daily Census IP 2012
Staffing October,Z19,='Daily Census IP 2012'!Y31,,Daily Census IP 2012
Staffing October,AA19,='Daily Census IP 2012'!Z31,,Daily Census IP 2012
Staffing October,AB19,='Daily Census IP 2012'!AA31,,Daily Census IP 2012
Staffing October,AC19,='Daily Census IP 2012'!AB31,,Daily Census IP 2012
Staffing October,AD19,='Daily Census IP 2012'!AC31,,Daily Census IP 2012
Staffing October,AE19,='Daily Census IP 2012'!AD31,,Daily Census IP 2012
Staffing October,AF19,='Daily Census IP 2012'!AE31,,Daily Census IP 2012
Staffing October,AG19,='Daily Census IP 2012'!AF31,,Daily Census IP 2012
Staffing October,AH21,=C69,,
Staffing October,B33,=SUM(C33:AG33),SUM,
Staffing October,AH33,=SUM(C33:AG33),SUM,
Staffing October,B41,=SUM(C41:AG41),SUM,
Staffing October,AH41,=SUM(C41:AG41),SUM,
Staffing October,B51,=SUM(B41:B50),SUM,
Staffing October,B52,=SUM(C52:AG52),SUM,
Staffing October,C52,=C19,,
Staffing October,B69,=SUM(C21:AG21),SUM,
Staffing October,C69,=SUM(B69*B56),SUM,
Staffing October,D69,=SUM(B69/G$18),SUM,
Staffing November,A2,=A21,,
Staffing November,B2,=SUM(B21),SUM,
Staffing November,E2,"=SUMIF(C21:AG21, "">0"")/COUNTIF(C21:AG21, "">0"")",COUNTIF;SUMIF,
Staffing November,H2,=SUM(E2-B2),SUM,
Staffing November,U2,='Daily Census IP 2012'!G43,,Daily Census IP 2012
Staffing November,X3,=SUM(C34:AG34),SUM,
Staffing November,AA3,=B81,,
Staffing November,AD3,=SUM(X3*AA3),SUM,
Staffing November,AB6,=SUM(AD3:AD5),SUM,
Staffing November,Z8,=SUM(C38:AG38),SUM,
Staffing November,AD8,=B56,,
Staffing November,AF8,='Daily Census IP 2012'!A46,,Daily Census IP 2012
Staffing November,Z9,=SUM(C37:AG37),SUM,
Staffing November,Z10,=SUM(Z11)*(AD10),SUM,
Staffing November,Z11,=B33,,
Staffing November,AF12,='Daily Census IP 2012'!A49,,Daily Census IP 2012
Staffing November,X13,=SUM(B41/B51),SUM,
Staffing November,Z13,=SUM(B42/B51),SUM,
Staffing November,AB13,=SUM(B43/B51),SUM,
Staffing November,AD13,=SUM(B44:B50)/SUM(B51),SUM,
Staffing November,Y14,=B43,,
Staffing November,Z14,=SUM(Y14*AF12),SUM,
Staffing November,AB14,='2012 YTD Summary'!O13,,2012 YTD Summary
Staffing November,AE14,='2012 YTD Summary'!O33,,2012 YTD Summary
Staffing November,A17,=G18,,
Staffing November,G17,=M18,,
Staffing November,G18,='Daily Census IP 2012'!AH35,,Daily Census IP 2012
Staffing November,M18,='Daily Census IP 2012'!AI34,,Daily Census IP 2012
Staffing November,O18,='Daily Census IP 2012'!A2,,Daily Census IP 2012
Staffing November,Z18,=G18,,
Staffing November,AF18,=M18,,
Staffing November,B19,=U2,,
Staffing November,C19,='Daily Census IP 2012'!B34,,Daily Census IP 2012
Staffing November,D19,='Daily Census IP 2012'!C34,,Daily Census IP 2012
Staffing November,E19,='Daily Census IP 2012'!D34,,Daily Census IP 2012
Staffing November,F19,='Daily Census IP 2012'!E34,,Daily Census IP 2012
Staffing November,G19,='Daily Census IP 2012'!F34,,Daily Census IP 2012
Staffing November,H19,='Daily Census IP 2012'!G34,,Daily Census IP 2012
Staffing November,I19,='Daily Census IP 2012'!H34,,Daily Census IP 2012
Staffing November,J19,='Daily Census IP 2012'!I34,,Daily Census IP 2012
Staffing November,K19,='Daily Census IP 2012'!J34,,Daily Census IP 2012
Staffing November,L19,='Daily Census IP 2012'!K34,,Daily Census IP 2012
Staffing November,M19,='Daily Census IP 2012'!L34,,Daily Census IP 2012
Staffing November,N19,='Daily Census IP 2012'!M34,,Daily Census IP 2012
Staffing November,O19,='Daily Census IP 2012'!N34,,Daily Census IP 2012
Staffing November,P19,='Daily Census IP 2012'!O34,,Daily Census IP 2012
Staffing November,Q19,='Daily Census IP 2012'!P34,,Daily Census IP 2012
Staffing November,R19,='Daily Census IP 2012'!Q34,,Daily Census IP 2012
Staffing November,S19,='Daily Census IP 2012'!R34,,Daily Census IP 2012
Staffing November,T19,='Daily Census IP 2012'!S34,,Daily Census IP 2012
Staffing November,U19,='Daily Census IP 2012'!T34,,Daily Census IP 2012
Staffing November,V19,='Daily Census IP 2012'!U34,,Daily Census IP 2012
Staffing November,W19,='Daily Census IP 2012'!V34,,Daily Census IP 2012
Staffing November,X19,='Daily Census IP 2012'!W34,,Daily Census IP 2012
Staffing November,Y19,='Daily Census IP 2012'!X34,,Daily Census IP 2012
Staffing November,Z19,='Daily Census IP 2012'!Y34,,Daily Census IP 2012
Staffing November,AA19,='Daily Census IP 2012'!Z34,,Daily Census IP 2012
Staffing November,AB19,='Daily Census IP 2012'!AA34,,Daily Census IP 2012
Staffing November,AC19,='Daily Census IP 2012'!AB34,,Daily Census IP 2012
Staffing November,AD19,='Daily Census IP 2012'!AC34,,Daily Census IP 2012
Staffing November,AE19,='Daily Census IP 2012'!AD34,,Daily Census IP 2012
Staffing November,AF19,='Daily Census IP 2012'!AE34,,Daily Census IP 2012
Staffing November,AH21,=C69,,
Staffing November,B33,=SUM(C33:AG33),SUM,
Staffing November,AH33,=SUM(C33:AG33),SUM,
Staffing November,B41,=SUM(C41:AG41),SUM,
Staffing November,AH41,=SUM(C41:AG41),SUM,
Staffing November,B51,=SUM(B41:B50),SUM,
Staffing November,B52,=SUM(C52:AG52),SUM,
Staffing November,C52,=C19,,
Staffing November,B69,=SUM(C21:AG21),SUM,
Staffing November,C69,=SUM(B69*B56),SUM,
Staffing November,D69,=SUM(B69/G$18),SUM,
Staffing December,A2,=A21,,
Staffing December,B2,=SUM(B21),SUM,
Staffing December,E2,"=SUMIF(C21:AG21, "">0"")/COUNTIF(C21:AG21, "">0"")",COUNTIF;SUMIF,
Staffing December,H2,=SUM(E2-B2),SUM,
Staffing December,U2,='Daily Census IP 2012'!G43,,Daily Census IP 2012
Staffing December,X3,=SUM(C34:AG34),SUM,
Staffing December,AA3,=B81,,
Staffing December,AD3,=SUM(X3*AA3),SUM,
Staffing December,AB6,=SUM(AD3:AD5),SUM,
Staffing December,Z8,=SUM(C38:AG38),SUM,
Staffing December,AD8,=B56,,
Staffing December,AF8,='Daily Census IP 2012'!A46,,Daily Census IP 2012
Staffing December,Z9,=SUM(C37:AG37),SUM,
Staffing December,Z10,=SUM(Z11)*(AD10),SUM,
Staffing December,Z11,=B33,,
Staffing December,AF12,='Daily Census IP 2012'!A49,,Daily Census IP 2012
Staffing December,X13,=SUM(B41/B51),SUM,
Staffing December,Z13,=SUM(B42/B51),SUM,
Staffing December,AB13,=SUM(B43/B51),SUM,
Staffing December,AD13,=SUM(B44:B50)/SUM(B51),SUM,
Staffing December,Y14,=B43,,
Staffing December,Z14,=SUM(Y14*AF12),SUM,
Staffing December,AB14,='2012 YTD Summary'!O13,,2012 YTD Summary
Staffing December,AE14,='2012 YTD Summary'!O33,,2012 YTD Summary
Staffing December,A17,=G18,,
Staffing December,G17,=M18,,
Staffing December,G18,='Daily Census IP 2012'!AH38,,Daily Census IP 2012
Staffing December,M18,='Daily Census IP 2012'!AI37,,Daily Census IP 2012
Staffing December,O18,='Daily Census IP 2012'!A2,,Daily Census IP 2012
Staffing December,Z18,=G18,,
Staffing December,AF18,=M18,,
Staffing December,B19,=U2,,
Staffing December,C19,='Daily Census IP 2012'!B37,,Daily Census IP 2012
Staffing December,D19,='Daily Census IP 2012'!C37,,Daily Census IP 2012
Staffing December,E19,='Daily Census IP 2012'!D37,,Daily Census IP 2012
Staffing December,F19,='Daily Census IP 2012'!E37,,Daily Census IP 2012
Staffing December,G19,='Daily Census IP 2012'!F37,,Daily Census IP 2012
Staffing December,H19,='Daily Census IP 2012'!G37,,Daily Census IP 2012
Staffing December,I19,='Daily Census IP 2012'!H37,,Daily Census IP 2012
Staffing December,J19,='Daily Census IP 2012'!I37,,Daily Census IP 2012
Staffing December,K19,='Daily Census IP 2012'!J37,,Daily Census IP 2012
Staffing December,L19,='Daily Census IP 2012'!K37,,Daily Census IP 2012
Staffing December,M19,='Daily Census IP 2012'!L37,,Daily Census IP 2012
Staffing December,N19,='Daily Census IP 2012'!M37,,Daily Census IP 2012
Staffing December,O19,='Daily Census IP 2012'!N37,,Daily Census IP 2012
Staffing December,P19,='Daily Census IP 2012'!O37,,Daily Census IP 2012
Staffing December,Q19,='Daily Census IP 2012'!P37,,Daily Census IP 2012
Staffing December,R19,='Daily Census IP 2012'!Q37,,Daily Census IP 2012
Staffing December,S19,='Daily Census IP 2012'!R37,,Daily Census IP 2012
Staffing December,T19,='Daily Census IP 2012'!S37,,Daily Census IP 2012
Staffing December,U19,='Daily Census IP 2012'!T37,,Daily Census IP 2012
Staffing December,V19,='Daily Census IP 2012'!U37,,Daily Census IP 2012
Staffing December,W19,='Daily Census IP 2012'!V37,,Daily Census IP 2012
Staffing December,X19,='Daily Census IP 2012'!W37,,Daily Census IP 2012
Staffing December,Y19,='Daily Census IP 2012'!X37,,Daily Census IP 2012
Staffing December,Z19,='Daily Census IP 2012'!Y37,,Daily Census IP 2012
Staffing December,AA19,='Daily Census IP 2012'!Z37,,Daily Census IP 2012
Staffing December,AB19,='Daily Census IP 2012'!AA37,,Daily Census IP 2012
Staffing December,AC19,='Daily Census IP 2012'!AB37,,Daily Census IP 2012
Staffing December,AD19,='Daily Census IP 2012'!AC37,,Daily Census IP 2012
Staffing December,AE19,='Daily Census IP 2012'!AD37,,Daily Census IP 2012
Staffing December,AF19,='Daily Census IP 2012'!AE37,,Daily Census IP 2012
Staffing December,AG19,='Daily Census IP 2012'!AF37,,Daily Census IP 2012
Staffing December,AH21,=C69,,
Staffing December,B33,=SUM(C33:AG33),SUM,
Staffing December,AH33,=SUM(C33:AG33),SUM,
Staffing December,B41,=SUM(C41:AG41),SUM,
Staffing December,AH41,=SUM(C41:AG41),SUM,
Staffing December,B51,=SUM(B41:B50),SUM,
Staffing December,B52,=SUM(C52:AG52),SUM,
Staffing December,C52,=C19,,
Staffing December,B69,=SUM(C21:AG21),SUM,
Staffing December,C69,=SUM(B69*B56),SUM,
Staffing December,D69,=SUM(B69/G$18),SUM,
2012 YTD Summary,B4,='Daily Census IP 2012'!AI5,,Daily Census IP 2012
2012 YTD Summary,C4,='Daily Census IP 2012'!AI8,,Daily Census IP 2012
2012 YTD Summary,D4,='Daily Census IP 2012'!AI11,,Daily Census IP 2012
2012 YTD Summary,E4,='Daily Census IP 2012'!AI14,,Daily Census IP 2012
2012 YTD Summary,F4,='Daily Census IP 2012'!AI17,,Daily Census IP 2012
2012 YTD Summary,G4,='Daily Census IP 2012'!AI20,,Daily Census IP 2012
2012 YTD Summary,H4,='Daily Census IP 2012'!AI23,,Daily Census IP 2012
2012 YTD Summary,I4,='Daily Census IP 2012'!AI26,,Daily Census IP 2012
2012 YTD Summary,J4,='Daily Census IP 2012'!AI29,,Daily Census IP 2012
2012 YTD Summary,K4,='Daily Census IP 2012'!AI32,,Daily Census IP 2012
2012 YTD Summary,L4,='Daily Census IP 2012'!AI35,,Daily Census IP 2012
2012 YTD Summary,M4,='Daily Census IP 2012'!AI38,,Daily Census IP 2012
2012 YTD Summary,N4,"=SUM(B4:M4)/COUNTIF(B4:M4, "">0"")",COUNTIF;SUM,
2012 YTD Summary,O4,=SUM(B4:M4),SUM,
2012 YTD Summary,B5,='Daily Census IP 2012'!AI6,,Daily Census IP 2012
2012 YTD Summary,C5,='Daily Census IP 2012'!AI9,,Daily Census IP 2012
2012 YTD Summary,D5,='Daily Census IP 2012'!AI12,,Daily Census IP 2012
2012 YTD Summary,E5,='Daily Census IP 2012'!AI15,,Daily Census IP 2012
2012 YTD Summary,F5,='Daily Census IP 2012'!AI18,,Daily Census IP 2012
2012 YTD Summary,G5,='Daily Census IP 2012'!AI21,,Daily Census IP 2012
2012 YTD Summary,H5,='Daily Census IP 2012'!AI24,,Daily Census IP 2012
2012 YTD Summary,I5,='Daily Census IP 2012'!AI27,,Daily Census IP 2012
2012 YTD Summary,J5,='Daily Census IP 2012'!AI30,,Daily Census IP 2012
2012 YTD Summary,K5,='Daily Census IP 2012'!AI33,,Daily Census IP 2012
2012 YTD Summary,L5,='Daily Census IP 2012'!AI36,,Daily Census IP 2012
2012 YTD Summary,M5,='Daily Census IP 2012'!AI39,,Daily Census IP 2012
2012 YTD Summary,B6,='Daily Census IP 2012'!AI4,,Daily Census IP 2012
2012 YTD Summary,C6,='Daily Census IP 2012'!AI7,,Daily Census IP 2012
2012 YTD Summary,D6,='Daily Census IP 2012'!AI10,,Daily Census IP 2012
2012 YTD Summary,E6,='Daily Census IP 2012'!AI13,,Daily Census IP 2012
2012 YTD Summary,F6,='Daily Census IP 2012'!AI16,,Daily Census IP 2012
2012 YTD Summary,G6,='Daily Census IP 2012'!AI19,,Daily Census IP 2012
2012 YTD Summary,H6,='Daily Census IP 2012'!AI22,,Daily Census IP 2012
2012 YTD Summary,I6,='Daily Census IP 2012'!AI25,,Daily Census IP 2012
2012 YTD Summary,J6,='Daily Census IP 2012'!AI28,,Daily Census IP 2012
2012 YTD Summary,K6,='Daily Census IP 2012'!AI31,,Daily Census IP 2012
2012 YTD Summary,L6,='Daily Census IP 2012'!AI34,,Daily Census IP 2012
2012 YTD Summary,M6,='Daily Census IP 2012'!AI37,,Daily Census IP 2012
2012 YTD Summary,N6,"=SUMIF(B6:M6, "">0"")/COUNTIF(B6:M6, "">0"")",COUNTIF;SUMIF,
2012 YTD Summary,B7,='Daily Census IP 2012'!AH4,,Daily Census IP 2012
2012 YTD Summary,C7,='Daily Census IP 2012'!AH7,,Daily Census IP 2012
2012 YTD Summary,D7,='Daily Census IP 2012'!AH10,,Daily Census IP 2012
2012 YTD Summary,E7,='Daily Census IP 2012'!AH13,,Daily Census IP 2012
2012 YTD Summary,F7,='Daily Census IP 2012'!AH16,,Daily Census IP 2012
2012 YTD Summary,G7,='Daily Census IP 2012'!AH19,,Daily Census IP 2012
2012 YTD Summary,H7,='Daily Census IP 2012'!AH22,,Daily Census IP 2012
2012 YTD Summary,I7,='Daily Census IP 2012'!AH25,,Daily Census IP 2012
2012 YTD Summary,B8,='Jan Revenue  '!F51,,Jan Revenue  
2012 YTD Summary,C8,='Feb Revenue '!F51,,Feb Revenue 
2012 YTD Summary,D8,='Mar Revenue  '!F50,,Mar Revenue  
2012 YTD Summary,E8,='Apr Revenue '!F50,,Apr Revenue 
2012 YTD Summary,F8,='May Revenue  '!F51,,May Revenue  
2012 YTD Summary,G8,='June Revenue'!F50,,June Revenue
2012 YTD Summary,H8,='July Revenue  '!F50,,July Revenue  
2012 YTD Summary,I8,='Aug Revenue'!F50,,Aug Revenue
2012 YTD Summary,O8,=SUM(B8:M8),SUM,
2012 YTD Summary,B9,='Daily Census IP 2012'!AH5-B11,,Daily Census IP 2012
2012 YTD Summary,C9,='Daily Census IP 2012'!AH8-C11,,Daily Census IP 2012
2012 YTD Summary,D9,='Daily Census IP 2012'!AH11,,Daily Census IP 2012
2012 YTD Summary,E9,='Daily Census IP 2012'!AH14-E11,,Daily Census IP 2012
2012 YTD Summary,F9,='May Revenue  '!J57,,May Revenue  
2012 YTD Summary,G9,='Daily Census IP 2012'!AH20-G11,,Daily Census IP 2012
2012 YTD Summary,H9,='Daily Census IP 2012'!AH23-H11,,Daily Census IP 2012
2012 YTD Summary,I9,='Daily Census IP 2012'!AH26,,Daily Census IP 2012
2012 YTD Summary,J9,='Daily Census IP 2012'!AH29-J11,,Daily Census IP 2012
2012 YTD Summary,K9,='Daily Census IP 2012'!AH32-K11,,Daily Census IP 2012
2012 YTD Summary,L9,='Daily Census IP 2012'!AH35-L11,,Daily Census IP 2012
2012 YTD Summary,M9,='Daily Census IP 2012'!AH38-M11,,Daily Census IP 2012
2012 YTD Summary,N9,"=SUMIF(B9:M9, "">0"")/COUNTIF(B9:M9, "">0"")",COUNTIF;SUMIF,
2012 YTD Summary,B10,='Jan Revenue  '!E56-B11,,Jan Revenue  
2012 YTD Summary,C10,='Feb Revenue '!E56-C11,,Feb Revenue 
2012 YTD Summary,D10,='Mar Revenue  '!E55-D11,,Mar Revenue  
2012 YTD Summary,E10,='Apr Revenue '!E56-E11,,Apr Revenue 
2012 YTD Summary,F10,='May Revenue  '!E54,,May Revenue  
2012 YTD Summary,G10,='June Revenue'!E56,,June Revenue
2012 YTD Summary,H10,='July Revenue  '!E56,,July Revenue  
2012 YTD Summary,I10,='Aug Revenue'!E56,,Aug Revenue
2012 YTD Summary,B11,='Jan Revenue  '!M56,,Jan Revenue  
2012 YTD Summary,C11,='Feb Revenue '!M56,,Feb Revenue 
2012 YTD Summary,D11,='Mar Revenue  '!M55,,Mar Revenue  
2012 YTD Summary,E11,='Apr Revenue '!M56,,Apr Revenue 
2012 YTD Summary,F11,='May Revenue  '!M57,,May Revenue  
2012 YTD Summary,G11,='June Revenue'!M56,,June Revenue
2012 YTD Summary,H11,='July Revenue  '!M56,,July Revenue  
2012 YTD Summary,I11,='Aug Revenue'!M56,,Aug Revenue
2012 YTD Summary,J11,='Sep Revenue '!M56,,Sep Revenue 
2012 YTD Summary,K11,='Oct Revenue  '!M56,,Oct Revenue  
2012 YTD Summary,L11,='Nov Revenue   '!M56,,Nov Revenue   
2012 YTD Summary,M11,='Dec Revenue '!M56,,Dec Revenue 
2012 YTD Summary,B12,='Daily Census IP 2012'!AH6,,Daily Census IP 2012
2012 YTD Summary,C12,='Daily Census IP 2012'!AH9,,Daily Census IP 2012
2012 YTD Summary,D12,='Daily Census IP 2012'!AH12,,Daily Census IP 2012
2012 YTD Summary,E12,='Daily Census IP 2012'!AH15,,Daily Census IP 2012
2012 YTD Summary,F12,='Daily Census IP 2012'!AH18,,Daily Census IP 2012
2012 YTD Summary,G12,='Daily Census IP 2012'!AH21,,Daily Census IP 2012
2012 YTD Summary,H12,='Daily Census IP 2012'!AH24,,Daily Census IP 2012
2012 YTD Summary,I12,='Daily Census IP 2012'!AH27,,Daily Census IP 2012
2012 YTD Summary,J12,='Daily Census IP 2012'!AH30,,Daily Census IP 2012
2012 YTD Summary,K12,='Daily Census IP 2012'!AH33,,Daily Census IP 2012
2012 YTD Summary,L12,='Daily Census IP 2012'!AH36,,Daily Census IP 2012
2012 YTD Summary,M12,='Daily Census IP 2012'!AH39,,Daily Census IP 2012
2012 YTD Summary,N12,"=SUMIF(B12:M12, "">0"")/COUNTIF(B12:M12, "">0"")",COUNTIF;SUMIF,
2012 YTD Summary,B13,='Staffing January'!Z14,,Staffing January
2012 YTD Summary,C13,='Staffing February'!Z14,,Staffing February
2012 YTD Summary,D13,='Staffing March'!Z14,,Staffing March
2012 YTD Summary,E13,='Staffing April'!Z14,,Staffing April
2012 YTD Summary,F13,='Staffing May'!Z14,,Staffing May
2012 YTD Summary,G13,='Staffing June'!Z14,,Staffing June
2012 YTD Summary,H13,='Staffing July'!Z14,,Staffing July
2012 YTD Summary,I13,='Staffing August'!Z14,,Staffing August
2012 YTD Summary,J13,='Staffing September'!Z14,,Staffing September
2012 YTD Summary,K13,='Staffing October'!Z14,,Staffing October
2012 YTD Summary,L13,='Staffing November'!Z14,,Staffing November
2012 YTD Summary,M13,='Staffing December'!Z14,,Staffing December
2012 YTD Summary,B14,='Jan Revenue  '!M57,,Jan Revenue  
2012 YTD Summary,C14,='Feb Revenue '!M57,,Feb Revenue 
2012 YTD Summary,D14,='Mar Revenue  '!M56,,Mar Revenue  
2012 YTD Summary,E14,='Apr Revenue '!M57,,Apr Revenue 
2012 YTD Summary,F14,='May Revenue  '!M58,,May Revenue  
2012 YTD Summary,G14,='June Revenue'!M57,,June Revenue
2012 YTD Summary,H14,='July Revenue  '!M57,,July Revenue  
2012 YTD Summary,I14,='Aug Revenue'!M57,,Aug Revenue
2012 YTD Summary,J14,='Sep Revenue '!M57,,Sep Revenue 
2012 YTD Summary,K14,='Oct Revenue  '!M57,,Oct Revenue  
2012 YTD Summary,L14,='Nov Revenue   '!M57,,Nov Revenue   
2012 YTD Summary,M14,='Dec Revenue '!M57,,Dec Revenue 
2012 YTD Summary,B15,=SUM(B12)-SUM(B13+B14),SUM,
2012 YTD Summary,O15,=SUM(O12)-SUM(O13+O14),SUM,
2012 YTD Summary,B18,='Daily Census IOP 2012'!A5,,Daily Census IOP 2012
2012 YTD Summary,C18,='Daily Census IOP 2012'!A9,,Daily Census IOP 2012
2012 YTD Summary,D18,='Daily Census IOP 2012'!A13,,Daily Census IOP 2012
2012 YTD Summary,E18,='Daily Census IOP 2012'!A17,,Daily Census IOP 2012
2012 YTD Summary,F18,='Daily Census IOP 2012'!A21,,Daily Census IOP 2012
2012 YTD Summary,G18,='Daily Census IOP 2012'!A25,,Daily Census IOP 2012
2012 YTD Summary,H18,='Daily Census IOP 2012'!A29,,Daily Census IOP 2012
2012 YTD Summary,I18,='Daily Census IOP 2012'!A33,,Daily Census IOP 2012
2012 YTD Summary,J18,='Daily Census IOP 2012'!A37,,Daily Census IOP 2012
2012 YTD Summary,K18,='Daily Census IOP 2012'!A41,,Daily Census IOP 2012
2012 YTD Summary,L18,='Daily Census IOP 2012'!A45,,Daily Census IOP 2012
2012 YTD Summary,M18,='Daily Census IOP 2012'!A49,,Daily Census IOP 2012
2012 YTD Summary,N18,"=SUMIF(B18:M18, "">0"")/COUNTIF(B18:M18, "">0"")",COUNTIF;SUMIF,
2012 YTD Summary,B19,='Daily Census IOP 2012'!AH6,,Daily Census IOP 2012
2012 YTD Summary,C19,='Daily Census IOP 2012'!AH10,,Daily Census IOP 2012
2012 YTD Summary,D19,='Daily Census IOP 2012'!AH14,,Daily Census IOP 2012
2012 YTD Summary,E19,='Daily Census IOP 2012'!AH18,,Daily Census IOP 2012
2012 YTD Summary,F19,='Daily Census IOP 2012'!AH22,,Daily Census IOP 2012
2012 YTD Summary,G19,='Daily Census IOP 2012'!AH26,,Daily Census IOP 2012
2012 YTD Summary,H19,='Daily Census IOP 2012'!AH30,,Daily Census IOP 2012
2012 YTD Summary,I19,='Daily Census IOP 2012'!AH34,,Daily Census IOP 2012
2012 YTD Summary,J19,='Daily Census IOP 2012'!AH38,,Daily Census IOP 2012
2012 YTD Summary,K19,='Daily Census IOP 2012'!AH42,,Daily Census IOP 2012
2012 YTD Summary,L19,='Daily Census IOP 2012'!AH46,,Daily Census IOP 2012
2012 YTD Summary,M19,='Daily Census IOP 2012'!AH50,,Daily Census IOP 2012
2012 YTD Summary,O19,"=SUMIF(B19:M19, "">0"")",SUMIF,
2012 YTD Summary,B20,='Daily Census IOP 2012'!AH4,,Daily Census IOP 2012
2012 YTD Summary,C20,='Daily Census IOP 2012'!AH8,,Daily Census IOP 2012
2012 YTD Summary,D20,='Daily Census IOP 2012'!AH12,,Daily Census IOP 2012
2012 YTD Summary,E20,='Daily Census IOP 2012'!AH16,,Daily Census IOP 2012
2012 YTD Summary,F20,='Daily Census IOP 2012'!AH20,,Daily Census IOP 2012
2012 YTD Summary,G20,='Daily Census IOP 2012'!AH24,,Daily Census IOP 2012
2012 YTD Summary,H20,='Daily Census IOP 2012'!AH28,,Daily Census IOP 2012
2012 YTD Summary,I20,='Daily Census IOP 2012'!AH32,,Daily Census IOP 2012
2012 YTD Summary,J20,='Daily Census IOP 2012'!AH36,,Daily Census IOP 2012
2012 YTD Summary,K20,='Daily Census IOP 2012'!AH40,,Daily Census IOP 2012
2012 YTD Summary,L20,='Daily Census IOP 2012'!AH44,,Daily Census IOP 2012
2012 YTD Summary,M20,='Daily Census IOP 2012'!AH48,,Daily Census IOP 2012
2012 YTD Summary,B21,='Jan IOP 2012 Attend'!AJ2,,Jan IOP 2012 Attend
2012 YTD Summary,C21,='Feb IOP 2012 Attend '!AI2,,Feb IOP 2012 Attend 
2012 YTD Summary,D21,='Mar IOP Attend'!AK2,,Mar IOP Attend
2012 YTD Summary,E21,='Apr IOP Attend'!AJ2,,Apr IOP Attend
2012 YTD Summary,F21,='May IOP Attend'!AJ2,,May IOP Attend
2012 YTD Summary,G21,='June IOP Attend'!AI2,,June IOP Attend
2012 YTD Summary,H21,='July IOP Attend'!AJ2,,July IOP Attend
2012 YTD Summary,I21,='August IOP Attend'!AJ2,,August IOP Attend
2012 YTD Summary,J21,='Sept IOP Attend'!AI2,,Sept IOP Attend
2012 YTD Summary,K21,='Oct IOP Attend'!AJ2,,Oct IOP Attend
2012 YTD Summary,L21,='Nov IOP Attend '!AJ2,,Nov IOP Attend 
2012 YTD Summary,M21,='Dec IOP Attend'!AJ2,,Dec IOP Attend
2012 YTD Summary,N21,"=SUM(B21:M21)/COUNTIF(B21:M21, "">0"")",COUNTIF;SUM,
2012 YTD Summary,O21,=SUM(B21:M21),SUM,
2012 YTD Summary,B22,='Jan IOP 2012 Attend'!B92,,Jan IOP 2012 Attend
2012 YTD Summary,C22,='Feb IOP 2012 Attend '!B92,,Feb IOP 2012 Attend 
2012 YTD Summary,D22,='Mar IOP Attend'!B92,,Mar IOP Attend
2012 YTD Summary,E22,='Apr IOP Attend'!B108,,Apr IOP Attend
2012 YTD Summary,F22,='May IOP Attend'!B126,,May IOP Attend
2012 YTD Summary,G22,='June IOP Attend'!B148,,June IOP Attend
2012 YTD Summary,H22,='July IOP Attend'!B82,,July IOP Attend
2012 YTD Summary,I22,='August IOP Attend'!B90,,August IOP Attend
2012 YTD Summary,J22,='Sept IOP Attend'!B92,,Sept IOP Attend
2012 YTD Summary,K22,='Oct IOP Attend'!B90,,Oct IOP Attend
2012 YTD Summary,L22,='Nov IOP Attend '!B112,,Nov IOP Attend 
2012 YTD Summary,M22,='Dec IOP Attend'!B112,,Dec IOP Attend
2012 YTD Summary,B26,='Jan IOP 2012 Attend'!AJ86,,Jan IOP 2012 Attend
2012 YTD Summary,C26,='Feb IOP 2012 Attend '!AI86,,Feb IOP 2012 Attend 
2012 YTD Summary,D26,='Mar IOP Attend'!AK86,,Mar IOP Attend
2012 YTD Summary,E26,='Apr IOP Attend'!AJ102,,Apr IOP Attend
2012 YTD Summary,F26,='May IOP Attend'!AJ120,,May IOP Attend
2012 YTD Summary,G26,='June IOP Attend'!AI142,,June IOP Attend
2012 YTD Summary,H26,='July IOP Attend'!AJ76,,July IOP Attend
2012 YTD Summary,I26,='August IOP Attend'!AJ84,,August IOP Attend
2012 YTD Summary,N26,"=AVERAGEIF(B26:M26, "">0"")",AVERAGEIF,
2012 YTD Summary,O26,=SUM(B26:M26),SUM,
2012 YTD Summary,B27,=B26,,
2012 YTD Summary,B30,='Staffing January'!AD3,,Staffing January
2012 YTD Summary,C30,='Staffing February'!AD3,,Staffing February
2012 YTD Summary,D30,='Staffing March'!AD3,,Staffing March
2012 YTD Summary,E30,='Staffing April'!AD3,,Staffing April
2012 YTD Summary,F30,='Staffing May'!AD3,,Staffing May
2012 YTD Summary,G30,='Staffing June'!AD3,,Staffing June
2012 YTD Summary,H30,='Staffing July'!AD3,,Staffing July
2012 YTD Summary,I30,='Staffing August'!AD3,,Staffing August
2012 YTD Summary,J30,='Staffing September'!AD3,,Staffing September
2012 YTD Summary,K30,='Staffing October'!AD3,,Staffing October
2012 YTD Summary,L30,='Staffing November'!AD3,,Staffing November
2012 YTD Summary,M30,='Staffing December'!AD3,,Staffing December
2012 YTD Summary,O30,=SUM(B30:M30),SUM,
2012 YTD Summary,B31,='Staffing January'!AD4,,Staffing January
2012 YTD Summary,C31,='Staffing February'!AD4,,Staffing February
2012 YTD Summary,D31,='Staffing March'!AD4,,Staffing March
2012 YTD Summary,E31,='Staffing April'!AD4,,Staffing April
2012 YTD Summary,F31,='Staffing May'!AD4,,Staffing May
2012 YTD Summary,G31,='Staffing June'!AD4,,Staffing June
2012 YTD Summary,H31,='Staffing July'!AD4,,Staffing July
2012 YTD Summary,I31,='Staffing August'!AD4,,Staffing August
2012 YTD Summary,J31,='Staffing September'!AD4,,Staffing September
2012 YTD Summary,K31,='Staffing October'!AD4,,Staffing October
2012 YTD Summary,L31,='Staffing November'!AD4,,Staffing November
2012 YTD Summary,M31,='Staffing December'!AD4,,Staffing December
2012 YTD Summary,B32,='Staffing January'!AD5,,Staffing January
2012 YTD Summary,C32,='Staffing February'!AD5,,Staffing February
2012 YTD Summary,D32,='Staffing March'!AD5,,Staffing March
2012 YTD Summary,E32,='Staffing April'!AD5,,Staffing April
2012 YTD Summary,F32,='Staffing May'!AD5,,Staffing May
2012 YTD Summary,G32,='Staffing June'!AD5,,Staffing June
2012 YTD Summary,H32,='Staffing July'!AD5,,Staffing July
2012 YTD Summary,I32,='Staffing August'!AD5,,Staffing August
2012 YTD Summary,J32,='Staffing September'!AD5,,Staffing September
2012 YTD Summary,K32,='Staffing October'!AD5,,Staffing October
2012 YTD Summary,L32,='Staffing November'!AD5,,Staffing November
2012 YTD Summary,M32,='Staffing December'!AD5,,Staffing December
2012 YTD Summary,B33,=SUM(B30:B32),SUM,
2012 YTD Summary,O33,=SUM(O30:O32),SUM,
2012 YTD Summary,B36,='Staffing January'!B32,,Staffing January
2012 YTD Summary,C36,='Staffing February'!B32,,Staffing February
2012 YTD Summary,D36,='Staffing March'!B32,,Staffing March
2012 YTD Summary,E36,='Staffing April'!B32,,Staffing April
2012 YTD Summary,F36,='Staffing May'!B31,,Staffing May
2012 YTD Summary,G36,='Staffing June'!B31,,Staffing June
2012 YTD Summary,H36,='Staffing July'!B31,,Staffing July
2012 YTD Summary,I36,='Staffing August'!B33,,Staffing August
2012 YTD Summary,J36,='Staffing September'!B33,,Staffing September
2012 YTD Summary,K36,='Staffing October'!B33,,Staffing October
2012 YTD Summary,L36,='Staffing November'!B33,,Staffing November
2012 YTD Summary,M36,='Staffing December'!B33,,Staffing December
2012 YTD Summary,O36,=SUM(B36:M36),SUM,
2012 YTD Summary,B37,='Staffing January'!B33,,Staffing January
2012 YTD Summary,C37,='Staffing February'!B33,,Staffing February
2012 YTD Summary,D37,='Staffing March'!B33,,Staffing March
2012 YTD Summary,E37,='Staffing April'!B33,,Staffing April
2012 YTD Summary,F37,='Staffing May'!B32,,Staffing May
2012 YTD Summary,G37,='Staffing June'!B32,,Staffing June
2012 YTD Summary,H37,='Staffing July'!B32,,Staffing July
2012 YTD Summary,I37,='Staffing August'!B34,,Staffing August
2012 YTD Summary,J37,='Staffing September'!B34,,Staffing September
2012 YTD Summary,K37,='Staffing October'!B34,,Staffing October
2012 YTD Summary,L37,='Staffing November'!B34,,Staffing November
2012 YTD Summary,M37,='Staffing December'!B34,,Staffing December
2012 YTD Summary,B38,='Staffing January'!B34,,Staffing January
2012 YTD Summary,C38,='Staffing February'!B34,,Staffing February
2012 YTD Summary,D38,='Staffing March'!B34,,Staffing March
2012 YTD Summary,E38,='Staffing April'!B34,,Staffing April
2012 YTD Summary,F38,='Staffing May'!B33,,Staffing May
2012 YTD Summary,G38,='Staffing June'!B33,,Staffing June
2012 YTD Summary,H38,='Staffing July'!B33,,Staffing July
2012 YTD Summary,I38,='Staffing August'!B35,,Staffing August
2012 YTD Summary,J38,='Staffing September'!B35,,Staffing September
2012 YTD Summary,K38,='Staffing October'!B35,,Staffing October
2012 YTD Summary,L38,='Staffing November'!B35,,Staffing November
2012 YTD Summary,M38,='Staffing December'!B35,,Staffing December
2012 YTD Summary,B39,='Staffing January'!B35,,Staffing January
2012 YTD Summary,C39,='Staffing February'!B35,,Staffing February
2012 YTD Summary,D39,='Staffing March'!B35,,Staffing March
2012 YTD Summary,E39,='Staffing April'!B35,,Staffing April
2012 YTD Summary,F39,='Staffing May'!B34,,Staffing May
2012 YTD Summary,G39,='Staffing June'!B34,,Staffing June
2012 YTD Summary,H39,='Staffing July'!B34,,Staffing July
2012 YTD Summary,I39,='Staffing August'!B36,,Staffing August
2012 YTD Summary,J39,='Staffing September'!B36,,Staffing September
2012 YTD Summary,K39,='Staffing October'!B36,,Staffing October
2012 YTD Summary,L39,='Staffing November'!B36,,Staffing November
2012 YTD Summary,M39,='Staffing December'!B36,,Staffing December
2012 YTD Summary,B40,='Staffing January'!B36,,Staffing January
2012 YTD Summary,C40,='Staffing February'!B36,,Staffing February
2012 YTD Summary,D40,='Staffing March'!B36,,Staffing March
2012 YTD Summary,E40,='Staffing April'!B36,,Staffing April
2012 YTD Summary,F40,='Staffing May'!B35,,Staffing May
2012 YTD Summary,G40,='Staffing June'!B35,,Staffing June
2012 YTD Summary,H40,='Staffing July'!B35,,Staffing July
2012 YTD Summary,I40,='Staffing August'!B35,,Staffing August
2012 YTD Summary,J40,='Staffing September'!B37,,Staffing September
2012 YTD Summary,K40,='Staffing October'!B37,,Staffing October
2012 YTD Summary,L40,='Staffing November'!B37,,Staffing November
2012 YTD Summary,M40,='Staffing December'!B37,,Staffing December
2012 YTD Summary,B41,='Staffing January'!B37,,Staffing January
2012 YTD Summary,C41,='Staffing February'!B37,,Staffing February
2012 YTD Summary,D41,='Staffing March'!B37,,Staffing March
2012 YTD Summary,E41,='Staffing April'!B37,,Staffing April
2012 YTD Summary,F41,='Staffing May'!B36,,Staffing May
2012 YTD Summary,G41,='Staffing June'!B36,,Staffing June
2012 YTD Summary,H41,='Staffing July'!B36,,Staffing July
2012 YTD Summary,I41,='Staffing August'!B36,,Staffing August
2012 YTD Summary,J41,='Staffing September'!B38,,Staffing September
2012 YTD Summary,K41,='Staffing October'!B38,,Staffing October
2012 YTD Summary,L41,='Staffing November'!B38,,Staffing November
2012 YTD Summary,M41,='Staffing December'!B38,,Staffing December
2012 YTD Summary,B42,=SUM(B36:B41),SUM,
2012 YTD Summary,B45,='Staffing January'!X13,,Staffing January
2012 YTD Summary,C45,='Staffing February'!X13,,Staffing February
2012 YTD Summary,D45,='Staffing March'!X13,,Staffing March
2012 YTD Summary,E45,='Staffing April'!X13,,Staffing April
2012 YTD Summary,F45,='Staffing May'!X13,,Staffing May
2012 YTD Summary,G45,='Staffing June'!X13,,Staffing June
2012 YTD Summary,H45,='Staffing July'!X13,,Staffing July
2012 YTD Summary,I45,='Staffing August'!X13,,Staffing August
2012 YTD Summary,J45,='Staffing September'!X13,,Staffing September
2012 YTD Summary,K45,='Staffing October'!X13,,Staffing October
2012 YTD Summary,L45,='Staffing November'!X13,,Staffing November
2012 YTD Summary,M45,='Staffing December'!X13,,Staffing December
2012 YTD Summary,B46,='Staffing January'!Z13,,Staffing January
2012 YTD Summary,C46,='Staffing February'!Z13,,Staffing February
2012 YTD Summary,D46,='Staffing March'!Z13,,Staffing March
2012 YTD Summary,E46,='Staffing April'!Z13,,Staffing April
2012 YTD Summary,F46,='Staffing May'!Z13,,Staffing May
2012 YTD Summary,G46,='Staffing June'!Z13,,Staffing June
2012 YTD Summary,H46,='Staffing July'!Z13,,Staffing July
2012 YTD Summary,I46,='Staffing August'!Z13,,Staffing August
2012 YTD Summary,J46,='Staffing September'!Z13,,Staffing September
2012 YTD Summary,K46,='Staffing October'!Z13,,Staffing October
2012 YTD Summary,L46,='Staffing November'!Z13,,Staffing November
2012 YTD Summary,M46,='Staffing December'!Z13,,Staffing December
2012 YTD Summary,B47,='Staffing January'!AD13,,Staffing January
2012 YTD Summary,C47,='Staffing February'!AD13,,Staffing February
2012 YTD Summary,D47,='Staffing March'!AD13,,Staffing March
2012 YTD Summary,E47,='Staffing April'!AD13,,Staffing April
2012 YTD Summary,F47,='Staffing May'!AD13,,Staffing May
2012 YTD Summary,G47,='Staffing June'!AD13,,Staffing June
2012 YTD Summary,H47,='Staffing July'!AD13,,Staffing July
2012 YTD Summary,I47,='Staffing August'!AD13,,Staffing August
2012 YTD Summary,J47,='Staffing September'!AD13,,Staffing September
2012 YTD Summary,K47,='Staffing October'!AD13,,Staffing October
2012 YTD Summary,L47,='Staffing November'!AD13,,Staffing November
2012 YTD Summary,M47,='Staffing December'!AD13,,Staffing December
2012 YTD Summary,B48,='Staffing January'!AB13,,Staffing January
2012 YTD Summary,C48,='Staffing February'!AB13,,Staffing February
2012 YTD Summary,D48,='Staffing March'!AB13,,Staffing March
2012 YTD Summary,E48,='Staffing April'!AB13,,Staffing April
2012 YTD Summary,F48,='Staffing May'!AB13,,Staffing May
2012 YTD Summary,G48,='Staffing June'!AB13,,Staffing June
2012 YTD Summary,H48,='Staffing July'!AB13,,Staffing July
2012 YTD Summary,I48,='Staffing August'!AB13,,Staffing August
2012 YTD Summary,J48,='Staffing September'!AB13,,Staffing September
2012 YTD Summary,K48,='Staffing October'!AB13,,Staffing October
2012 YTD Summary,L48,='Staffing November'!AB13,,Staffing November
2012 YTD Summary,M48,='Staffing December'!AB13,,Staffing December
2012 YTD Summary,B49,=SUM(B45:B48),SUM,
2012 YTD Summary,O49,=SUM(O45:O48),SUM,
2012 YTD Summary,B52,=Admissions!D37,,Admissions
2012 YTD Summary,C52,=Admissions!K37,,Admissions
2012 YTD Summary,D52,=Admissions!D72,,Admissions
2012 YTD Summary,E52,=Admissions!K72,,Admissions
2012 YTD Summary,F52,=Admissions!D108,,Admissions
2012 YTD Summary,G52,=Admissions!K108,,Admissions
2012 YTD Summary,H52,=Admissions!D144,,Admissions
2012 YTD Summary,I52,=Admissions!K144,,Admissions
2012 YTD Summary,O52,=SUM(B52:M52),SUM,
2012 YTD Summary,B53,=Admissions!E37,,Admissions
2012 YTD Summary,C53,=Admissions!L37,,Admissions
2012 YTD Summary,D53,=Admissions!E72,,Admissions
2012 YTD Summary,E53,=Admissions!L72,,Admissions
2012 YTD Summary,F53,=Admissions!E108,,Admissions
2012 YTD Summary,G53,=Admissions!L108,,Admissions
2012 YTD Summary,H53,=Admissions!E144,,Admissions
2012 YTD Summary,I53,=Admissions!L144,,Admissions
2012 YTD Summary,B54,=Admissions!F37,,Admissions
2012 YTD Summary,C54,=Admissions!M37,,Admissions
2012 YTD Summary,D54,=Admissions!F72,,Admissions
2012 YTD Summary,E54,=Admissions!M72,,Admissions
2012 YTD Summary,F54,=Admissions!F108,,Admissions
2012 YTD Summary,G54,=Admissions!M108,,Admissions
2012 YTD Summary,H54,=Admissions!F144,,Admissions
2012 YTD Summary,I54,=Admissions!M144,,Admissions
2012 YTD Summary,B55,=SUM(B52:B54),SUM,
Admissions,A3,='2012 YTD Summary'!B4,,2012 YTD Summary
Admissions,G3,"=COUNTIF(C4:C37, "">0"")",COUNTIF,
Admissions,H3,='2012 YTD Summary'!C4,,2012 YTD Summary
Admissions,N3,"=COUNTIF(J4:J37, "">0"")",COUNTIF,
Admissions,D37,"=COUNTIF(D4:D36, ""x"")",COUNTIF,
Admissions,K37,"=COUNTIF(K4:K36, ""x"")",COUNTIF,
Admissions,A41,='2012 YTD Summary'!D4,,2012 YTD Summary
Admissions,G41,"=COUNTIF(C42:C72, "">0"")",COUNTIF,
Admissions,H41,='2012 YTD Summary'!E4,,2012 YTD Summary
Admissions,N41,"=COUNTIF(J42:J72, "">0"")",COUNTIF,
Admissions,D72,"=COUNTIF(D42:D71, ""x"")",COUNTIF,
Admissions,K72,"=COUNTIF(K42:K71, ""x"")",COUNTIF,
Admissions,A76,='2012 YTD Summary'!F4,,2012 YTD Summary
Admissions,G76,"=COUNTIF(C77:C108, "">0"")",COUNTIF,
Admissions,H76,='2012 YTD Summary'!G4,,2012 YTD Summary
Admissions,N76,"=COUNTIF(J77:J108, "">0"")",COUNTIF,
Admissions,D108,"=COUNTIF(D77:D107, ""x"")",COUNTIF,
Admissions,K108,"=COUNTIF(K77:K107, ""x"")",COUNTIF,
Admissions,A112,='2012 YTD Summary'!H4,,2012 YTD Summary
Admissions,G112,"=COUNTIF(C113:C144, "">0"")",COUNTIF,
Admissions,H112,='2012 YTD Summary'!I4,,2012 YTD Summary
Admissions,N112,"=COUNTIF(J113:J144, "">0"")",COUNTIF,
Admissions,D144,"=COUNTIF(D113:D143, ""x"")",COUNTIF,
Admissions,K144,"=COUNTIF(K113:K143, ""x"")",COUNTIF,
Admissions,A148,='2012 YTD Summary'!J4,,2012 YTD Summary
Admissions,G148,"=COUNTIF(C149:C180, "">0"")",COUNTIF,
Admissions,H148,='2012 YTD Summary'!K4,,2012 YTD Summary
Admissions,N148,"=COUNTIF(J149:J180, "">0"")",COUNTIF,
Admissions,D180,"=COUNTIF(D149:D179, ""x"")",COUNTIF,
Admissions,K180,"=COUNTIF(K149:K179, ""x"")",COUNTIF,
Admissions,A184,='2012 YTD Summary'!L4,,2012 YTD Summary
Admissions,G184,"=COUNTIF(C185:C216, "">0"")",COUNTIF,
Admissions,H184,='2012 YTD Summary'!M4,,2012 YTD Summary
Admissions,N184,"=COUNTIF(J185:J216, "">0"")",COUNTIF,
Admissions,D216,"=COUNTIF(D185:D215, ""x"")",COUNTIF,
Admissions,K216,"=COUNTIF(K185:K215, ""x"")",COUNTIF,
Daily Census IP 2012,AJ3,=SUM(AH5+AH8+AH11+AH14+AH17+AH20+AH23+AH26+AH29+AH32+AH35+AH38),SUM,
Daily Census IP 2012,B4,=SUM(AI2),SUM,
Daily Census IP 2012,C4,"=IF(C5=FALSE,0,SUM(B4+C5-C6))",IF;SUM,
Daily Census IP 2012,AF4,"=IF(AF5=FALSE,0,SUM(AE4+AF5-AF6))",IF;SUM,
Daily Census IP 2012,AH4,='[1]Jan Revenue  '!J57,,[1]Jan Revenue  
Daily Census IP 2012,AI4,=SUM(B4:AF4)/COUNT(B5:AF5),COUNT;SUM,
Daily Census IP 2012,AH5,=SUM(B4:AF4),SUM,
Daily Census IP 2012,AI5,=SUM(B5:AF5),SUM,
Daily Census IP 2012,AK5,"=IF(AI5>0,AI5,FALSE)",IF,
Daily Census IP 2012,AH6,=SUM(AH5*A46),SUM,
Daily Census IP 2012,B7,"=IF(B8=FALSE,0,SUM(AF4+B8-B9))",IF;SUM,
Daily Census IP 2012,C7,"=IF(C8=FALSE,0,SUM(B7+C8-C9))",IF;SUM,
Daily Census IP 2012,L7,"=IF(L8=FALSE,0,SUM(K7+L8-L9))",IF;SUM,
Daily Census IP 2012,Y7,"=IF(Y8=FALSE,0,SUM(X7+Y8-Y9))",IF;SUM,
Daily Census IP 2012,AB7,"=IF(AB8=FALSE,0,SUM(AA7+AB8-AB9))",IF;SUM,
Daily Census IP 2012,AH7,='[1]Feb Revenue '!J57,,[1]Feb Revenue 
Daily Census IP 2012,AI7,=SUM(B7:AC7)/COUNT(B8:AC8),COUNT;SUM,
Daily Census IP 2012,AH8,=SUM(B7:AD7),SUM,
Daily Census IP 2012,AK8,"=IF(AI8>0,AI8,FALSE)",IF,
Daily Census IP 2012,AH9,=SUM(AH8*A46),SUM,
Daily Census IP 2012,AI9,=SUM(B9:AF9),SUM,
Daily Census IP 2012,B10,"=IF(B11=FALSE,0,SUM(AD7+B11-B12))",IF;SUM,
Daily Census IP 2012,C10,"=IF(C11=FALSE,0,SUM(B10+C11-C12))",IF;SUM,
Daily Census IP 2012,AE10,"=IF(AE11=FALSE,0,SUM(AD10+AE11-AE12))",IF;SUM,
Daily Census IP 2012,AH10,='[1]Mar Revenue  '!J56,,[1]Mar Revenue  
Daily Census IP 2012,AI10,=SUM(B10:AF10)/COUNT(B11:AF11),COUNT;SUM,
Daily Census IP 2012,AH11,=SUM(B10:AF10),SUM,
Daily Census IP 2012,AI11,=SUM(B11:AF11),SUM,
Daily Census IP 2012,AK11,"=IF(AI11>0,AI11,FALSE)",IF,
Daily Census IP 2012,AH12,=SUM(AH11*A46),SUM,
Daily Census IP 2012,C13,"=IF(C14=FALSE,0,SUM(B13+C14-C15))",IF;SUM,
Daily Census IP 2012,AH13,='Apr Revenue '!J57,,Apr Revenue 
Daily Census IP 2012,AI13,=SUM(B13:AE13)/COUNT(B14:AE14),COUNT;SUM,
Daily Census IP 2012,AH14,=SUM(B13:AF13),SUM,
Daily Census IP 2012,AI14,=SUM(B14:AF14),SUM,
Daily Census IP 2012,AK14,"=IF(AI14>0,AI14,FALSE)",IF,
Daily Census IP 2012,AH15,=SUM(AH14*A46),SUM,
Daily Census IP 2012,B16,"=IF(B17=FALSE,0,SUM(AE13+B17-B18))",IF;SUM,
Daily Census IP 2012,C16,"=IF(C17=FALSE,0,SUM(B16+C17-C18))",IF;SUM,
Daily Census IP 2012,AH16,='May Revenue  '!J58,,May Revenue  
Daily Census IP 2012,AI16,=SUM(B16:AF16)/COUNT(B17:AF17),COUNT;SUM,
Daily Census IP 2012,AH17,=SUM(B16:AF16),SUM,
Daily Census IP 2012,AI17,=SUM(B17:AF17),SUM,
Daily Census IP 2012,AK17,"=IF(AI17>0,AI17,FALSE)",IF,
Daily Census IP 2012,AH18,=SUM(AH17*A46),SUM,
Daily Census IP 2012,B19,"=IF(B20=FALSE,0,SUM(AF16+B20-B21))",IF;SUM,
Daily Census IP 2012,C19,"=IF(C20=FALSE,0,SUM(B19+C20-C21))",IF;SUM,
Daily Census IP 2012,AH19,='June Revenue'!J57,,June Revenue
Daily Census IP 2012,AI19,=SUM(B19:AE19)/COUNT(B20:AE20),COUNT;SUM,
Daily Census IP 2012,AH20,=SUM(B19:AF19),SUM,
Daily Census IP 2012,AI20,=SUM(B20:AF20),SUM,
Daily Census IP 2012,AK20,"=IF(AI20>0,AI20,FALSE)",IF,
Daily Census IP 2012,AH21,=SUM(AH20*A46),SUM,
Daily Census IP 2012,B22,"=IF(B23=FALSE,0,SUM(AE19+B23-B24))",IF;SUM,
Daily Census IP 2012,C22,"=IF(C23=FALSE,0,SUM(B22+C23-C24))",IF;SUM,
Daily Census IP 2012,AH22,='July Revenue  '!J57,,July Revenue  
Daily Census IP 2012,AI22,=SUM(B22:AF22)/COUNT(B23:AF23),COUNT;SUM,
Daily Census IP 2012,AH23,=SUM(B22:AF22),SUM,
Daily Census IP 2012,AI23,=SUM(B23:AF23),SUM,
Daily Census IP 2012,AK23,"=IF(AI23>0,AI23,FALSE)",IF,
Daily Census IP 2012,AH24,=SUM(AH23*A46),SUM,
Daily Census IP 2012,B25,"=IF(B26=FALSE,0,SUM(AF22+B26-B27))",IF;SUM,
Daily Census IP 2012,C25,"=IF(C26=FALSE,0,SUM(B25+C26-C27))",IF;SUM,
Daily Census IP 2012,AH25,='Aug Revenue'!J57,,Aug Revenue
Daily Census IP 2012,AI25,=SUM(B25:AF25)/COUNT(B26:AF26),COUNT;SUM,
Daily Census IP 2012,AH26,=SUM(B25:AF25),SUM,
Daily Census IP 2012,AI26,=SUM(B26:AF26),SUM,
Daily Census IP 2012,AK26,"=IF(AI26>0,AI26,FALSE)",IF,
Daily Census IP 2012,AH27,=SUM(AH26*A46),SUM,
Daily Census IP 2012,B28,"=IF(B29=FALSE,0,SUM(AF25+B29-B30))",IF;SUM,
Daily Census IP 2012,C28,"=IF(C29=FALSE,0,SUM(B28+C29-C30))",IF;SUM,
Daily Census IP 2012,AH28,='Sep Revenue '!J60,,Sep Revenue 
Daily Census IP 2012,AI28,=SUM(B28:AF28)/COUNT(B29:AF29),COUNT;SUM,
Daily Census IP 2012,AH29,=SUM(B28:AF28),SUM,
Daily Census IP 2012,AI29,=SUM(B29:AF29),SUM,
Daily Census IP 2012,AK29,"=IF(AI29>0,AI29,FALSE)",IF,
Daily Census IP 2012,AH30,=SUM(AH29*A46),SUM,
Daily Census IP 2012,B31,"=IF(B32=FALSE,0,SUM(AE28+B32-B33))",IF;SUM,
Daily Census IP 2012,C31,"=IF(C32=FALSE,0,SUM(B31+C32-C33))",IF;SUM,
Daily Census IP 2012,AH31,='Oct Revenue  '!J60,,Oct Revenue  
Daily Census IP 2012,AI31,=SUM(B31:AF31)/COUNT(B32:AF32),COUNT;SUM,
Daily Census IP 2012,AH32,=SUM(B31:AF31),SUM,
Daily Census IP 2012,AI32,=SUM(B32:AF32),SUM,
Daily Census IP 2012,AK32,"=IF(AI32>0,AI32,FALSE)",IF,
Daily Census IP 2012,AH33,=SUM(AH32*A49),SUM,
Daily Census IP 2012,B34,"=IF(B35=FALSE,0,SUM(AF31+B35-B36))",IF;SUM,
Daily Census IP 2012,C34,"=IF(C35=FALSE,0,SUM(B34+C35-C36))",IF;SUM,
Daily Census IP 2012,AH34,='Nov Revenue   '!J60,,Nov Revenue   
Daily Census IP 2012,AI34,=SUM(B34:AF34)/COUNT(B35:AF35),COUNT;SUM,
Daily Census IP 2012,AH35,=SUM(B34:AF34),SUM,
Daily Census IP 2012,AI35,=SUM(B35:AF35),SUM,
Daily Census IP 2012,AK35,"=IF(AI35>0,AI35,FALSE)",IF,
Daily Census IP 2012,AH36,=SUM(AH35*A49),SUM,
Daily Census IP 2012,B37,"=IF(B38=FALSE,0,SUM(AE34+B38-B39))",IF;SUM,
Daily Census IP 2012,C37,"=IF(C38=FALSE,0,SUM(B37+C38-C39))",IF;SUM,
Daily Census IP 2012,AH37,='Dec Revenue '!J60,,Dec Revenue 
Daily Census IP 2012,AI37,=SUM(B37:AF37)/COUNT(B38:AF38),COUNT;SUM,
Daily Census IP 2012,AH38,=SUM(B37:AF37),SUM,
Daily Census IP 2012,AI38,=SUM(B38:AF38),SUM,
Daily Census IP 2012,AK38,"=IF(AI38>0,AI38,FALSE)",IF,
Daily Census IP 2012,AH39,=SUM(AH38*A49),SUM,
Daily Census IP 2012,D40,=AI2,,
Daily Census IP 2012,AH41,='2012 YTD Summary'!N7,,2012 YTD Summary
Daily Census IP 2012,AI41,='2012 YTD Summary'!N6,,2012 YTD Summary
Daily Census IP 2012,AH42,"=SUM(AH5,AH8,AH11,AH14,AH17,AH20,AH23,AH26,AH29,AH32,AH35,AH38)",SUM,
Daily Census IP 2012,AI42,=SUM(AI5+AI8+AI11+AI14+AI17+AI20+AI23+AI26+AI29+AI32+AI35+AI38),SUM,
Daily Census IP 2012,AH43,='2012 YTD Summary'!O12,,2012 YTD Summary
Daily Census IP 2012,AJ45,=AJ3,,
Jan Revenue,AA3,='Staffing July'!O18,,Staffing July
Jan Revenue,AA4,='Staffing January'!K1,,Staffing January
Jan Revenue,E5,=D5-C5,,
Jan Revenue,F5,"=SUMIF(G5,"">0"")-M5",SUMIF,
Jan Revenue,G5,=H5-I5+J5,,
Jan Revenue,H5,"=IF(D5>$E$2,$E$2-C5,IF(D5<=$E$2,D5-C5))",IF,
Jan Revenue,I5,"=IF(C5<$E$1,$D$2-C5,0)",IF,
Jan Revenue,AF26,=AB30,,
Jan Revenue,AB28,"=COUNTIF(Z5:Z33, ""S"")",COUNTIF,
Jan Revenue,AC28,=SUM(AB28/AB30),SUM,
Jan Revenue,AD28,"=AVERAGEIFS(E$5:$E33,E$5:$E33,"">0"",Z$5:$Z33,""S"")",AVERAGEIFS,
Jan Revenue,AB30,=SUM(AB28:AB29),SUM,
Jan Revenue,AC30,=SUM(AC28+AC29),SUM,
Jan Revenue,AD30,=J57,,
Jan Revenue,AB32,=J56,,
Jan Revenue,AB36,"=SUMIFS(E$5:$E33,E$5:$E33,"">0"",Z$5:$Z33,""S"")",SUMIFS,
Jan Revenue,AC36,=SUM(AB36-AD36),SUM,
Jan Revenue,AE36,=SUM(AB36/AB38),SUM,
Jan Revenue,AF36,=AD28,,
Jan Revenue,AB38,=SUM(AB36+AB37),SUM,
Jan Revenue,AF38,=AD30,,
Jan Revenue,AB42,"=COUNTIF(X5:X33, ""mcr"")",COUNTIF,
Jan Revenue,AC42,"=SUMIFS(E$5:$E33,E$5:$E33,"">0"",X$5:$X33,""=mcr"")",SUMIFS,
Jan Revenue,AD42,=AC42,,
Jan Revenue,AF42,=SUM(AB42/AB$54),SUM,
Jan Revenue,AG42,=SUM(AC42/AB42),SUM,
Jan Revenue,AB43,"=COUNTIF(X5:X33, ""mcd"")",COUNTIF,
Jan Revenue,AC43,"=SUMIFS(E$5:$E33,E$5:$E33,"">0"",X$5:$X33,""=mcd"")",SUMIFS,
Jan Revenue,AB44,"=COUNTIF(X5:X33, ""BCBS"")",COUNTIF,
Jan Revenue,AC44,"=SUMIFS(E$5:$E33,E$5:$E33,"">0"",X$5:$X33,""=bcbs"")",SUMIFS,
Jan Revenue,AB45,"=COUNTIF(X5:X33, ""cigna"")",COUNTIF,
Jan Revenue,AC45,"=SUMIFS(E$5:$F33,E$5:$F33,"">0"",X$5:$Y33,""=Cigna"")",SUMIFS,
Jan Revenue,AB46,"=COUNTIF(X5:X33, ""humana"")",COUNTIF,
Jan Revenue,AC46,"=SUMIFS(E$5:$E33,E$5:$E33,"">0"",$X$5:X33,""=humana"")",SUMIFS,
Jan Revenue,AB47,"=COUNTIF(X5:X33, ""value op"")",COUNTIF,
Jan Revenue,AC47,"=SUMIFS(E$5:$E33,E$5:$E33,"">0"",X$5:$X33,""=Value OP"")",SUMIFS,
Jan Revenue,AB48,"=COUNTIF(X5:X33, ""UBH"")",COUNTIF,
Jan Revenue,AC48,"=SUMIFS(E$5:$E33,E$5:$E33,"">0"",X$5:$X33,""=ubh"")",SUMIFS,
Jan Revenue,AB49,"=COUNTIF(X5:X33, ""INS"")",COUNTIF,
Jan Revenue,AC49,"=SUMIFS(E$5:$E33,E$5:$E33,"">0"",X$5:$X33,""INS"")",SUMIFS,
Jan Revenue,AD49,=SUM(AC49-AE49),SUM,
Jan Revenue,AB50,"=COUNTIF(X5:X33, ""priv"")",COUNTIF,
Jan Revenue,AC50,"=SUMIFS(E$5:$E33,E$5:$E33,"">0"",X$5:$X33,""=priv"")",SUMIFS,
Jan Revenue,AD50,=AC50,,
Jan Revenue,F51,=SUM(F5:F50),SUM,
Jan Revenue,AB51,"=COUNTIF(X5:X33, ""highmark"")",COUNTIF,
Jan Revenue,AC51,"=SUMIFS(E$5:$E33,E$5:$E33,"">0"",X$5:$X33,""=highmark"")",SUMIFS,
Jan Revenue,B52,=AVERAGE(B5:B45),AVERAGE,
Jan Revenue,AB52,"=COUNTIF(X5:X33, ""sterling"")",COUNTIF,
Jan Revenue,AC52,"=SUMIFS(E$5:$E33,E$5:$E33,"">0"",X$5:$X33,""=sterling"")",SUMIFS,
Jan Revenue,E53,=SUM(E5:E40),SUM,
Jan Revenue,AB53,"=COUNTIF(X5:X33, ""ind"")",COUNTIF,
Jan Revenue,AC53,"=SUMIFS(E$5:$E33,E$5:$E33,"">0"",X$5:$X33, ""=Ind"")",SUMIFS,
Jan Revenue,A54,=SUM(O57+Q57+S57)+U57+W57,SUM,
Jan Revenue,AB54,=SUM(AB42:AB53),SUM,
Jan Revenue,E56,"=SUMIF(E5:E40,"">0"")",SUMIF,
Jan Revenue,J56,='Daily Census IP 2012'!AH5,,Daily Census IP 2012
Jan Revenue,M56,=SUM(M5:M49),SUM,
Jan Revenue,O56,=SUM(O5:O49),SUM,
Jan Revenue,Q56,=SUM(Q5:Q49),SUM,
Jan Revenue,S56,=SUM(S5:S49),SUM,
Jan Revenue,U56,=SUM(U5:U49),SUM,
Jan Revenue,W56,=SUM(W5:W33),SUM,
Jan Revenue,X56,=SUM(M56:W56),SUM,
Jan Revenue,A57,='Daily Census IP 2012'!AH6,,Daily Census IP 2012
Jan Revenue,C57,='Daily Census IP 2012'!A49,,Daily Census IP 2012
Jan Revenue,J57,"=SUM(E56)/COUNTIF(E5:E40,"">0"")",COUNTIF;SUM,
Jan Revenue,M57,=SUM(M56*C57),SUM,
Jan Revenue,O57,=SUM(O56*D58),SUM,
Jan Revenue,Q57,=SUM(Q56*D59),SUM,
Jan Revenue,S57,=SUM(Q56*D60),SUM,
Jan Revenue,U57,=SUM(U56*D58),SUM,
Jan Revenue,W57,=SUM(W56*D63),SUM,
Jan Revenue,X57,"=COUNTIF(E5:E33, "">0"")",COUNTIF,
Jan Revenue,D58,=C57,,
Jan Revenue,D59,=SUM(D58-E59),SUM,
Jan Revenue,D60,=SUM(D58-E60),SUM,
Jan Revenue,D62,=C57,,
Feb Revenue,AA3,='Staffing July'!O18,,Staffing July
Feb Revenue,AA4,='Staffing February'!K1,,Staffing February
Feb Revenue,E5,=D5-C5,,
Feb Revenue,F5,"=SUMIF(G5,"">0"")-M5",SUMIF,
Feb Revenue,G5,=H5-I5+J5,,
Feb Revenue,H5,"=IF(D5>$E$2,$E$2-C5,IF(D5<=$E$2,D5-C5))",IF,
Feb Revenue,I5,"=IF(C5<$E$1,$D$2-C5,0)",IF,
Feb Revenue,AF26,=AB30,,
Feb Revenue,AB28,"=COUNTIF(Z5:Z33, ""S"")",COUNTIF,
Feb Revenue,AC28,=SUM(AB28/AB30),SUM,
Feb Revenue,AD28,"=AVERAGEIFS(E$5:$E33,E$5:$E33,"">0"",Z$5:$Z33,""S"")",AVERAGEIFS,
Feb Revenue,AB30,=SUM(AB28:AB29),SUM,
Feb Revenue,AC30,=SUM(AC28+AC29),SUM,
Feb Revenue,AD30,=J57,,
Feb Revenue,AB32,=J56,,
Feb Revenue,AB36,"=SUMIFS(E$5:$E33,E$5:$E33,"">0"",Z$5:$Z33,""S"")",SUMIFS,
Feb Revenue,AC36,=SUM(AB36-AD36),SUM,
Feb Revenue,AE36,=SUM(AB36/AB38),SUM,
Feb Revenue,AF36,=AD28,,
Feb Revenue,AB38,=SUM(AB36+AB37),SUM,
Feb Revenue,AF38,=AD30,,
Feb Revenue,AB42,"=COUNTIF(X5:X33, ""mcr"")",COUNTIF,
Feb Revenue,AC42,"=SUMIFS(E$5:$E33,E$5:$E33,"">0"",X$5:$X33,""=mcr"")",SUMIFS,
Feb Revenue,AD42,=SUM(AC42-AE42),SUM,
Feb Revenue,AF42,=SUM(AB42/AB$54),SUM,
Feb Revenue,AG42,=SUM(AC42/AB42),SUM,
Feb Revenue,AB43,"=COUNTIF(X5:X33, ""mcd"")",COUNTIF,
Feb Revenue,AC43,"=SUMIFS(E$5:$E33,E$5:$E33,"">0"",X$5:$X33,""=mcd"")",SUMIFS,
Feb Revenue,AD43,=AC43,,
Feb Revenue,AB44,"=COUNTIF(X5:X33, ""BCBS"")",COUNTIF,
Feb Revenue,AC44,"=SUMIFS(E$5:$E33,E$5:$E33,"">0"",X$5:$X33,""=bcbs"")",SUMIFS,
Feb Revenue,AB45,"=COUNTIF(X5:X33, ""cigna"")",COUNTIF,
Feb Revenue,AC45,"=SUMIFS(E$5:$F33,E$5:$F33,"">0"",X$5:$Y33,""=Cigna"")",SUMIFS,
Feb Revenue,AB46,"=COUNTIF(X5:X33, ""humana"")",COUNTIF,
Feb Revenue,AC46,"=SUMIFS(E$5:$E33,E$5:$E33,"">0"",$X$5:X33,""=humana"")",SUMIFS,
Feb Revenue,AB47,"=COUNTIF(X5:X33, ""value op"")",COUNTIF,
Feb Revenue,AC47,"=SUMIFS(E$5:$E33,E$5:$E33,"">0"",X$5:$X33,""=Value OP"")",SUMIFS,
Feb Revenue,AB48,"=COUNTIF(X5:X33, ""INS"")",COUNTIF,
Feb Revenue,AC48,"=SUMIFS(E$5:$E33,E$5:$E33,"">0"",X$5:$X33,""INS"")",SUMIFS,
Feb Revenue,AB49,"=COUNTIF(X5:X33, ""vantage"")",COUNTIF,
Feb Revenue,AC49,"=SUMIFS(E$5:$E33,E$5:$E33,"">0"",X$5:$X33,""=vantage"")",SUMIFS,
Feb Revenue,AB50,"=COUNTIF(X5:X33, ""priv"")",COUNTIF,
Feb Revenue,AC50,"=SUMIFS(E$5:$E33,E$5:$E33,"">0"",X$5:$X33,""=priv"")",SUMIFS,
Feb Revenue,F51,=SUM(F5:F50),SUM,
Feb Revenue,AB51,"=COUNTIF(X5:X33, ""highmark"")",COUNTIF,
Feb Revenue,AC51,"=SUMIFS(E$5:$E33,E$5:$E33,"">0"",X$5:$X33,""=highmark"")",SUMIFS,
Feb Revenue,B52,=AVERAGE(B5:B47),AVERAGE,
Feb Revenue,AB52,"=COUNTIF(X5:X33, ""sterling"")",COUNTIF,
Feb Revenue,AC52,"=SUMIFS(E$5:$E33,E$5:$E33,"">0"",X$5:$X33,""=sterling"")",SUMIFS,
Feb Revenue,E53,=SUM(E5:E40),SUM,
Feb Revenue,AB53,"=COUNTIF(X5:X33, ""ind"")",COUNTIF,
Feb Revenue,AC53,"=SUMIFS(E$5:$E33,E$5:$E33,"">0"",X$5:$X33, ""=Ind"")",SUMIFS,
Feb Revenue,A54,=SUM(O57+Q57+S57)+U57+W57,SUM,
Feb Revenue,AB54,=SUM(AB42:AB53),SUM,
Feb Revenue,E56,"=SUMIF(E5:E40,"">0"")",SUMIF,
Feb Revenue,J56,='Daily Census IP 2012'!AH8,,Daily Census IP 2012
Feb Revenue,M56,=SUM(M5:M49),SUM,
Feb Revenue,O56,=SUM(O5:O49),SUM,
Feb Revenue,Q56,=SUM(Q5:Q49),SUM,
Feb Revenue,S56,=SUM(S5:S49),SUM,
Feb Revenue,U56,=SUM(U5:U49),SUM,
Feb Revenue,W56,=SUM(W5:W33),SUM,
Feb Revenue,X56,=SUM(M56:W56),SUM,
Feb Revenue,A57,='Daily Census IP 2012'!AH9,,Daily Census IP 2012
Feb Revenue,C57,='Daily Census IP 2012'!A46,,Daily Census IP 2012
Feb Revenue,J57,"=SUM(E56)/COUNTIF(E5:E40,"">0"")",COUNTIF;SUM,
Feb Revenue,M57,=SUM(M56*C57),SUM,
Feb Revenue,O57,=SUM(O56*D58),SUM,
Feb Revenue,Q57,=SUM(Q56*D59),SUM,
Feb Revenue,S57,=SUM(Q56*D60),SUM,
Feb Revenue,U57,=SUM(U56*D58),SUM,
Feb Revenue,W57,=SUM(W56*D63),SUM,
Feb Revenue,X57,"=COUNTIF(E5:E33, "">0"")",COUNTIF,
Feb Revenue,D58,=C57,,
Feb Revenue,D59,=SUM(D58-E59),SUM,
Feb Revenue,D60,=SUM(D58-E60),SUM,
Feb Revenue,D62,=C57,,
Mar Revenue,AA3,='Staffing July'!O18,,Staffing July
Mar Revenue,AA4,='Staffing March'!K1,,Staffing March
Mar Revenue,E5,=D5-C5,,
Mar Revenue,F5,"=SUMIF(G5,"">0"")-M5",SUMIF,
Mar Revenue,G5,=H5-I5+J5,,
Mar Revenue,H5,"=IF(D5>$E$2,$E$2-C5,IF(D5<=$E$2,D5-C5))",IF,
Mar Revenue,I5,"=IF(C5<$E$1,$D$2-C5,0)",IF,
Mar Revenue,AF25,=AB29,,
Mar Revenue,AB27,"=COUNTIF(Z5:Z33, ""S"")",COUNTIF,
Mar Revenue,AC27,=SUM(AB27/AB29),SUM,
Mar Revenue,AD27,"=AVERAGEIFS(E$5:$E32,E$5:$E32,"">0"",Z$5:$Z32,""S"")",AVERAGEIFS,
Mar Revenue,AB29,=SUM(AB27:AB28),SUM,
Mar Revenue,AC29,=SUM(AC27+AC28),SUM,
Mar Revenue,AD29,=J56,,
Mar Revenue,AB31,=J55,,
Mar Revenue,AB35,"=SUMIFS(E$5:$E33,E$5:$E33,"">0"",Z$5:$Z33,""S"")",SUMIFS,
Mar Revenue,AC35,=AB35,,
Mar Revenue,AE35,=SUM(AB35/AB37),SUM,
Mar Revenue,AF35,=AD27,,
Mar Revenue,AB37,=SUM(AB35+AB36),SUM,
Mar Revenue,AE37,=SUM(AE35+AE36),SUM,
Mar Revenue,AF37,=AD29,,
Mar Revenue,AB41,"=COUNTIF(X5:X33, ""mcr"")",COUNTIF,
Mar Revenue,AC41,"=SUMIFS(E$5:$E33,E$5:$E33,"">0"",X$5:$X33,""=mcr"")",SUMIFS,
Mar Revenue,AD41,=AC41,,
Mar Revenue,AF41,=SUM(AB41/AB$53),SUM,
Mar Revenue,AG41,=SUM(AC41/AB41),SUM,
Mar Revenue,AB42,"=COUNTIF(X5:X32, ""mcd"")",COUNTIF,
Mar Revenue,AC42,"=SUMIFS(E$5:$E32,E$5:$E32,"">0"",X$5:$X32,""=mcd"")",SUMIFS,
Mar Revenue,AB43,"=COUNTIF(X5:X32, ""BCBS"")",COUNTIF,
Mar Revenue,AC43,"=SUMIFS(E$5:$E32,E$5:$E32,"">0"",X$5:$X32,""=bcbs"")",SUMIFS,
Mar Revenue,AB44,"=COUNTIF(X5:X32, ""INS"")",COUNTIF,
Mar Revenue,AC44,"=SUMIFS(E$5:$F32,E$5:$F32,"">0"",X$5:$Y32,""INS"")",SUMIFS,
Mar Revenue,AB45,"=COUNTIF(X5:X32, ""humana"")",COUNTIF,
Mar Revenue,AC45,"=SUMIFS(E$5:$E32,E$5:$E32,"">0"",$X$5:X32,""=humana"")",SUMIFS,
Mar Revenue,AB46,"=COUNTIF(X5:X32, ""value op"")",COUNTIF,
Mar Revenue,AC46,"=SUMIFS(E$5:$E32,E$5:$E32,"">0"",X$5:$X32,""=Value OP"")",SUMIFS,
Mar Revenue,AB47,"=COUNTIF(X5:X32, ""UBH"")",COUNTIF,
Mar Revenue,AC47,"=SUMIFS(E$5:$E32,E$5:$E32,"">0"",X$5:$X32,""=ubh"")",SUMIFS,
Mar Revenue,AB48,"=COUNTIF(X5:X32, ""vantage"")",COUNTIF,
Mar Revenue,AC48,"=SUMIFS(E$5:$E32,E$5:$E32,"">0"",X$5:$X32,""=vantage"")",SUMIFS,
Mar Revenue,AB49,"=COUNTIF(X5:X32, ""priv"")",COUNTIF,
Mar Revenue,AC49,"=SUMIFS(E$5:$E32,E$5:$E32,"">0"",X$5:$X32,""=priv"")",SUMIFS,
Mar Revenue,F50,=SUM(F5:F46),SUM,
Mar Revenue,AB50,"=COUNTIF(X5:X32, ""highmark"")",COUNTIF,
Mar Revenue,AC50,"=SUMIFS(E$5:$E32,E$5:$E32,"">0"",X$5:$X32,""=highmark"")",SUMIFS,
Mar Revenue,B51,=AVERAGE(B5:B46),AVERAGE,
Mar Revenue,AB51,"=COUNTIF(X5:X32, ""sterling"")",COUNTIF,
Mar Revenue,AC51,"=SUMIFS(E$5:$E32,E$5:$E32,"">0"",X$5:$X32,""=sterling"")",SUMIFS,
Mar Revenue,E52,=SUM(E5:E39),SUM,
Mar Revenue,AB52,"=COUNTIF(X5:X32, ""ind"")",COUNTIF,
Mar Revenue,AC52,"=SUMIFS(E$5:$E32,E$5:$E32,"">0"",X$5:$X32, ""=Ind"")",SUMIFS,
Mar Revenue,A53,=SUM(O56+Q56+S56)+U56+W56,SUM,
Mar Revenue,AB53,=SUM(AB41:AB52),SUM,
Mar Revenue,E55,"=SUMIF(E5:E39,"">0"")",SUMIF,
Mar Revenue,J55,='Daily Census IP 2012'!AH11,,Daily Census IP 2012
Mar Revenue,M55,=SUM(M5:M48),SUM,
Mar Revenue,O55,=SUM(O5:O48),SUM,
Mar Revenue,Q55,=SUM(Q5:Q48),SUM,
Mar Revenue,S55,=SUM(S5:S48),SUM,
Mar Revenue,U55,=SUM(U5:U48),SUM,
Mar Revenue,W55,=SUM(W5:W32),SUM,
Mar Revenue,X55,=SUM(M55:W55),SUM,
Mar Revenue,Y55,=SUM(X55-M55),SUM,
Mar Revenue,A56,='Daily Census IP 2012'!AH12,,Daily Census IP 2012
Mar Revenue,C56,='Daily Census IP 2012'!A46,,Daily Census IP 2012
Mar Revenue,J56,"=SUM(E55)/COUNTIF(E5:E39,"">0"")",COUNTIF;SUM,
Mar Revenue,M56,=SUM(M55*C56),SUM,
Mar Revenue,O56,=SUM(O55*D57),SUM,
Mar Revenue,Q56,=SUM(Q55*D58),SUM,
Mar Revenue,S56,=SUM(Q55*D59),SUM,
Mar Revenue,U56,=SUM(U55*D57),SUM,
Mar Revenue,W56,=SUM(W55*D62),SUM,
Mar Revenue,X56,"=COUNTIF(E5:E33, "">0"")",COUNTIF,
Mar Revenue,D57,=C56,,
Mar Revenue,D58,=SUM(D57-E58),SUM,
Mar Revenue,D59,=SUM(D57-E59),SUM,
Mar Revenue,D61,=C56,,
Apr Revenue,AA3,='Staffing July'!O18,,Staffing July
Apr Revenue,AA4,='Staffing April'!K1,,Staffing April
Apr Revenue,E5,=D5-C5,,
Apr Revenue,F5,"=SUMIF(G5,"">0"")-M5",SUMIF,
Apr Revenue,G5,=H5-I5+J5,,
Apr Revenue,H5,"=IF(D5>$E$2,$E$2-C5,IF(D5<=$E$2,D5-C5))",IF,
Apr Revenue,I5,"=IF(C5<$E$1,$D$2-C5,0)",IF,
Apr Revenue,AF26,=AB30,,
Apr Revenue,AB28,"=COUNTIF(Z5:Z33, ""S"")",COUNTIF,
Apr Revenue,AC28,=SUM(AB28/AB30),SUM,
Apr Revenue,AD28,"=AVERAGEIFS(E$5:$E33,E$5:$E33,"">0"",Z$5:$Z33,""S"")",AVERAGEIFS,
Apr Revenue,AB29,"=COUNTIF(Z5:Z33, ""U"")",COUNTIF,
Apr Revenue,AC29,=SUM(AB29/AB30),SUM,
Apr Revenue,AD29,"=AVERAGEIFS(E$5:$E33,E$5:$E33,"">0"",Z$5:$Z33,""M"")",AVERAGEIFS,
Apr Revenue,AB30,=SUM(AB28:AB29),SUM,
Apr Revenue,AC30,=SUM(AC28+AC29),SUM,
Apr Revenue,AD30,=J57,,
Apr Revenue,AB32,=J56,,
Apr Revenue,AB36,"=SUMIFS(E$5:$E33,E$5:$E33,"">0"",Z$5:$Z33,""S"")",SUMIFS,
Apr Revenue,AC36,=AB36,,
Apr Revenue,AE36,=SUM(AB36/AB38),SUM,
Apr Revenue,AF36,=AD28,,
Apr Revenue,AB37,"=SUMIFS(E$5:$E33,E$5:$E33,"">0"",Z$5:$Z33,""M"")",SUMIFS,
Apr Revenue,AE37,=SUM(AB37/AB38),SUM,
Apr Revenue,AB38,=SUM(AB36+AB37),SUM,
Apr Revenue,AE38,=SUM(AE36+AE37),SUM,
Apr Revenue,AB42,"=COUNTIF(X5:X33, ""mcr"")",COUNTIF,
Apr Revenue,AC42,"=SUMIFS(E$5:$E33,E$5:$E33,"">0"",X$5:$X33,""=mcr"")",SUMIFS,
Apr Revenue,AD42,=AC42,,
Apr Revenue,AF42,=SUM(AB42/AB$54),SUM,
Apr Revenue,AG42,=SUM(AC42/AB42),SUM,
Apr Revenue,AB43,"=COUNTIF(X5:X33, ""mcd"")",COUNTIF,
Apr Revenue,AC43,"=SUMIFS(E$5:$E33,E$5:$E33,"">0"",X$5:$X33,""=mcd"")",SUMIFS,
Apr Revenue,AB44,"=COUNTIF(X5:X33, ""BCBS"")",COUNTIF,
Apr Revenue,AC44,"=SUMIFS(E$5:$E33,E$5:$E33,"">0"",X$5:$X33,""=bcbs"")",SUMIFS,
Apr Revenue,AB45,"=COUNTIF(X5:X33, ""cigna"")",COUNTIF,
Apr Revenue,AC45,"=SUMIFS(E$5:$F33,E$5:$F33,"">0"",X$5:$Y33,""=Cigna"")",SUMIFS,
Apr Revenue,AB46,"=COUNTIF(X5:X33, ""humana"")",COUNTIF,
Apr Revenue,AC46,"=SUMIFS(E$5:$E33,E$5:$E33,"">0"",$X$5:X33,""=humana"")",SUMIFS,
Apr Revenue,AB47,"=COUNTIF(X5:X33, ""value op"")",COUNTIF,
Apr Revenue,AC47,"=SUMIFS(E$5:$E33,E$5:$E33,"">0"",X$5:$X33,""=Value OP"")",SUMIFS,
Apr Revenue,AB48,"=COUNTIF(X5:X33, ""UBH"")",COUNTIF,
Apr Revenue,AC48,"=SUMIFS(E$5:$E33,E$5:$E33,"">0"",X$5:$X33,""=ubh"")",SUMIFS,
Apr Revenue,AB49,"=COUNTIF(X5:X33, ""vantage"")",COUNTIF,
Apr Revenue,AC49,"=SUMIFS(E$5:$E33,E$5:$E33,"">0"",X$5:$X33,""=vantage"")",SUMIFS,
Apr Revenue,F50,=SUM(F5:F49),SUM,
Apr Revenue,AB50,"=COUNTIF(X5:X33, ""priv"")",COUNTIF,
Apr Revenue,AC50,"=SUMIFS(E$5:$E33,E$5:$E33,"">0"",X$5:$X33,""=priv"")",SUMIFS,
Apr Revenue,AB51,"=COUNTIF(X5:X33, ""highmark"")",COUNTIF,
Apr Revenue,AC51,"=SUMIFS(E$5:$E33,E$5:$E33,"">0"",X$5:$X33,""=highmark"")",SUMIFS,
Apr Revenue,B52,=AVERAGE(B5:B42),AVERAGE,
Apr Revenue,AB52,"=COUNTIF(X5:X33, ""sterling"")",COUNTIF,
Apr Revenue,AC52,"=SUMIFS(E$5:$E33,E$5:$E33,"">0"",X$5:$X33,""=sterling"")",SUMIFS,
Apr Revenue,E53,=SUM(E5:E40),SUM,
Apr Revenue,AB53,"=COUNTIF(X5:X33, ""ind"")",COUNTIF,
Apr Revenue,AC53,"=SUMIFS(E$5:$E33,E$5:$E33,"">0"",X$5:$X33, ""=Ind"")",SUMIFS,
Apr Revenue,A54,=SUM(O57+Q57+S57)+U57+W57,SUM,
Apr Revenue,AB54,=SUM(AB42:AB53),SUM,
Apr Revenue,E56,"=SUMIF(E5:E40,"">0"")",SUMIF,
Apr Revenue,J56,='Daily Census IP 2012'!AH14,,Daily Census IP 2012
Apr Revenue,M56,=SUM(M5:M49),SUM,
Apr Revenue,O56,=SUM(O5:O49),SUM,
Apr Revenue,Q56,=SUM(Q5:Q49),SUM,
Apr Revenue,S56,=SUM(S5:S49),SUM,
Apr Revenue,U56,=SUM(U5:U49),SUM,
Apr Revenue,W56,=SUM(W5:W33),SUM,
Apr Revenue,X56,=SUM(M56:W56),SUM,
Apr Revenue,A57,='Daily Census IP 2012'!AH15,,Daily Census IP 2012
Apr Revenue,C57,='Daily Census IP 2012'!A46,,Daily Census IP 2012
Apr Revenue,J57,"=SUM(E56)/COUNTIF(E5:E40,"">0"")",COUNTIF;SUM,
Apr Revenue,M57,=SUM(M56*C57),SUM,
Apr Revenue,O57,=SUM(O56*D58),SUM,
Apr Revenue,Q57,=SUM(Q56*D59),SUM,
Apr Revenue,S57,=SUM(Q56*D60),SUM,
Apr Revenue,U57,=SUM(U56*D58),SUM,
Apr Revenue,W57,=SUM(W56*D63),SUM,
Apr Revenue,X57,"=COUNTIF(E5:E33, "">0"")",COUNTIF,
Apr Revenue,D58,=C57,,
Apr Revenue,D59,=SUM(D58-E59),SUM,
Apr Revenue,D60,=SUM(D58-E60),SUM,
Apr Revenue,D62,=C57,,
May Revenue,AA3,='Staffing July'!O18,,Staffing July
May Revenue,AA4,='Staffing May'!K1,,Staffing May
May Revenue,E5,=D5-C5,,
May Revenue,F5,"=SUMIF(G5,"">0"")-M5",SUMIF,
May Revenue,G5,=H5-I5+J5,,
May Revenue,H5,"=IF(D5>$E$2,$E$2-C5,IF(D5<=$E$2,D5-C5))",IF,
May Revenue,I5,"=IF(C5<$E$1,$D$2-C5,0)",IF,
May Revenue,AF26,=AB30,,
May Revenue,AB28,"=COUNTIF(Z5:Z36, ""S"")",COUNTIF,
May Revenue,AC28,=SUM(AB28/AB30),SUM,
May Revenue,AD28,"=AVERAGEIFS(E$5:$E36,E$5:$E36,"">0"",Z$5:$Z36,""S"")",AVERAGEIFS,
May Revenue,AB29,"=COUNTIF(Z5:Z36, ""M"")",COUNTIF,
May Revenue,AC29,=SUM(AB29/AB30),SUM,
May Revenue,AD29,"=AVERAGEIFS(E$5:$E34,E$5:$E34,"">0"",Z$5:$Z34,""M"")",AVERAGEIFS,
May Revenue,AB30,=SUM(AB28:AB29),SUM,
May Revenue,AC30,=SUM(AC28+AC29),SUM,
May Revenue,AD30,=J58,,
May Revenue,AB32,=J57,,
May Revenue,AB36,"=SUMIFS(E$5:$E36,E$5:$E36,"">0"",Z$5:$Z36,""S"")",SUMIFS,
May Revenue,AC36,=AB36,,
May Revenue,AE36,=SUM(AB36/AB38),SUM,
May Revenue,AF36,=AD28,,
May Revenue,AB37,"=SUMIFS(E$5:$E36,E$5:$E36,"">0"",Z$5:$Z36,""M"")",SUMIFS,
May Revenue,AE37,=SUM(AB37/AB38),SUM,
May Revenue,AB38,=SUM(AB36+AB37),SUM,
May Revenue,AE38,=SUM(AE36+AE37),SUM,
May Revenue,AB42,"=COUNTIF(X5:X36, ""mcr"")",COUNTIF,
May Revenue,AC42,"=SUMIFS(E$5:$E36,E$5:$E36,"">0"",X$5:$X36,""=mcr"")",SUMIFS,
May Revenue,AD42,=AC42,,
May Revenue,AF42,=SUM(AB42/AB$54),SUM,
May Revenue,AG42,=SUM(AC42/AB42),SUM,
May Revenue,AB43,"=COUNTIF(X5:X34, ""mcd"")",COUNTIF,
May Revenue,AC43,"=SUMIFS(E$5:$E34,E$5:$E34,"">0"",X$5:$X34,""=mcd"")",SUMIFS,
May Revenue,AB44,"=COUNTIF(X5:X34, ""BCBS"")",COUNTIF,
May Revenue,AC44,"=SUMIFS(E$5:$E34,E$5:$E34,"">0"",X$5:$X34,""=bcbs"")",SUMIFS,
May Revenue,AB45,"=COUNTIF(X5:X34, ""cigna"")",COUNTIF,
May Revenue,AC45,"=SUMIFS(E$5:$F34,E$5:$F34,"">0"",X$5:$Y34,""=Cigna"")",SUMIFS,
May Revenue,AB46,"=COUNTIF(X5:X34, ""humana"")",COUNTIF,
May Revenue,AC46,"=SUMIFS(E$5:$E34,E$5:$E34,"">0"",$X$5:X34,""=humana"")",SUMIFS,
May Revenue,AB47,"=COUNTIF(X5:X34, ""value op"")",COUNTIF,
May Revenue,AC47,"=SUMIFS(E$5:$E34,E$5:$E34,"">0"",X$5:$X34,""=Value OP"")",SUMIFS,
May Revenue,AB48,"=COUNTIF(X5:X34, ""UBH"")",COUNTIF,
May Revenue,AC48,"=SUMIFS(E$5:$E34,E$5:$E34,"">0"",X$5:$X34,""=ubh"")",SUMIFS,
May Revenue,AB49,"=COUNTIF(X5:X34, ""INS"")",COUNTIF,
May Revenue,AC49,"=SUMIFS(E$5:$E34,E$5:$E34,"">0"",X$5:$X34,""INS"")",SUMIFS,
May Revenue,AB50,"=COUNTIF(X5:X34, ""priv"")",COUNTIF,
May Revenue,AC50,"=SUMIFS(E$5:$E34,E$5:$E34,"">0"",X$5:$X34,""=priv"")",SUMIFS,
May Revenue,F51,=SUM(F5:F49),SUM,
May Revenue,AB51,"=COUNTIF(X5:X34, ""highmark"")",COUNTIF,
May Revenue,AC51,"=SUMIFS(E$5:$E34,E$5:$E34,"">0"",X$5:$X34,""=highmark"")",SUMIFS,
May Revenue,AB52,"=COUNTIF(X5:X34, ""PP"")",COUNTIF,
May Revenue,AC52,"=SUMIFS(E$5:$E34,E$5:$E34,"">0"",X$5:$X34,""PP"")",SUMIFS,
May Revenue,B53,=AVERAGE(B5:B47),AVERAGE,
May Revenue,AB53,"=COUNTIF(X5:X34, ""ind"")",COUNTIF,
May Revenue,AC53,"=SUMIFS(E$5:$E34,E$5:$E34,"">0"",X$5:$X34, ""=Ind"")",SUMIFS,
May Revenue,E54,=SUM(E5:E41),SUM,
May Revenue,AB54,=SUM(AB42:AB53),SUM,
May Revenue,AG54,=J58,,
May Revenue,A55,=SUM(O58+Q58+S58)+U58+W58,SUM,
May Revenue,E57,"=SUMIF(E5:E41,"">0"")",SUMIF,
May Revenue,J57,='Daily Census IP 2012'!AH17,,Daily Census IP 2012
May Revenue,M57,=SUM(M5:M50),SUM,
May Revenue,O57,=SUM(O5:O50),SUM,
May Revenue,Q57,=SUM(Q5:Q50),SUM,
May Revenue,S57,=SUM(S5:S50),SUM,
May Revenue,U57,=SUM(U5:U50),SUM,
May Revenue,W57,=SUM(W5:W34),SUM,
May Revenue,X57,=SUM(M57:W57),SUM,
May Revenue,A58,='Daily Census IP 2012'!AH18,,Daily Census IP 2012
May Revenue,C58,='Daily Census IP 2012'!A46,,Daily Census IP 2012
May Revenue,J58,"=SUM(E57)/COUNTIF(E5:E41,"">0"")",COUNTIF;SUM,
May Revenue,M58,=SUM(M57*C58),SUM,
May Revenue,O58,=SUM(O57*D59),SUM,
May Revenue,Q58,=SUM(Q57*D60),SUM,
May Revenue,S58,=SUM(Q57*D61),SUM,
May Revenue,U58,=SUM(U57*D59),SUM,
May Revenue,W58,=SUM(W57*D64),SUM,
May Revenue,X58,"=COUNTIF(E5:E36, "">0"")",COUNTIF,
May Revenue,D59,=C58,,
May Revenue,D60,=SUM(D59-E60),SUM,
May Revenue,D61,=SUM(D59-E61),SUM,
May Revenue,D63,=C58,,
June Revenue,AC3,='Staffing July'!O18,,Staffing July
June Revenue,AC4,='Staffing June'!K1,,Staffing June
June Revenue,E5,=D5-C5,,
June Revenue,F5,"=SUMIF(G5,"">0"")-M5",SUMIF,
June Revenue,G5,=H5-I5+J5,,
June Revenue,H5,"=IF(D5>$E$2,$E$2-C5,IF(D5<=$E$2,D5-C5))",IF,
June Revenue,I5,"=IF(C5<$E$1,$D$2-C5,0)",IF,
June Revenue,AH26,=AD30,,
June Revenue,AD28,"=COUNTIF(AB5:AB33, ""S"")",COUNTIF,
June Revenue,AE28,=SUM(AD28/AD30),SUM,
June Revenue,AF28,"=AVERAGEIFS(E$5:$E33,E$5:$E33,"">0"",AB$5:$AB33,""S"")",AVERAGEIFS,
June Revenue,AD29,"=COUNTIF(AB5:AB33, ""M"")",COUNTIF,
June Revenue,AE29,=SUM(AD29/AD30),SUM,
June Revenue,AF29,"=AVERAGEIFS(E$5:$E33,E$5:$E33,"">0"",AB$5:$AB33,""M"")",AVERAGEIFS,
June Revenue,AD30,=SUM(AD28:AD29),SUM,
June Revenue,AE30,=SUM(AE28+AE29),SUM,
June Revenue,AF30,=J57,,
June Revenue,AD32,=J56,,
June Revenue,AD36,"=SUMIFS(E$5:$E33,E$5:$E33,"">0"",AB$5:$AB33,""S"")",SUMIFS,
June Revenue,AE36,=SUM(AD36-AF36),SUM,
June Revenue,AG36,=SUM(AD36/AD38),SUM,
June Revenue,AH36,=AF28,,
June Revenue,AD37,"=SUMIFS(E$5:$E33,E$5:$E33,"">0"",AB$5:$AB33,""M"")",SUMIFS,
June Revenue,AG37,=SUM(AD37/AD38),SUM,
June Revenue,AD38,=SUM(AD36+AD37),SUM,
June Revenue,AD42,"=COUNTIF(Z5:Z33, ""mcr"")",COUNTIF,
June Revenue,AE42,"=SUMIFS(E$5:$E33,E$5:$E33,"">0"",Z$5:$Z33,""=mcr"")",SUMIFS,
June Revenue,AF42,=SUM(AE42-AG42),SUM,
June Revenue,AH42,=SUM(AD42/AD$54),SUM,
June Revenue,AI42,=SUM(AE42/AD42),SUM,
June Revenue,AD43,"=COUNTIF(Z5:Z33, ""mcd"")",COUNTIF,
June Revenue,AE43,"=SUMIFS(E$5:$E33,E$5:$E33,"">0"",Z$5:$Z33,""=mcd"")",SUMIFS,
June Revenue,AD44,"=COUNTIF(Z5:Z33, ""BCBS"")",COUNTIF,
June Revenue,AE44,"=SUMIFS(E$5:$E33,E$5:$E33,"">0"",Z$5:$Z33,""=bcbs"")",SUMIFS,
June Revenue,AD45,"=COUNTIF(Z5:Z33, ""INS"")",COUNTIF,
June Revenue,AE45,"=SUMIFS(E$5:$F33,E$5:$F33,"">0"",Z$5:$AA33,""INS"")",SUMIFS,
June Revenue,AD46,"=COUNTIF(Z5:Z33, ""humana"")",COUNTIF,
June Revenue,AE46,"=SUMIFS(E$5:$E33,E$5:$E33,"">0"",$Z$5:Z33,""=humana"")",SUMIFS,
June Revenue,AD47,"=COUNTIF(Z5:Z33, ""value op"")",COUNTIF,
June Revenue,AE47,"=SUMIFS(E$5:$E33,E$5:$E33,"">0"",Z$5:$Z33,""=Value OP"")",SUMIFS,
June Revenue,AD48,"=COUNTIF(Z5:Z33, ""UBH"")",COUNTIF,
June Revenue,AE48,"=SUMIFS(E$5:$E33,E$5:$E33,"">0"",Z$5:$Z33,""=ubh"")",SUMIFS,
June Revenue,AD49,"=COUNTIF(Z5:Z33, ""vantage"")",COUNTIF,
June Revenue,AE49,"=SUMIFS(E$5:$E33,E$5:$E33,"">0"",Z$5:$Z33,""=vantage"")",SUMIFS,
June Revenue,F50,=SUM(F5:F48),SUM,
June Revenue,AD50,"=COUNTIF(Z5:Z33, ""Commercial"")",COUNTIF,
June Revenue,AE50,"=SUMIFS(E$5:$E33,E$5:$E33,"">0"",Z$5:$Z33,""Commercial"")",SUMIFS,
June Revenue,AD51,"=COUNTIF(Z5:Z33, ""highmark"")",COUNTIF,
June Revenue,AE51,"=SUMIFS(E$5:$E33,E$5:$E33,"">0"",Z$5:$Z33,""=highmark"")",SUMIFS,
June Revenue,B52,=AVERAGE(B5:B37),AVERAGE,
June Revenue,AD52,"=COUNTIF(Z5:Z33, ""sterling"")",COUNTIF,
June Revenue,AE52,"=SUMIFS(E$5:$E33,E$5:$E33,"">0"",Z$5:$Z33,""=sterling"")",SUMIFS,
June Revenue,E53,=SUM(E5:E40),SUM,
June Revenue,AD53,"=COUNTIF(Z5:Z33, ""ind"")",COUNTIF,
June Revenue,AE53,"=SUMIFS(E$5:$E33,E$5:$E33,"">0"",Z$5:$Z33, ""=Ind"")",SUMIFS,
June Revenue,A54,=SUM(O57+Q57+S57)+U57+Y57,SUM,
June Revenue,AD54,=SUM(AD42:AD53),SUM,
June Revenue,E56,"=SUMIF(E5:E40,"">0"")",SUMIF,
June Revenue,J56,='Daily Census IP 2012'!AH20,,Daily Census IP 2012
June Revenue,M56,=SUM(M5:M49),SUM,
June Revenue,O56,=SUM(O5:O49),SUM,
June Revenue,Q56,=SUM(Q5:Q49),SUM,
June Revenue,S56,=SUM(S5:S49),SUM,
June Revenue,U56,=SUM(U5:U49),SUM,
June Revenue,W56,=SUM(W5:W35),SUM,
June Revenue,Y56,=SUM(Y5:Y33),SUM,
June Revenue,Z56,=SUM(M56:Y56),SUM,
June Revenue,AA56,=J56,,
June Revenue,A57,='Daily Census IP 2012'!AH21,,Daily Census IP 2012
June Revenue,C57,='Daily Census IP 2012'!A46,,Daily Census IP 2012
June Revenue,J57,"=SUM(E56)/COUNTIF(E5:E40,"">0"")",COUNTIF;SUM,
June Revenue,M57,=SUM(M56*C57),SUM,
June Revenue,O57,=SUM(O56*D58),SUM,
June Revenue,Q57,=SUM(Q56*D59),SUM,
June Revenue,S57,=SUM(Q56*D60),SUM,
June Revenue,U57,=SUM(U56*D58),SUM,
June Revenue,W57,=SUM(W56*D62),SUM,
June Revenue,X57,=SUM(X56*D61),SUM,
June Revenue,Y57,=SUM(Y56*D64),SUM,
June Revenue,Z57,"=COUNTIF(E5:E33, "">0"")",COUNTIF,
June Revenue,D58,=C57,,
June Revenue,D59,=SUM(D58-E59),SUM,
June Revenue,D60,=SUM(D58-E60),SUM,
June Revenue,D63,=C57,,
July Revenue,AC3,='Staffing July'!O18,,Staffing July
July Revenue,AC4,='Staffing July'!K1,,Staffing July
July Revenue,E5,=D5-C5,,
July Revenue,F5,"=SUMIF(G5,"">0"")-M5",SUMIF,
July Revenue,G5,=H5-I5+J5,,
July Revenue,H5,"=IF(D5>$E$2,$E$2-C5,IF(D5<=$E$2,D5-C5))",IF,
July Revenue,I5,"=IF(C5<$E$1,$D$2-C5,0)",IF,
July Revenue,AH26,=AD30,,
July Revenue,AD28,"=COUNTIF(AB5:AB33, ""S"")",COUNTIF,
July Revenue,AE28,=SUM(AD28/AD30),SUM,
July Revenue,AF28,"=AVERAGEIFS(E$5:$E33,E$5:$E33,"">0"",AB$5:$AB33,""S"")",AVERAGEIFS,
July Revenue,AD29,"=COUNTIF(AB5:AB33, ""M"")",COUNTIF,
July Revenue,AE29,=SUM(AD29/AD30),SUM,
July Revenue,AF29,"=AVERAGEIFS(E$5:$E33,E$5:$E33,"">0"",AB$5:$AB33,""M"")",AVERAGEIFS,
July Revenue,AD30,=SUM(AD28:AD29),SUM,
July Revenue,AE30,=SUM(AE28+AE29),SUM,
July Revenue,AF30,=J57,,
July Revenue,AD32,=J56,,
July Revenue,AD36,"=SUMIFS(E$5:$E33,E$5:$E33,"">0"",AB$5:$AB33,""S"")",SUMIFS,
July Revenue,AE36,=AD36,,
July Revenue,AG36,=SUM(AD36/AD38),SUM,
July Revenue,AH36,=AF28,,
July Revenue,AD37,"=SUMIFS(E$5:$E33,E$5:$E33,"">0"",AB$5:$AB33,""M"")",SUMIFS,
July Revenue,AG37,=SUM(AD37/AD38),SUM,
July Revenue,AD38,=SUM(AD36+AD37),SUM,
July Revenue,AG38,=SUM(AG36+AG37),SUM,
July Revenue,AD42,"=COUNTIF(Z5:Z33, ""mcr"")",COUNTIF,
July Revenue,AE42,"=SUMIFS(E$5:$E33,E$5:$E33,"">0"",Z$5:$Z33,""=mcr"")",SUMIFS,
July Revenue,AF42,=AE42,,
July Revenue,AH42,=SUM(AD42/AD$54),SUM,
July Revenue,AI42,=SUM(AE42/AD42),SUM,
July Revenue,AD43,"=COUNTIF(Z5:Z33, ""mcd"")",COUNTIF,
July Revenue,AE43,"=SUMIFS(E$5:$E33,E$5:$E33,"">0"",Z$5:$Z33,""=mcd"")",SUMIFS,
July Revenue,AD44,"=COUNTIF(Z5:Z33, ""BCBS"")",COUNTIF,
July Revenue,AE44,"=SUMIFS(E$5:$E33,E$5:$E33,"">0"",Z$5:$Z33,""=bcbs"")",SUMIFS,
July Revenue,AD45,"=COUNTIF(Z5:Z33, ""cigna"")",COUNTIF,
July Revenue,AE45,"=SUMIFS(E$5:$F33,E$5:$F33,"">0"",Z$5:$AA33,""=Cigna"")",SUMIFS,
July Revenue,AD46,"=COUNTIF(Z5:Z33, ""humana"")",COUNTIF,
July Revenue,AE46,"=SUMIFS(E$5:$E33,E$5:$E33,"">0"",$Z$5:Z33,""=humana"")",SUMIFS,
July Revenue,AD47,"=COUNTIF(Z5:Z33, ""value op"")",COUNTIF,
July Revenue,AE47,"=SUMIFS(E$5:$E33,E$5:$E33,"">0"",Z$5:$Z33,""=Value OP"")",SUMIFS,
July Revenue,AD48,"=COUNTIF(Z5:Z33, ""UBH"")",COUNTIF,
July Revenue,AE48,"=SUMIFS(E$5:$E33,E$5:$E33,"">0"",Z$5:$Z33,""=ubh"")",SUMIFS,
July Revenue,AD49,"=COUNTIF(Z5:Z33, ""vantage"")",COUNTIF,
July Revenue,AE49,"=SUMIFS(E$5:$E33,E$5:$E33,"">0"",Z$5:$Z33,""=vantage"")",SUMIFS,
July Revenue,F50,=SUM(F5:F48),SUM,
July Revenue,AD50,"=COUNTIF(Z5:Z33, ""priv"")",COUNTIF,
July Revenue,AE50,"=SUMIFS(E$5:$E33,E$5:$E33,"">0"",Z$5:$Z33,""=priv"")",SUMIFS,
July Revenue,AD51,"=COUNTIF(Z5:Z33, ""INS"")",COUNTIF,
July Revenue,AE51,"=SUMIFS(E$5:$E33,E$5:$E33,"">0"",Z$5:$Z33,""INS"")",SUMIFS,
July Revenue,B52,=AVERAGE(B5:B37),AVERAGE,
July Revenue,AD52,"=COUNTIF(Z5:Z33, ""sterling"")",COUNTIF,
July Revenue,AE52,"=SUMIFS(E$5:$E33,E$5:$E33,"">0"",Z$5:$Z33,""=sterling"")",SUMIFS,
July Revenue,E53,=SUM(E5:E40),SUM,
July Revenue,AD53,"=COUNTIF(Z5:Z33, ""ind"")",COUNTIF,
July Revenue,AE53,"=SUMIFS(E$5:$E33,E$5:$E33,"">0"",Z$5:$Z33, ""=Ind"")",SUMIFS,
July Revenue,A54,=SUM(O57+Q57+S57)+U57+W57,SUM,
July Revenue,AD54,=SUM(AD42:AD53),SUM,
July Revenue,E56,"=SUMIF(E5:E40,"">0"")",SUMIF,
July Revenue,J56,='Daily Census IP 2012'!AH23,,Daily Census IP 2012
July Revenue,M56,=SUM(M5:M49),SUM,
July Revenue,O56,=SUM(O5:O49),SUM,
July Revenue,Q56,=SUM(Q5:Q49),SUM,
July Revenue,S56,=SUM(S5:S49),SUM,
July Revenue,U56,=SUM(U5:U49),SUM,
July Revenue,W56,=SUM(W5:W33),SUM,
July Revenue,X56,=SUM(X5:X40),SUM,
July Revenue,Z56,=SUM(E5:E40),SUM,
July Revenue,AA56,=J56,,
July Revenue,A57,='Daily Census IP 2012'!AH24,,Daily Census IP 2012
July Revenue,C57,='Daily Census IP 2012'!A46,,Daily Census IP 2012
July Revenue,J57,"=SUM(E56)/COUNTIF(E5:E40,"">0"")",COUNTIF;SUM,
July Revenue,M57,=SUM(M56*C57),SUM,
July Revenue,O57,=SUM(O56*D58),SUM,
July Revenue,Q57,=SUM(Q56*D59),SUM,
July Revenue,S57,=SUM(Q56*D60),SUM,
July Revenue,U57,=SUM(U56*D58),SUM,
July Revenue,W57,=SUM(W56*D64),SUM,
July Revenue,X57,=SUM(X56*D61),SUM,
July Revenue,Y57,=SUM(Y56*D62),SUM,
July Revenue,Z57,"=COUNTIF(E5:E33, "">0"")",COUNTIF,
July Revenue,D58,=C57,,
July Revenue,D59,=SUM(D58-E59),SUM,
July Revenue,D60,=SUM(D58-E60),SUM,
July Revenue,D63,=C57,,
Sep Revenue,AA3,='Staffing July'!O18,,Staffing July
Sep Revenue,AA4,='Staffing September'!K1,,Staffing September
Sep Revenue,E5,=D5-C5,,
Sep Revenue,F5,"=SUMIF(G5,"">0"")-M5",SUMIF,
Sep Revenue,G5,=H5-I5+J5,,
Sep Revenue,H5,"=IF(D5>$E$2,$E$2-C5,IF(D5<=$E$2,D5-C5))",IF,
Sep Revenue,I5,"=IF(C5<$E$1,$D$2-C5,0)",IF,
Sep Revenue,AF26,=AB30,,
Sep Revenue,AB28,"=COUNTIF(Z5:Z33, ""B"")",COUNTIF,
Sep Revenue,AC28,=SUM(AB28/AB30),SUM,
Sep Revenue,AD28,"=AVERAGEIFS(E$5:$E33,E$5:$E33,"">0"",Z$5:$Z33,""B"")",AVERAGEIFS,
Sep Revenue,AB29,"=COUNTIF(Z5:Z33, ""U"")",COUNTIF,
Sep Revenue,AC29,=SUM(AB29/AB30),SUM,
Sep Revenue,AD29,"=AVERAGEIFS(E$5:$E33,E$5:$E33,"">0"",Z$5:$Z33,""U"")",AVERAGEIFS,
Sep Revenue,AB30,=SUM(AB28:AB29),SUM,
Sep Revenue,AC30,=SUM(AC28+AC29),SUM,
Sep Revenue,AD30,=J60,,
Sep Revenue,AB32,=J59,,
Sep Revenue,AB36,"=SUMIFS(E$5:$E33,E$5:$E33,"">0"",Z$5:$Z33,""=B"")",SUMIFS,
Sep Revenue,AC36,=AB36,,
Sep Revenue,AE36,=SUM(AB36/AB38),SUM,
Sep Revenue,AF36,=AD28,,
Sep Revenue,AB37,"=SUMIFS(E$5:$E33,E$5:$E33,"">0"",Z$5:$Z33,""=U"")",SUMIFS,
Sep Revenue,AE37,=SUM(AB37/AB38),SUM,
Sep Revenue,AB38,=SUM(AB36+AB37),SUM,
Sep Revenue,AE38,=SUM(AE36+AE37),SUM,
Sep Revenue,AB42,"=COUNTIF(X5:X33, ""mcr"")",COUNTIF,
Sep Revenue,AC42,"=SUMIFS(E$5:$E33,E$5:$E33,"">0"",X$5:$X33,""=mcr"")",SUMIFS,
Sep Revenue,AD42,=AC42,,
Sep Revenue,AF42,=SUM(AB42/AB$54),SUM,
Sep Revenue,AG42,=SUM(AC42/AB42),SUM,
Sep Revenue,AB43,"=COUNTIF(X5:X33, ""mcd"")",COUNTIF,
Sep Revenue,AC43,"=SUMIFS(E$5:$E33,E$5:$E33,"">0"",X$5:$X33,""=mcd"")",SUMIFS,
Sep Revenue,AB44,"=COUNTIF(X5:X33, ""BCBS"")",COUNTIF,
Sep Revenue,AC44,"=SUMIFS(E$5:$E33,E$5:$E33,"">0"",X$5:$X33,""=bcbs"")",SUMIFS,
Sep Revenue,AB45,"=COUNTIF(X5:X33, ""cigna"")",COUNTIF,
Sep Revenue,AC45,"=SUMIFS(E$5:$F33,E$5:$F33,"">0"",X$5:$Y33,""=Cigna"")",SUMIFS,
Sep Revenue,AB46,"=COUNTIF(X5:X33, ""humana"")",COUNTIF,
Sep Revenue,AC46,"=SUMIFS(E$5:$E33,E$5:$E33,"">0"",$X$5:X33,""=humana"")",SUMIFS,
Sep Revenue,AB47,"=COUNTIF(X5:X33, ""value op"")",COUNTIF,
Sep Revenue,AC47,"=SUMIFS(E$5:$E33,E$5:$E33,"">0"",X$5:$X33,""=Value OP"")",SUMIFS,
Sep Revenue,AB48,"=COUNTIF(X5:X33, ""UBH"")",COUNTIF,
Sep Revenue,AC48,"=SUMIFS(E$5:$E33,E$5:$E33,"">0"",X$5:$X33,""=ubh"")",SUMIFS,
Sep Revenue,AB49,"=COUNTIF(X5:X33, ""vantage"")",COUNTIF,
Sep Revenue,AC49,"=SUMIFS(E$5:$E33,E$5:$E33,"">0"",X$5:$X33,""=vantage"")",SUMIFS,
Sep Revenue,AB50,"=COUNTIF(X5:X33, ""priv"")",COUNTIF,
Sep Revenue,AC50,"=SUMIFS(E$5:$E33,E$5:$E33,"">0"",X$5:$X33,""=priv"")",SUMIFS,
Sep Revenue,AB51,"=COUNTIF(X5:X33, ""highmark"")",COUNTIF,
Sep Revenue,AC51,"=SUMIFS(E$5:$E33,E$5:$E33,"">0"",X$5:$X33,""=highmark"")",SUMIFS,
Sep Revenue,B52,=AVERAGE(B5:B37),AVERAGE,
Sep Revenue,AB52,"=COUNTIF(X5:X33, ""sterling"")",COUNTIF,
Sep Revenue,AC52,"=SUMIFS(E$5:$E33,E$5:$E33,"">0"",X$5:$X33,""=sterling"")",SUMIFS,
Sep Revenue,A53,"=SUMIF(H4:H38, "">0"")",SUMIF,
Sep Revenue,AB53,"=COUNTIF(X5:X33, ""ind"")",COUNTIF,
Sep Revenue,AC53,"=SUMIFS(E$5:$E33,E$5:$E33,"">0"",X$5:$X33, ""=Ind"")",SUMIFS,
Sep Revenue,AB54,=SUM(AB42:AB53),SUM,
Sep Revenue,E56,=SUM(E5:E40),SUM,
Sep Revenue,M56,=SUM(M5:M49),SUM,
Sep Revenue,O56,=SUM(O5:O49),SUM,
Sep Revenue,Q56,=SUM(Q5:Q49),SUM,
Sep Revenue,S56,=SUM(S5:S49),SUM,
Sep Revenue,U56,=SUM(U5:U49),SUM,
Sep Revenue,W56,=SUM(W5:W33),SUM,
Sep Revenue,X56,=SUM(M56:W56),SUM,
Sep Revenue,A57,=SUM(O57+Q57+S57)+U57+W57,SUM,
Sep Revenue,M57,=SUM(M56*C60),SUM,
Sep Revenue,O57,=SUM(O56*D62),SUM,
Sep Revenue,Q57,=SUM(Q56*D63),SUM,
Sep Revenue,S57,=SUM(Q56*D64),SUM,
Sep Revenue,U57,=SUM(U56*D62),SUM,
Sep Revenue,W57,=SUM(W56*D67),SUM,
Sep Revenue,X57,"=COUNTIF(E5:E33, "">0"")",COUNTIF,
Sep Revenue,E59,"=SUMIF(E5:E40, "">0"")",SUMIF,
Sep Revenue,J59,='Daily Census IP 2012'!AH29,,Daily Census IP 2012
Sep Revenue,A60,='Daily Census IP 2012'!AH30,,Daily Census IP 2012
Sep Revenue,C60,='Daily Census IP 2012'!A49,,Daily Census IP 2012
Sep Revenue,J60,"=SUM(E59)/COUNTIF(E5:E40,"">0"")",COUNTIF;SUM,
Sep Revenue,D62,=C60,,
Sep Revenue,D63,=SUM(D62-E63),SUM,
Sep Revenue,D64,=SUM(D62-E64),SUM,
Sep Revenue,D66,=C60,,
Oct Revenue,AA3,='Staffing July'!O18,,Staffing July
Oct Revenue,AA4,='Staffing October'!K1,,Staffing October
Oct Revenue,E5,=D5-C5,,
Oct Revenue,F5,"=SUMIF(G5,"">0"")-M5",SUMIF,
Oct Revenue,G5,=H5-I5+J5,,
Oct Revenue,H5,"=IF(D5>$E$2,$E$2-C5,IF(D5<=$E$2,D5-C5))",IF,
Oct Revenue,I5,"=IF(C5<$E$1,$D$2-C5,0)",IF,
Oct Revenue,AF26,=AB30,,
Oct Revenue,AB28,"=COUNTIF(Z5:Z33, ""B"")",COUNTIF,
Oct Revenue,AC28,=SUM(AB28/AB30),SUM,
Oct Revenue,AD28,"=AVERAGEIFS(E$5:$E33,E$5:$E33,"">0"",Z$5:$Z33,""B"")",AVERAGEIFS,
Oct Revenue,AB29,"=COUNTIF(Z5:Z33, ""U"")",COUNTIF,
Oct Revenue,AC29,=SUM(AB29/AB30),SUM,
Oct Revenue,AD29,"=AVERAGEIFS(E$5:$E33,E$5:$E33,"">0"",Z$5:$Z33,""U"")",AVERAGEIFS,
Oct Revenue,AB30,=SUM(AB28:AB29),SUM,
Oct Revenue,AC30,=SUM(AC28+AC29),SUM,
Oct Revenue,AD30,=J60,,
Oct Revenue,AB32,=J59,,
Oct Revenue,AB36,"=SUMIFS(E$5:$E33,E$5:$E33,"">0"",Z$5:$Z33,""B"")",SUMIFS,
Oct Revenue,AC36,=AB36,,
Oct Revenue,AE36,=SUM(AB36/AB38),SUM,
Oct Revenue,AF36,=AD28,,
Oct Revenue,AB37,"=SUMIFS(E$5:$E33,E$5:$E33,"">0"",Z$5:$Z33,""U"")",SUMIFS,
Oct Revenue,AE37,=SUM(AB37/AB38),SUM,
Oct Revenue,AB38,=SUM(AB36+AB37),SUM,
Oct Revenue,AE38,=SUM(AE36+AE37),SUM,
Oct Revenue,AB42,"=COUNTIF(X5:X33, ""mcr"")",COUNTIF,
Oct Revenue,AC42,"=SUMIFS(E$5:$E33,E$5:$E33,"">0"",X$5:$X33,""=mcr"")",SUMIFS,
Oct Revenue,AD42,=AC42,,
Oct Revenue,AF42,=SUM(AB42/AB$54),SUM,
Oct Revenue,AG42,=SUM(AC42/AB42),SUM,
Oct Revenue,AB43,"=COUNTIF(X5:X33, ""mcd"")",COUNTIF,
Oct Revenue,AC43,"=SUMIFS(E$5:$E33,E$5:$E33,"">0"",X$5:$X33,""=mcd"")",SUMIFS,
Oct Revenue,AB44,"=COUNTIF(X5:X33, ""BCBS"")",COUNTIF,
Oct Revenue,AC44,"=SUMIFS(E$5:$E33,E$5:$E33,"">0"",X$5:$X33,""=bcbs"")",SUMIFS,
Oct Revenue,AB45,"=COUNTIF(X5:X33, ""cigna"")",COUNTIF,
Oct Revenue,AC45,"=SUMIFS(E$5:$F33,E$5:$F33,"">0"",X$5:$Y33,""=Cigna"")",SUMIFS,
Oct Revenue,AB46,"=COUNTIF(X5:X33, ""humana"")",COUNTIF,
Oct Revenue,AC46,"=SUMIFS(E$5:$E33,E$5:$E33,"">0"",$X$5:X33,""=humana"")",SUMIFS,
Oct Revenue,AB47,"=COUNTIF(X5:X33, ""value op"")",COUNTIF,
Oct Revenue,AC47,"=SUMIFS(E$5:$E33,E$5:$E33,"">0"",X$5:$X33,""=Value OP"")",SUMIFS,
Oct Revenue,AB48,"=COUNTIF(X5:X33, ""UBH"")",COUNTIF,
Oct Revenue,AC48,"=SUMIFS(E$5:$E33,E$5:$E33,"">0"",X$5:$X33,""=ubh"")",SUMIFS,
Oct Revenue,AB49,"=COUNTIF(X5:X33, ""vantage"")",COUNTIF,
Oct Revenue,AC49,"=SUMIFS(E$5:$E33,E$5:$E33,"">0"",X$5:$X33,""=vantage"")",SUMIFS,
Oct Revenue,AB50,"=COUNTIF(X5:X33, ""priv"")",COUNTIF,
Oct Revenue,AC50,"=SUMIFS(E$5:$E33,E$5:$E33,"">0"",X$5:$X33,""=priv"")",SUMIFS,
Oct Revenue,AB51,"=COUNTIF(X5:X33, ""highmark"")",COUNTIF,
Oct Revenue,AC51,"=SUMIFS(E$5:$E33,E$5:$E33,"">0"",X$5:$X33,""=highmark"")",SUMIFS,
Oct Revenue,B52,=AVERAGE(B5:B37),AVERAGE,
Oct Revenue,AB52,"=COUNTIF(X5:X33, ""sterling"")",COUNTIF,
Oct Revenue,AC52,"=SUMIFS(E$5:$E33,E$5:$E33,"">0"",X$5:$X33,""=sterling"")",SUMIFS,
Oct Revenue,A53,"=SUMIF(H4:H38, "">0"")",SUMIF,
Oct Revenue,AB53,"=COUNTIF(X5:X33, ""ind"")",COUNTIF,
Oct Revenue,AC53,"=SUMIFS(E$5:$E33,E$5:$E33,"">0"",X$5:$X33, ""=Ind"")",SUMIFS,
Oct Revenue,AB54,=SUM(AB42:AB53),SUM,
Oct Revenue,E56,=SUM(E5:E40),SUM,
Oct Revenue,M56,=SUM(M5:M49),SUM,
Oct Revenue,O56,=SUM(O5:O49),SUM,
Oct Revenue,Q56,=SUM(Q5:Q49),SUM,
Oct Revenue,S56,=SUM(S5:S49),SUM,
Oct Revenue,U56,=SUM(U5:U49),SUM,
Oct Revenue,W56,=SUM(W5:W33),SUM,
Oct Revenue,X56,=SUM(M56:W56),SUM,
Oct Revenue,A57,=SUM(O57+Q57+S57)+U57+W57,SUM,
Oct Revenue,M57,=SUM(M56*C60),SUM,
Oct Revenue,O57,=SUM(O56*D62),SUM,
Oct Revenue,Q57,=SUM(Q56*D63),SUM,
Oct Revenue,S57,=SUM(Q56*D64),SUM,
Oct Revenue,U57,=SUM(U56*D62),SUM,
Oct Revenue,W57,=SUM(W56*D67),SUM,
Oct Revenue,X57,"=COUNTIF(E5:E33, "">0"")",COUNTIF,
Oct Revenue,E59,"=SUMIF(E5:E40, "">0"")",SUMIF,
Oct Revenue,J59,=-'Daily Census IP 2012'!AH32,,Daily Census IP 2012
Oct Revenue,A60,='Daily Census IP 2012'!AH33,,Daily Census IP 2012
Oct Revenue,C60,='Daily Census IP 2012'!A49,,Daily Census IP 2012
Oct Revenue,J60,"=SUM(E59)/COUNTIF(E5:E40,"">0"")",COUNTIF;SUM,
Oct Revenue,D62,=C60,,
Oct Revenue,D63,=SUM(D62-E63),SUM,
Oct Revenue,D64,=SUM(D62-E64),SUM,
Oct Revenue,D66,=C60,,
Nov Revenue,AA3,='Staffing July'!O18,,Staffing July
Nov Revenue,AA4,='Staffing November'!K1,,Staffing November
Nov Revenue,E5,=D5-C5,,
Nov Revenue,F5,"=SUMIF(G5,"">0"")-M5",SUMIF,
Nov Revenue,G5,=H5-I5+J5,,
Nov Revenue,H5,"=IF(D5>$E$2,$E$2-C5,IF(D5<=$E$2,D5-C5))",IF,
Nov Revenue,I5,"=IF(C5<$E$1,$D$2-C5,0)",IF,
Nov Revenue,AF26,=AB30,,
Nov Revenue,AB28,"=COUNTIF(Z5:Z33, ""B"")",COUNTIF,
Nov Revenue,AC28,=SUM(AB28/AB30),SUM,
Nov Revenue,AD28,"=AVERAGEIFS(E$5:$E33,E$5:$E33,"">0"",Z$5:$Z33,""B"")",AVERAGEIFS,
Nov Revenue,AB29,"=COUNTIF(Z5:Z33, ""U"")",COUNTIF,
Nov Revenue,AC29,=SUM(AB29/AB30),SUM,
Nov Revenue,AD29,"=AVERAGEIFS(E$5:$E33,E$5:$E33,"">0"",Z$5:$Z33,""U"")",AVERAGEIFS,
Nov Revenue,AB30,=SUM(AB28:AB29),SUM,
Nov Revenue,AC30,=SUM(AC28+AC29),SUM,
Nov Revenue,AD30,=J60,,
Nov Revenue,AB32,=J59,,
Nov Revenue,AB36,"=SUMIFS(E$5:$E33,E$5:$E33,"">0"",Z$5:$Z33,""=B"")",SUMIFS,
Nov Revenue,AC36,=AB36,,
Nov Revenue,AE36,=SUM(AB36/AB38),SUM,
Nov Revenue,AF36,=AD28,,
Nov Revenue,AB37,"=SUMIFS(E$5:$E33,E$5:$E33,"">0"",Z$5:$Z33,""U"")",SUMIFS,
Nov Revenue,AE37,=SUM(AB37/AB38),SUM,
Nov Revenue,AB38,=SUM(AB36+AB37),SUM,
Nov Revenue,AE38,=SUM(AE36+AE37),SUM,
Nov Revenue,AB42,"=COUNTIF(X5:X33, ""mcr"")",COUNTIF,
Nov Revenue,AC42,"=SUMIFS(E$5:$E33,E$5:$E33,"">0"",X$5:$X33,""=mcr"")",SUMIFS,
Nov Revenue,AD42,=AC42,,
Nov Revenue,AF42,=SUM(AB42/AB$54),SUM,
Nov Revenue,AG42,=SUM(AC42/AB42),SUM,
Nov Revenue,AB43,"=COUNTIF(X5:X33, ""mcd"")",COUNTIF,
Nov Revenue,AC43,"=SUMIFS(E$5:$E33,E$5:$E33,"">0"",X$5:$X33,""=mcd"")",SUMIFS,
Nov Revenue,AB44,"=COUNTIF(X5:X33, ""BCBS"")",COUNTIF,
Nov Revenue,AC44,"=SUMIFS(E$5:$E33,E$5:$E33,"">0"",X$5:$X33,""=bcbs"")",SUMIFS,
Nov Revenue,AB45,"=COUNTIF(X5:X33, ""cigna"")",COUNTIF,
Nov Revenue,AC45,"=SUMIFS(E$5:$F33,E$5:$F33,"">0"",X$5:$Y33,""=Cigna"")",SUMIFS,
Nov Revenue,AB46,"=COUNTIF(X5:X33, ""humana"")",COUNTIF,
Nov Revenue,AC46,"=SUMIFS(E$5:$E33,E$5:$E33,"">0"",$X$5:X33,""=humana"")",SUMIFS,
Nov Revenue,AB47,"=COUNTIF(X5:X33, ""value op"")",COUNTIF,
Nov Revenue,AC47,"=SUMIFS(E$5:$E33,E$5:$E33,"">0"",X$5:$X33,""=Value OP"")",SUMIFS,
Nov Revenue,AB48,"=COUNTIF(X5:X33, ""UBH"")",COUNTIF,
Nov Revenue,AC48,"=SUMIFS(E$5:$E33,E$5:$E33,"">0"",X$5:$X33,""=ubh"")",SUMIFS,
Nov Revenue,AB49,"=COUNTIF(X5:X33, ""vantage"")",COUNTIF,
Nov Revenue,AC49,"=SUMIFS(E$5:$E33,E$5:$E33,"">0"",X$5:$X33,""=vantage"")",SUMIFS,
Nov Revenue,AB50,"=COUNTIF(X5:X33, ""priv"")",COUNTIF,
Nov Revenue,AC50,"=SUMIFS(E$5:$E33,E$5:$E33,"">0"",X$5:$X33,""=priv"")",SUMIFS,
Nov Revenue,AB51,"=COUNTIF(X5:X33, ""highmark"")",COUNTIF,
Nov Revenue,AC51,"=SUMIFS(E$5:$E33,E$5:$E33,"">0"",X$5:$X33,""=highmark"")",SUMIFS,
Nov Revenue,B52,=AVERAGE(B5:B37),AVERAGE,
Nov Revenue,AB52,"=COUNTIF(X5:X33, ""sterling"")",COUNTIF,
Nov Revenue,AC52,"=SUMIFS(E$5:$E33,E$5:$E33,"">0"",X$5:$X33,""=sterling"")",SUMIFS,
Nov Revenue,A53,"=SUMIF(H4:H38, "">0"")",SUMIF,
Nov Revenue,AB53,"=COUNTIF(X5:X33, ""ind"")",COUNTIF,
Nov Revenue,AC53,"=SUMIFS(E$5:$E33,E$5:$E33,"">0"",X$5:$X33, ""=Ind"")",SUMIFS,
Nov Revenue,AB54,=SUM(AB42:AB53),SUM,
Nov Revenue,E56,=SUM(E5:E40),SUM,
Nov Revenue,M56,=SUM(M5:M49),SUM,
Nov Revenue,O56,=SUM(O5:O49),SUM,
Nov Revenue,Q56,=SUM(Q5:Q49),SUM,
Nov Revenue,S56,=SUM(S5:S49),SUM,
Nov Revenue,U56,=SUM(U5:U49),SUM,
Nov Revenue,W56,=SUM(W5:W33),SUM,
Nov Revenue,X56,=SUM(M56:W56),SUM,
Nov Revenue,A57,=SUM(O57+Q57+S57)+U57+W57,SUM,
Nov Revenue,M57,=SUM(M56*C60),SUM,
Nov Revenue,O57,=SUM(O56*D62),SUM,
Nov Revenue,Q57,=SUM(Q56*D63),SUM,
Nov Revenue,S57,=SUM(Q56*D64),SUM,
Nov Revenue,U57,=SUM(U56*D62),SUM,
Nov Revenue,W57,=SUM(W56*D67),SUM,
Nov Revenue,X57,"=COUNTIF(E5:E33, "">0"")",COUNTIF,
Nov Revenue,E59,"=SUMIF(E5:E40, "">0"")",SUMIF,
Nov Revenue,J59,='Daily Census IP 2012'!AH35,,Daily Census IP 2012
Nov Revenue,A60,='Daily Census IP 2012'!AH36,,Daily Census IP 2012
Nov Revenue,C60,='Daily Census IP 2012'!A49,,Daily Census IP 2012
Nov Revenue,J60,"=SUM(E59)/COUNTIF(E5:E40,"">0"")",COUNTIF;SUM,
Nov Revenue,D62,=C60,,
Nov Revenue,D63,=SUM(D62-E63),SUM,
Nov Revenue,D64,=SUM(D62-E64),SUM,
Nov Revenue,D66,=C60,,
Dec Revenue,AA3,='Staffing July'!O18,,Staffing July
Dec Revenue,AA4,='Staffing December'!K1,,Staffing December
Dec Revenue,E5,=D5-C5,,
Dec Revenue,F5,"=SUMIF(G5,"">0"")-M5",SUMIF,
Dec Revenue,G5,=H5-I5+J5,,
Dec Revenue,H5,"=IF(D5>$E$2,$E$2-C5,IF(D5<=$E$2,D5-C5))",IF,
Dec Revenue,I5,"=IF(C5<$E$1,$D$2-C5,0)",IF,
Dec Revenue,AF26,=AB30,,
Dec Revenue,AB28,"=COUNTIF(Z5:Z33, ""B"")",COUNTIF,
Dec Revenue,AC28,=SUM(AB28/AB30),SUM,
Dec Revenue,AD28,"=AVERAGEIFS(E$5:$E33,E$5:$E33,"">0"",Z$5:$Z33,""B"")",AVERAGEIFS,
Dec Revenue,AB29,"=COUNTIF(Z5:Z33, ""U"")",COUNTIF,
Dec Revenue,AC29,=SUM(AB29/AB30),SUM,
Dec Revenue,AD29,"=AVERAGEIFS(E$5:$E33,E$5:$E33,"">0"",Z$5:$Z33,""U"")",AVERAGEIFS,
Dec Revenue,AB30,=SUM(AB28:AB29),SUM,
Dec Revenue,AC30,=SUM(AC28+AC29),SUM,
Dec Revenue,AD30,=J60,,
Dec Revenue,AB32,=J59,,
Dec Revenue,AB36,"=SUMIFS(E$5:$E33,E$5:$E33,"">0"",Z$5:$Z33,""=B"")",SUMIFS,
Dec Revenue,AC36,=AB36,,
Dec Revenue,AE36,=SUM(AB36/AB38),SUM,
Dec Revenue,AF36,=AD28,,
Dec Revenue,AB37,"=SUMIFS(E$5:$E33,E$5:$E33,"">0"",Z$5:$Z33,""U"")",SUMIFS,
Dec Revenue,AE37,=SUM(AB37/AB38),SUM,
Dec Revenue,AB38,=SUM(AB36+AB37),SUM,
Dec Revenue,AE38,=SUM(AE36+AE37),SUM,
Dec Revenue,AB42,"=COUNTIF(X5:X33, ""mcr"")",COUNTIF,
Dec Revenue,AC42,"=SUMIFS(E$5:$E33,E$5:$E33,"">0"",X$5:$X33,""=mcr"")",SUMIFS,
Dec Revenue,AD42,=AC42,,
Dec Revenue,AF42,=SUM(AB42/AB$54),SUM,
Dec Revenue,AG42,=SUM(AC42/AB42),SUM,
Dec Revenue,AB43,"=COUNTIF(X5:X33, ""mcd"")",COUNTIF,
Dec Revenue,AC43,"=SUMIFS(E$5:$E33,E$5:$E33,"">0"",X$5:$X33,""=mcd"")",SUMIFS,
Dec Revenue,AB44,"=COUNTIF(X5:X33, ""BCBS"")",COUNTIF,
Dec Revenue,AC44,"=SUMIFS(E$5:$E33,E$5:$E33,"">0"",X$5:$X33,""=bcbs"")",SUMIFS,
Dec Revenue,AB45,"=COUNTIF(X5:X33, ""cigna"")",COUNTIF,
Dec Revenue,AC45,"=SUMIFS(E$5:$F33,E$5:$F33,"">0"",X$5:$Y33,""=Cigna"")",SUMIFS,
Dec Revenue,AB46,"=COUNTIF(X5:X33, ""humana"")",COUNTIF,
Dec Revenue,AC46,"=SUMIFS(E$5:$E33,E$5:$E33,"">0"",$X$5:X33,""=humana"")",SUMIFS,
Dec Revenue,AB47,"=COUNTIF(X5:X33, ""value op"")",COUNTIF,
Dec Revenue,AC47,"=SUMIFS(E$5:$E33,E$5:$E33,"">0"",X$5:$X33,""=Value OP"")",SUMIFS,
Dec Revenue,AB48,"=COUNTIF(X5:X33, ""UBH"")",COUNTIF,
Dec Revenue,AC48,"=SUMIFS(E$5:$E33,E$5:$E33,"">0"",X$5:$X33,""=ubh"")",SUMIFS,
Dec Revenue,AB49,"=COUNTIF(X5:X33, ""vantage"")",COUNTIF,
Dec Revenue,AC49,"=SUMIFS(E$5:$E33,E$5:$E33,"">0"",X$5:$X33,""=vantage"")",SUMIFS,
Dec Revenue,AB50,"=COUNTIF(X5:X33, ""priv"")",COUNTIF,
Dec Revenue,AC50,"=SUMIFS(E$5:$E33,E$5:$E33,"">0"",X$5:$X33,""=priv"")",SUMIFS,
Dec Revenue,AB51,"=COUNTIF(X5:X33, ""highmark"")",COUNTIF,
Dec Revenue,AC51,"=SUMIFS(E$5:$E33,E$5:$E33,"">0"",X$5:$X33,""=highmark"")",SUMIFS,
Dec Revenue,B52,=AVERAGE(B5:B37),AVERAGE,
Dec Revenue,AB52,"=COUNTIF(X5:X33, ""sterling"")",COUNTIF,
Dec Revenue,AC52,"=SUMIFS(E$5:$E33,E$5:$E33,"">0"",X$5:$X33,""=sterling"")",SUMIFS,
Dec Revenue,A53,"=SUMIF(H4:H38, "">0"")",SUMIF,
Dec Revenue,AB53,"=COUNTIF(X5:X33, ""ind"")",COUNTIF,
Dec Revenue,AC53,"=SUMIFS(E$5:$E33,E$5:$E33,"">0"",X$5:$X33, ""=Ind"")",SUMIFS,
Dec Revenue,AB54,=SUM(AB42:AB53),SUM,
Dec Revenue,E56,=SUM(E5:E40),SUM,
Dec Revenue,M56,=SUM(M5:M49),SUM,
Dec Revenue,O56,=SUM(O5:O49),SUM,
Dec Revenue,Q56,=SUM(Q5:Q49),SUM,
Dec Revenue,S56,=SUM(S5:S49),SUM,
Dec Revenue,U56,=SUM(U5:U49),SUM,
Dec Revenue,W56,=SUM(W5:W33),SUM,
Dec Revenue,X56,=SUM(M56:W56),SUM,
Dec Revenue,A57,=SUM(O57+Q57+S57)+U57+W57,SUM,
Dec Revenue,M57,=SUM(M56*C60),SUM,
Dec Revenue,O57,=SUM(O56*D62),SUM,
Dec Revenue,Q57,=SUM(Q56*D63),SUM,
Dec Revenue,S57,=SUM(Q56*D64),SUM,
Dec Revenue,U57,=SUM(U56*D62),SUM,
Dec Revenue,W57,=SUM(W56*D67),SUM,
Dec Revenue,X57,"=COUNTIF(E5:E33, "">0"")",COUNTIF,
Dec Revenue,E59,"=SUMIF(E5:E40, "">0"")",SUMIF,
Dec Revenue,J59,='Daily Census IP 2012'!AH38,,Daily Census IP 2012
Dec Revenue,A60,='Daily Census IP 2012'!AH39,,Daily Census IP 2012
Dec Revenue,C60,='Daily Census IP 2012'!A49,,Daily Census IP 2012
Dec Revenue,J60,"=SUM(E59)/COUNTIF(E5:E40,"">0"")",COUNTIF;SUM,
Dec Revenue,D62,=C60,,
Dec Revenue,D63,=SUM(D62-E63),SUM,
Dec Revenue,D64,=SUM(D62-E64),SUM,
Dec Revenue,D66,=C60,,
Daily Census IOP 2012,A1,='Daily Census IP 2012'!A2,,Daily Census IP 2012
Daily Census IOP 2012,AH4,=SUM(C3:AG3)/COUNT(C3:AG3),COUNT;SUM,
Daily Census IOP 2012,A5,=AVERAGE(C4:AG4),AVERAGE,
Daily Census IOP 2012,AH6,=SUM(C4:AG4),SUM,
Daily Census IOP 2012,AH8,=SUM(C7:AG7)/COUNT(C7:AG7),COUNT;SUM,
Daily Census IOP 2012,A9,=AVERAGE(C8:AG8),AVERAGE,
Daily Census IOP 2012,AH10,=SUM(C8:AG8),SUM,
Daily Census IOP 2012,AH12,=SUM(C11:AG11)/COUNT(C11:AG11),COUNT;SUM,
Daily Census IOP 2012,A13,=AVERAGE(C12:AG12),AVERAGE,
Daily Census IOP 2012,AH14,=SUM(C12:AG12),SUM,
Daily Census IOP 2012,AH16,=SUM(C15:AG15)/COUNT(C15:AG15),COUNT;SUM,
Daily Census IOP 2012,A17,=AVERAGE(C16:AG16),AVERAGE,
Daily Census IOP 2012,AH18,=SUM(C16:AG16),SUM,
Daily Census IOP 2012,AH20,=SUM(C19:AG19)/COUNT(C19:AG19),COUNT;SUM,
Daily Census IOP 2012,A21,=AVERAGE(C20:AG20),AVERAGE,
Daily Census IOP 2012,AH22,=SUM(C20:AG20),SUM,
Daily Census IOP 2012,AH24,=SUM(C23:AG23)/COUNT(C23:AG23),COUNT;SUM,
Daily Census IOP 2012,A25,=AVERAGE(C24:AG24),AVERAGE,
Daily Census IOP 2012,AH26,=SUM(C24:AG24),SUM,
Daily Census IOP 2012,AH28,=SUM(C27:AG27)/COUNT(C27:AG27),COUNT;SUM,
Daily Census IOP 2012,A29,=AVERAGE(C28:AG28),AVERAGE,
Daily Census IOP 2012,AH30,=SUM(C28:AG28),SUM,
Daily Census IOP 2012,AH32,=SUM(C31:AG31)/COUNT(C31:AG31),COUNT;SUM,
Daily Census IOP 2012,A33,=AVERAGE(C32:AG32),AVERAGE,
Daily Census IOP 2012,AH34,=SUM(C32:AG32),SUM,
Daily Census IOP 2012,AH36,=SUM(C35:AG35)/COUNT(C35:AG35),COUNT;SUM,
Daily Census IOP 2012,A37,=AVERAGE(C36:AG36),AVERAGE,
Daily Census IOP 2012,AH38,=SUM(C36:AG36),SUM,
Daily Census IOP 2012,AH40,=SUM(C39:AG39)/COUNT(C39:AG39),COUNT;SUM,
Daily Census IOP 2012,A41,=AVERAGE(C40:AG40),AVERAGE,
Daily Census IOP 2012,AH42,=SUM(C40:AG40),SUM,
Daily Census IOP 2012,AH44,=SUM(C43:AG43)/COUNT(C43:AG43),COUNT;SUM,
Daily Census IOP 2012,A45,=AVERAGE(C44:AG44),AVERAGE,
Daily Census IOP 2012,AH46,=SUM(C44:AG44),SUM,
Daily Census IOP 2012,AH48,=SUM(C47:AG47)/COUNT(C47:AG47),COUNT;SUM,
Daily Census IOP 2012,A49,=AVERAGE(C48:AG48),AVERAGE,
Daily Census IOP 2012,AH50,=SUM(C48:AG48),SUM,
Jan IOP 2012 Attend,AJ2,=SUM(AJ4:AJ82),SUM,
Jan IOP 2012 Attend,AJ3,=B92,,
Jan IOP 2012 Attend,D4,=SUM(A5-A4),SUM,
Jan IOP 2012 Attend,AJ4,=SUM(E4:AI4),SUM,
Jan IOP 2012 Attend,D6,=SUM(A7-A6),SUM,
Jan IOP 2012 Attend,AJ6,=SUM(E6:AI6),SUM,
Jan IOP 2012 Attend,D8,=SUM(A9-A8),SUM,
Jan IOP 2012 Attend,AJ8,=SUM(E8:AI8),SUM,
Jan IOP 2012 Attend,D10,=SUM(A11-A10),SUM,
Jan IOP 2012 Attend,AJ10,=SUM(E10:AI10),SUM,
Jan IOP 2012 Attend,D12,=SUM(A13-A12),SUM,
Jan IOP 2012 Attend,AJ12,=SUM(E12:AI12),SUM,
Jan IOP 2012 Attend,D14,=SUM(A15-A14),SUM,
Jan IOP 2012 Attend,AJ14,=SUM(E14:AI14),SUM,
Jan IOP 2012 Attend,D16,=SUM(A17-A16),SUM,
Jan IOP 2012 Attend,AJ16,=SUM(E16:AI16),SUM,
Jan IOP 2012 Attend,D18,=SUM(A19-A18),SUM,
Jan IOP 2012 Attend,AJ18,=SUM(E18:AI18),SUM,
Jan IOP 2012 Attend,D20,=SUM(A21-A20),SUM,
Jan IOP 2012 Attend,AJ20,=SUM(E20:AI20),SUM,
Jan IOP 2012 Attend,D22,=SUM(A23-A22),SUM,
Jan IOP 2012 Attend,AJ22,=SUM(E22:AI22),SUM,
Jan IOP 2012 Attend,D24,=SUM(A25-A24),SUM,
Jan IOP 2012 Attend,AJ24,=SUM(E24:AI24),SUM,
Jan IOP 2012 Attend,D26,=SUM(A27-A26),SUM,
Jan IOP 2012 Attend,AJ26,=SUM(E26:AI26),SUM,
Jan IOP 2012 Attend,D28,=SUM(A29-A28),SUM,
Jan IOP 2012 Attend,AJ28,=SUM(E28:AI28),SUM,
Jan IOP 2012 Attend,D30,=SUM(A31-A30),SUM,
Jan IOP 2012 Attend,AJ30,=SUM(E30:AI30),SUM,
Jan IOP 2012 Attend,D32,=SUM(A33-A32),SUM,
Jan IOP 2012 Attend,AJ32,=SUM(E32:AI32),SUM,
Jan IOP 2012 Attend,D34,=SUM(A35-A34),SUM,
Jan IOP 2012 Attend,AJ34,=SUM(E34:AI34),SUM,
Jan IOP 2012 Attend,D36,=SUM(A37-A36),SUM,
Jan IOP 2012 Attend,AJ36,=SUM(E36:AI36),SUM,
Jan IOP 2012 Attend,D38,=SUM(A39-A38),SUM,
Jan IOP 2012 Attend,AJ38,=SUM(E38:AI38),SUM,
Jan IOP 2012 Attend,D40,=SUM(A41-A40),SUM,
Jan IOP 2012 Attend,AJ40,=SUM(E40:AI40),SUM,
Jan IOP 2012 Attend,D42,=SUM(A43-A42),SUM,
Jan IOP 2012 Attend,AJ42,=SUM(E42:AI42),SUM,
Jan IOP 2012 Attend,D44,=SUM(A45-A44),SUM,
Jan IOP 2012 Attend,AJ44,=SUM(E44:AI44),SUM,
Jan IOP 2012 Attend,D46,=SUM(A47-A46),SUM,
Jan IOP 2012 Attend,AJ46,=SUM(E46:AI46),SUM,
Jan IOP 2012 Attend,D48,=SUM(A49-A48),SUM,
Jan IOP 2012 Attend,AJ48,=SUM(E48:AI48),SUM,
Jan IOP 2012 Attend,D50,=SUM(A51-A50),SUM,
Jan IOP 2012 Attend,AJ50,=SUM(E50:AI50),SUM,
Jan IOP 2012 Attend,D52,=SUM(A53-A52),SUM,
Jan IOP 2012 Attend,AJ52,=SUM(E52:AI52),SUM,
Jan IOP 2012 Attend,D54,=SUM(A55-A54),SUM,
Jan IOP 2012 Attend,AJ54,=SUM(E54:AI54),SUM,
Jan IOP 2012 Attend,D56,=SUM(A57-A56),SUM,
Jan IOP 2012 Attend,AJ56,=SUM(E56:AI56),SUM,
Jan IOP 2012 Attend,D58,=SUM(A59-A58),SUM,
Jan IOP 2012 Attend,AJ58,=SUM(E58:AI58),SUM,
Jan IOP 2012 Attend,D60,=SUM(A61-A60),SUM,
Jan IOP 2012 Attend,AJ60,=SUM(E60:AI60),SUM,
Jan IOP 2012 Attend,D62,=SUM(A63-A62),SUM,
Jan IOP 2012 Attend,AJ62,=SUM(E62:AI62),SUM,
Jan IOP 2012 Attend,D64,=SUM(A65-A64),SUM,
Jan IOP 2012 Attend,AJ64,=SUM(E64:AI64),SUM,
Jan IOP 2012 Attend,D66,=SUM(A67-A66),SUM,
Jan IOP 2012 Attend,AJ66,=SUM(E66:AI66),SUM,
Jan IOP 2012 Attend,D68,=SUM(A69-A68),SUM,
Jan IOP 2012 Attend,AJ68,=SUM(E68:AI68),SUM,
Jan IOP 2012 Attend,D70,=SUM(A71-A70),SUM,
Jan IOP 2012 Attend,AJ70,=SUM(E70:AI70),SUM,
Jan IOP 2012 Attend,D72,=SUM(A73-A72),SUM,
Jan IOP 2012 Attend,AJ72,=SUM(E72:AI72),SUM,
Jan IOP 2012 Attend,D74,=SUM(A75-A74),SUM,
Jan IOP 2012 Attend,AJ74,=SUM(E74:AI74),SUM,
Jan IOP 2012 Attend,D76,=SUM(A77-A76),SUM,
Jan IOP 2012 Attend,AJ76,=SUM(E76:AI76),SUM,
Jan IOP 2012 Attend,D78,=SUM(A79-A78),SUM,
Jan IOP 2012 Attend,AJ78,=SUM(E78:AI78),SUM,
Jan IOP 2012 Attend,D80,=SUM(A81-A80),SUM,
Jan IOP 2012 Attend,AJ80,=SUM(E80:AI80),SUM,
Jan IOP 2012 Attend,D82,=SUM(A83-A82),SUM,
Jan IOP 2012 Attend,AJ82,=SUM(E82:AI82),SUM,
Jan IOP 2012 Attend,F84,=SUM(F4:F82),SUM,
Jan IOP 2012 Attend,M84,=SUM(M4:M82),SUM,
Jan IOP 2012 Attend,T84,=SUM(T4:T82),SUM,
Jan IOP 2012 Attend,AA84,=SUM(AA4:AA82),SUM,
Jan IOP 2012 Attend,AH84,=SUM(AH4:AH82),SUM,
Jan IOP 2012 Attend,AJ84,=SUM(E84:AI84),SUM,
Jan IOP 2012 Attend,K85,=SUM(F84:J84),SUM,
Jan IOP 2012 Attend,R85,=SUM(M84:Q84),SUM,
Jan IOP 2012 Attend,Y85,=SUM(T84:X84),SUM,
Jan IOP 2012 Attend,AF85,=SUM(AA84:AE84),SUM,
Jan IOP 2012 Attend,AH85,=SUM(AH4:AI55),SUM,
Jan IOP 2012 Attend,B86,='Staffing January'!K1,,Staffing January
Jan IOP 2012 Attend,B89,=AJ2,,
Jan IOP 2012 Attend,C89,='Daily Census IP 2012'!A2,,Daily Census IP 2012
Jan IOP 2012 Attend,B92,=SUM(AJ2*C92),SUM,
Jan IOP 2012 Attend,C92,='Daily Census IP 2012'!A51,,Daily Census IP 2012
Feb IOP 2012 Attend,A1,='Jan IOP 2012 Attend'!A1:AJ1,,Jan IOP 2012 Attend
Feb IOP 2012 Attend,AI2,=SUM(AI4:AI83),SUM,
Feb IOP 2012 Attend,AI3,=B92,,
Feb IOP 2012 Attend,D4,=SUM(A5-A4),SUM,
Feb IOP 2012 Attend,E4,=SUM(A5-A4),SUM,
Feb IOP 2012 Attend,AI4,=SUM(F4:AH4),SUM,
Feb IOP 2012 Attend,D6,=SUM(A7-A6),SUM,
Feb IOP 2012 Attend,E6,=SUM(A7-A6),SUM,
Feb IOP 2012 Attend,AI6,=SUM(F6:AH6),SUM,
Feb IOP 2012 Attend,D8,=SUM(A9-A8),SUM,
Feb IOP 2012 Attend,E8,=SUM(A9-A8),SUM,
Feb IOP 2012 Attend,AI8,=SUM(F8:AH8),SUM,
Feb IOP 2012 Attend,D10,=SUM(A11-A10),SUM,
Feb IOP 2012 Attend,E10,=SUM(A11-A10),SUM,
Feb IOP 2012 Attend,AI10,=SUM(F10:AH10),SUM,
Feb IOP 2012 Attend,D12,=SUM(A13-A12),SUM,
Feb IOP 2012 Attend,E12,=SUM(A13-A12),SUM,
Feb IOP 2012 Attend,AI12,=SUM(F12:AH12),SUM,
Feb IOP 2012 Attend,D14,=SUM(A15-A14),SUM,
Feb IOP 2012 Attend,E14,=SUM(A15-A14),SUM,
Feb IOP 2012 Attend,AI14,=SUM(F14:AH14),SUM,
Feb IOP 2012 Attend,D16,=SUM(A17-A16),SUM,
Feb IOP 2012 Attend,E16,=SUM(A17-A16),SUM,
Feb IOP 2012 Attend,AI16,=SUM(F16:AH16),SUM,
Feb IOP 2012 Attend,D18,=SUM(A19-A18),SUM,
Feb IOP 2012 Attend,E18,=SUM(A19-A18),SUM,
Feb IOP 2012 Attend,AI18,=SUM(F18:AH18),SUM,
Feb IOP 2012 Attend,D20,=SUM(A21-A20),SUM,
Feb IOP 2012 Attend,E20,=SUM(A21-A20),SUM,
Feb IOP 2012 Attend,AI20,=SUM(F20:AH20),SUM,
Feb IOP 2012 Attend,D22,=SUM(A23-A22),SUM,
Feb IOP 2012 Attend,E22,=SUM(A23-A22),SUM,
Feb IOP 2012 Attend,AI22,=SUM(F22:AH22),SUM,
Feb IOP 2012 Attend,D24,=SUM(A25-A24),SUM,
Feb IOP 2012 Attend,E24,=SUM(A25-A24),SUM,
Feb IOP 2012 Attend,AI24,=SUM(F24:AH24),SUM,
Feb IOP 2012 Attend,D26,=SUM(A27-A26),SUM,
Feb IOP 2012 Attend,E26,=SUM(A27-A26),SUM,
Feb IOP 2012 Attend,AI26,=SUM(F26:AH26),SUM,
Feb IOP 2012 Attend,D28,=SUM(A29-A28),SUM,
Feb IOP 2012 Attend,E28,=SUM(A29-A28),SUM,
Feb IOP 2012 Attend,AI28,=SUM(F28:AH28),SUM,
Feb IOP 2012 Attend,D30,=SUM(A31-A30),SUM,
Feb IOP 2012 Attend,E30,=SUM(A31-A30),SUM,
Feb IOP 2012 Attend,AI30,=SUM(F30:AH30),SUM,
Feb IOP 2012 Attend,D32,=SUM(A33-A32),SUM,
Feb IOP 2012 Attend,E32,=SUM(A33-A32),SUM,
Feb IOP 2012 Attend,AI32,=SUM(F32:AH32),SUM,
Feb IOP 2012 Attend,D34,=SUM(A35-A34),SUM,
Feb IOP 2012 Attend,E34,=SUM(A35-A34),SUM,
Feb IOP 2012 Attend,AI34,=SUM(F34:AH34),SUM,
Feb IOP 2012 Attend,D36,=SUM(A37-A36),SUM,
Feb IOP 2012 Attend,E36,=SUM(A37-A36),SUM,
Feb IOP 2012 Attend,AI36,=SUM(F36:AH36),SUM,
Feb IOP 2012 Attend,D38,=SUM(A39-A38),SUM,
Feb IOP 2012 Attend,E38,=SUM(A39-A38),SUM,
Feb IOP 2012 Attend,AI38,=SUM(F38:AH38),SUM,
Feb IOP 2012 Attend,D40,=SUM(A41-A40),SUM,
Feb IOP 2012 Attend,E40,=SUM(A41-A40),SUM,
Feb IOP 2012 Attend,AI40,=SUM(F40:AH40),SUM,
Feb IOP 2012 Attend,D42,=SUM(A43-A42),SUM,
Feb IOP 2012 Attend,E42,=SUM(A43-A42),SUM,
Feb IOP 2012 Attend,AI42,=SUM(F42:AH42),SUM,
Feb IOP 2012 Attend,D44,=SUM(A45-A44),SUM,
Feb IOP 2012 Attend,E44,=SUM(A45-A44),SUM,
Feb IOP 2012 Attend,AI44,=SUM(F44:AH44),SUM,
Feb IOP 2012 Attend,D46,=SUM(A47-A46),SUM,
Feb IOP 2012 Attend,E46,=SUM(A47-A46),SUM,
Feb IOP 2012 Attend,AI46,=SUM(F46:AH46),SUM,
Feb IOP 2012 Attend,D48,=SUM(A49-A48),SUM,
Feb IOP 2012 Attend,E48,=SUM(A49-A48),SUM,
Feb IOP 2012 Attend,AI48,=SUM(F48:AH48),SUM,
Feb IOP 2012 Attend,D50,=SUM(A51-A50),SUM,
Feb IOP 2012 Attend,E50,=SUM(A51-A50),SUM,
Feb IOP 2012 Attend,AI50,=SUM(F50:AH50),SUM,
Feb IOP 2012 Attend,D52,=SUM(A53-A52),SUM,
Feb IOP 2012 Attend,E52,=SUM(A53-A52),SUM,
Feb IOP 2012 Attend,AI52,=SUM(F52:AH52),SUM,
Feb IOP 2012 Attend,D54,=SUM(A55-A54),SUM,
Feb IOP 2012 Attend,E54,=SUM(A55-A54),SUM,
Feb IOP 2012 Attend,AI54,=SUM(F54:AH54),SUM,
Feb IOP 2012 Attend,D56,=SUM(A57-A56),SUM,
Feb IOP 2012 Attend,E56,=SUM(A57-A56),SUM,
Feb IOP 2012 Attend,AI56,=SUM(F56:AH56),SUM,
Feb IOP 2012 Attend,D58,=SUM(A59-A58),SUM,
Feb IOP 2012 Attend,E58,=SUM(A59-A58),SUM,
Feb IOP 2012 Attend,AI58,=SUM(F58:AH58),SUM,
Feb IOP 2012 Attend,D60,=SUM(A61-A60),SUM,
Feb IOP 2012 Attend,E60,=SUM(A61-A60),SUM,
Feb IOP 2012 Attend,AI60,=SUM(F60:AH60),SUM,
Feb IOP 2012 Attend,D62,=SUM(A63-A62),SUM,
Feb IOP 2012 Attend,E62,=SUM(A63-A62),SUM,
Feb IOP 2012 Attend,AI62,=SUM(F62:AH62),SUM,
Feb IOP 2012 Attend,D64,=SUM(A65-A64),SUM,
Feb IOP 2012 Attend,E64,=SUM(A65-A64),SUM,
Feb IOP 2012 Attend,AI64,=SUM(F64:AH64),SUM,
Feb IOP 2012 Attend,D66,=SUM(A67-A66),SUM,
Feb IOP 2012 Attend,E66,=SUM(A67-A66),SUM,
Feb IOP 2012 Attend,AI66,=SUM(F66:AH66),SUM,
Feb IOP 2012 Attend,E68,=SUM(A69-A68),SUM,
Feb IOP 2012 Attend,AI68,=SUM(F68:AH68),SUM,
Feb IOP 2012 Attend,E70,=SUM(A71-A70),SUM,
Feb IOP 2012 Attend,AI70,=SUM(F70:AH70),SUM,
Feb IOP 2012 Attend,E72,=SUM(A73-A72),SUM,
Feb IOP 2012 Attend,AI72,=SUM(F72:AH72),SUM,
Feb IOP 2012 Attend,E74,=SUM(A75-A74),SUM,
Feb IOP 2012 Attend,AI74,=SUM(F74:AH74),SUM,
Feb IOP 2012 Attend,E76,=SUM(A77-A76),SUM,
Feb IOP 2012 Attend,AI76,=SUM(F76:AH76),SUM,
Feb IOP 2012 Attend,E78,=SUM(A79-A78),SUM,
Feb IOP 2012 Attend,AI78,=SUM(F78:AH78),SUM,
Feb IOP 2012 Attend,E80,=SUM(A81-A80),SUM,
Feb IOP 2012 Attend,AI80,=SUM(F80:AH80),SUM,
Feb IOP 2012 Attend,E82,=SUM(A83-A82),SUM,
Feb IOP 2012 Attend,AI82,=SUM(F82:AH82),SUM,
Feb IOP 2012 Attend,F84,=SUM(F4:F83),SUM,
Feb IOP 2012 Attend,K84,=SUM(K4:K83),SUM,
Feb IOP 2012 Attend,R84,=SUM(R4:R83),SUM,
Feb IOP 2012 Attend,Y84,=SUM(Y4:Y83),SUM,
Feb IOP 2012 Attend,AF84,=SUM(AF4:AF83),SUM,
Feb IOP 2012 Attend,AI84,=SUM(F84:AH84),SUM,
Feb IOP 2012 Attend,I85,=SUM(F84:H84),SUM,
Feb IOP 2012 Attend,P85,=SUM(K84:O84),SUM,
Feb IOP 2012 Attend,W85,=SUM(R84:V84),SUM,
Feb IOP 2012 Attend,AD85,=SUM(Y84:AC84),SUM,
Feb IOP 2012 Attend,AH85,=SUM(AF84:AH84),SUM,
Feb IOP 2012 Attend,B86,='Staffing February'!K1,,Staffing February
Feb IOP 2012 Attend,B89,=AI2,,
Feb IOP 2012 Attend,C89,='Daily Census IP 2012'!A2,,Daily Census IP 2012
Feb IOP 2012 Attend,B92,=SUM(AI2*C92),SUM,
Feb IOP 2012 Attend,C92,='Daily Census IP 2012'!A51,,Daily Census IP 2012
Mar IOP Attend,A1,='Jan IOP 2012 Attend'!A1:AJ1,,Jan IOP 2012 Attend
Mar IOP Attend,AK2,=SUM(AK4:AK82),SUM,
Mar IOP Attend,AK3,=B92,,
Mar IOP Attend,D4,=SUM(A5-A4),SUM,
Mar IOP Attend,AK4,=SUM(E4:AI4),SUM,
Mar IOP Attend,D6,=SUM(A7-A6),SUM,
Mar IOP Attend,AK6,=SUM(E6:AI6),SUM,
Mar IOP Attend,D8,=SUM(A9-A8),SUM,
Mar IOP Attend,AK8,=SUM(E8:AI8),SUM,
Mar IOP Attend,D10,=SUM(A11-A10),SUM,
Mar IOP Attend,AK10,=SUM(E10:AI10),SUM,
Mar IOP Attend,D12,=SUM(A13-A12),SUM,
Mar IOP Attend,AK12,=SUM(E12:AI12),SUM,
Mar IOP Attend,D14,=SUM(A15-A14),SUM,
Mar IOP Attend,AK14,=SUM(E14:AI14),SUM,
Mar IOP Attend,D16,=SUM(A17-A16),SUM,
Mar IOP Attend,AK16,=SUM(E16:AI16),SUM,
Mar IOP Attend,D18,=SUM(A19-A18),SUM,
Mar IOP Attend,AK18,=SUM(E18:AI18),SUM,
Mar IOP Attend,D20,=SUM(A21-A20),SUM,
Mar IOP Attend,AK20,=SUM(E20:AI20),SUM,
Mar IOP Attend,D22,=SUM(A23-A22),SUM,
Mar IOP Attend,AK22,=SUM(E22:AI22),SUM,
Mar IOP Attend,D24,=SUM(A25-A24),SUM,
Mar IOP Attend,AK24,=SUM(E24:AI24),SUM,
Mar IOP Attend,D26,=SUM(A27-A26),SUM,
Mar IOP Attend,AK26,=SUM(E26:AI26),SUM,
Mar IOP Attend,D28,=SUM(A29-A28),SUM,
Mar IOP Attend,AK28,=SUM(E28:AI28),SUM,
Mar IOP Attend,D30,=SUM(A31-A30),SUM,
Mar IOP Attend,AK30,=SUM(E30:AI30),SUM,
Mar IOP Attend,D32,=SUM(A33-A32),SUM,
Mar IOP Attend,AK32,=SUM(E32:AI32),SUM,
Mar IOP Attend,D34,=SUM(A35-A34),SUM,
Mar IOP Attend,AK34,=SUM(E34:AI34),SUM,
Mar IOP Attend,D36,=SUM(A37-A36),SUM,
Mar IOP Attend,AK36,=SUM(E36:AI36),SUM,
Mar IOP Attend,D38,=SUM(A39-A38),SUM,
Mar IOP Attend,AK38,=SUM(E38:AI38),SUM,
Mar IOP Attend,D40,=SUM(A41-A40),SUM,
Mar IOP Attend,AK40,=SUM(E40:AI40),SUM,
Mar IOP Attend,D42,=SUM(A43-A42),SUM,
Mar IOP Attend,AK42,=SUM(E42:AI42),SUM,
Mar IOP Attend,D44,=SUM(A45-A44),SUM,
Mar IOP Attend,AK44,=SUM(E44:AI44),SUM,
Mar IOP Attend,D46,=SUM(A47-A46),SUM,
Mar IOP Attend,AK46,=SUM(E46:AI46),SUM,
Mar IOP Attend,D48,=SUM(A49-A48),SUM,
Mar IOP Attend,AK48,=SUM(E48:AI48),SUM,
Mar IOP Attend,D50,=SUM(A51-A50),SUM,
Mar IOP Attend,AK50,=SUM(E50:AI50),SUM,
Mar IOP Attend,D52,=SUM(A53-A52),SUM,
Mar IOP Attend,AK52,=SUM(E52:AI52),SUM,
Mar IOP Attend,D54,=SUM(A55-A54),SUM,
Mar IOP Attend,AK54,=SUM(E54:AI54),SUM,
Mar IOP Attend,D56,=SUM(A57-A56),SUM,
Mar IOP Attend,AK56,=SUM(E56:AI56),SUM,
Mar IOP Attend,D58,=SUM(A59-A58),SUM,
Mar IOP Attend,AK58,=SUM(E58:AI58),SUM,
Mar IOP Attend,D60,=SUM(A61-A60),SUM,
Mar IOP Attend,AK60,=SUM(E60:AI60),SUM,
Mar IOP Attend,D62,=SUM(A63-A62),SUM,
Mar IOP Attend,AK62,=SUM(E62:AI62),SUM,
Mar IOP Attend,D64,=SUM(A65-A64),SUM,
Mar IOP Attend,AK64,=SUM(E64:AI64),SUM,
Mar IOP Attend,D66,=SUM(A67-A66),SUM,
Mar IOP Attend,AK66,=SUM(E66:AI66),SUM,
Mar IOP Attend,D68,=SUM(A69-A68),SUM,
Mar IOP Attend,AK68,=SUM(E68:AI68),SUM,
Mar IOP Attend,D70,=SUM(A71-A70),SUM,
Mar IOP Attend,AK70,=SUM(E70:AI70),SUM,
Mar IOP Attend,D72,=SUM(A73-A72),SUM,
Mar IOP Attend,AK72,=SUM(E72:AI72),SUM,
Mar IOP Attend,D74,=SUM(A75-A74),SUM,
Mar IOP Attend,AK74,=SUM(E74:AI74),SUM,
Mar IOP Attend,D76,=SUM(A77-A76),SUM,
Mar IOP Attend,AK76,=SUM(E76:AI76),SUM,
Mar IOP Attend,D78,=SUM(A79-A78),SUM,
Mar IOP Attend,AK78,=SUM(E78:AI78),SUM,
Mar IOP Attend,D80,=SUM(A81-A80),SUM,
Mar IOP Attend,AK80,=SUM(E80:AI80),SUM,
Mar IOP Attend,D82,=SUM(A83-A82),SUM,
Mar IOP Attend,AK82,=SUM(E82:AI82),SUM,
Mar IOP Attend,E84,=SUM(E4:E82),SUM,
Mar IOP Attend,I84,=SUM(I4:I82),SUM,
Mar IOP Attend,P84,=SUM(P4:P82),SUM,
Mar IOP Attend,W84,=SUM(W4:W82),SUM,
Mar IOP Attend,AD84,=SUM(AD4:AD82),SUM,
Mar IOP Attend,AJ84,=SUM(AJ4:AJ63),SUM,
Mar IOP Attend,AK84,=SUM(AK4:AK82),SUM,
Mar IOP Attend,G85,=SUM(E84:F84),SUM,
Mar IOP Attend,N85,=SUM(I84:M84),SUM,
Mar IOP Attend,U85,=SUM(P84:T84),SUM,
Mar IOP Attend,AB85,=SUM(W84:AA84),SUM,
Mar IOP Attend,AI85,=SUM(AD84:AH84),SUM,
Mar IOP Attend,AK85,=SUM(G85:AI85),SUM,
Mar IOP Attend,B86,='Staffing March'!K1,,Staffing March
Mar IOP Attend,AK86,=SUM(E86:AI86),SUM,
Mar IOP Attend,B89,=AK2,,
Mar IOP Attend,C89,='Daily Census IP 2012'!A2,,Daily Census IP 2012
Mar IOP Attend,B92,=SUM(AK2*C92),SUM,
Mar IOP Attend,C92,='Daily Census IP 2012'!A51,,Daily Census IP 2012
Apr IOP Attend,A1,='Jan IOP 2012 Attend'!A1:AJ1,,Jan IOP 2012 Attend
Apr IOP Attend,AJ2,=SUM(AJ4:AJ98),SUM,
Apr IOP Attend,AJ3,=B108,,
Apr IOP Attend,D4,=SUM(A5-A4),SUM,
Apr IOP Attend,AJ4,=SUM(F4:AH4),SUM,
Apr IOP Attend,D6,=SUM(A7-A6),SUM,
Apr IOP Attend,AJ6,=SUM(F6:AH6),SUM,
Apr IOP Attend,D8,=SUM(A9-A8),SUM,
Apr IOP Attend,AJ8,=SUM(F8:AH8),SUM,
Apr IOP Attend,D10,=SUM(A11-A10),SUM,
Apr IOP Attend,AJ10,=SUM(F10:AH10),SUM,
Apr IOP Attend,D12,=SUM(A13-A12),SUM,
Apr IOP Attend,AJ12,=SUM(F12:AH12),SUM,
Apr IOP Attend,D14,=SUM(A15-A14),SUM,
Apr IOP Attend,AJ14,=SUM(F14:AH14),SUM,
Apr IOP Attend,D16,=SUM(A17-A16),SUM,
Apr IOP Attend,AJ16,=SUM(F16:AH16),SUM,
Apr IOP Attend,D18,=SUM(A19-A18),SUM,
Apr IOP Attend,AJ18,=SUM(F18:AH18),SUM,
Apr IOP Attend,D20,=SUM(A21-A20),SUM,
Apr IOP Attend,AJ20,=SUM(F20:AH20),SUM,
Apr IOP Attend,D22,=SUM(A23-A22),SUM,
Apr IOP Attend,AJ22,=SUM(F22:AH22),SUM,
Apr IOP Attend,D24,=SUM(A25-A24),SUM,
Apr IOP Attend,AJ24,=SUM(F24:AH24),SUM,
Apr IOP Attend,D26,=SUM(A27-A26),SUM,
Apr IOP Attend,AJ26,=SUM(F26:AH26),SUM,
Apr IOP Attend,D28,=SUM(A29-A28),SUM,
Apr IOP Attend,AJ28,=SUM(F28:AH28),SUM,
Apr IOP Attend,D30,=SUM(A31-A30),SUM,
Apr IOP Attend,AJ30,=SUM(F30:AH30),SUM,
Apr IOP Attend,D32,=SUM(A33-A32),SUM,
Apr IOP Attend,AJ32,=SUM(F32:AH32),SUM,
Apr IOP Attend,D34,=SUM(A35-A34),SUM,
Apr IOP Attend,AJ34,=SUM(F34:AH34),SUM,
Apr IOP Attend,D36,=SUM(A37-A36),SUM,
Apr IOP Attend,AJ36,=SUM(F36:AH36),SUM,
Apr IOP Attend,D38,=SUM(A39-A38),SUM,
Apr IOP Attend,AJ38,=SUM(F38:AH38),SUM,
Apr IOP Attend,D40,=SUM(A41-A40),SUM,
Apr IOP Attend,AJ40,=SUM(F40:AH40),SUM,
Apr IOP Attend,D42,=SUM(A43-A42),SUM,
Apr IOP Attend,AJ42,=SUM(F42:AH42),SUM,
Apr IOP Attend,D44,=SUM(A45-A44),SUM,
Apr IOP Attend,AJ44,=SUM(F44:AH44),SUM,
Apr IOP Attend,D46,=SUM(A47-A46),SUM,
Apr IOP Attend,AJ46,=SUM(F46:AH46),SUM,
Apr IOP Attend,D48,=SUM(A49-A48),SUM,
Apr IOP Attend,AJ48,=SUM(F48:AH48),SUM,
Apr IOP Attend,D50,=SUM(A51-A50),SUM,
Apr IOP Attend,AJ50,=SUM(F50:AH50),SUM,
Apr IOP Attend,D52,=SUM(A53-A52),SUM,
Apr IOP Attend,AJ52,=SUM(F52:AH52),SUM,
Apr IOP Attend,D54,=SUM(A55-A54),SUM,
Apr IOP Attend,AJ54,=SUM(F54:AH54),SUM,
Apr IOP Attend,D56,=SUM(A57-A56),SUM,
Apr IOP Attend,AJ56,=SUM(F56:AH56),SUM,
Apr IOP Attend,D58,=SUM(A59-A58),SUM,
Apr IOP Attend,AJ58,=SUM(F58:AH58),SUM,
Apr IOP Attend,D60,=SUM(A61-A60),SUM,
Apr IOP Attend,AJ60,=SUM(F60:AH60),SUM,
Apr IOP Attend,D62,=SUM(A63-A62),SUM,
Apr IOP Attend,AJ62,=SUM(F62:AH62),SUM,
Apr IOP Attend,D64,=SUM(A65-A64),SUM,
Apr IOP Attend,AJ64,=SUM(F64:AH64),SUM,
Apr IOP Attend,D66,=SUM(A67-A66),SUM,
Apr IOP Attend,AJ66,=SUM(F66:AH66),SUM,
Apr IOP Attend,D68,=SUM(A69-A68),SUM,
Apr IOP Attend,AJ68,=SUM(F68:AH68),SUM,
Apr IOP Attend,D70,=SUM(A71-A70),SUM,
Apr IOP Attend,AJ70,=SUM(F70:AH70),SUM,
Apr IOP Attend,D72,=SUM(A73-A72),SUM,
Apr IOP Attend,AJ72,=SUM(F72:AH72),SUM,
Apr IOP Attend,D74,=SUM(A75-A74),SUM,
Apr IOP Attend,AJ74,=SUM(F74:AH74),SUM,
Apr IOP Attend,D76,=SUM(A77-A76),SUM,
Apr IOP Attend,AJ76,=SUM(F76:AH76),SUM,
Apr IOP Attend,D78,=SUM(A79-A78),SUM,
Apr IOP Attend,AJ78,=SUM(F78:AH78),SUM,
Apr IOP Attend,D80,=SUM(A81-A80),SUM,
Apr IOP Attend,AJ80,=SUM(F80:AH80),SUM,
Apr IOP Attend,D82,=SUM(A83-A82),SUM,
Apr IOP Attend,AJ82,=SUM(F82:AH82),SUM,
Apr IOP Attend,D84,=SUM(A85-A84),SUM,
Apr IOP Attend,AJ84,=SUM(F84:AH84),SUM,
Apr IOP Attend,D86,=SUM(A87-A86),SUM,
Apr IOP Attend,AJ86,=SUM(F86:AH86),SUM,
Apr IOP Attend,D88,=SUM(A89-A88),SUM,
Apr IOP Attend,AJ88,=SUM(F88:AH88),SUM,
Apr IOP Attend,D90,=SUM(A91-A90),SUM,
Apr IOP Attend,AJ90,=SUM(F90:AH90),SUM,
Apr IOP Attend,D92,=SUM(A93-A92),SUM,
Apr IOP Attend,AJ92,=SUM(F92:AH92),SUM,
Apr IOP Attend,D94,=SUM(A95-A94),SUM,
Apr IOP Attend,AJ94,=SUM(F94:AH94),SUM,
Apr IOP Attend,D96,=SUM(A97-A96),SUM,
Apr IOP Attend,AJ96,=SUM(F96:AH96),SUM,
Apr IOP Attend,D98,=SUM(A99-A98),SUM,
Apr IOP Attend,AJ98,=SUM(F98:AH98),SUM,
Apr IOP Attend,F100,=SUM(F4:F98),SUM,
Apr IOP Attend,M100,=SUM(M4:M98),SUM,
Apr IOP Attend,T100,=SUM(T4:T98),SUM,
Apr IOP Attend,AA100,=SUM(AA4:AA98),SUM,
Apr IOP Attend,AH100,=SUM(AH4:AH98),SUM,
Apr IOP Attend,AJ100,=SUM(E100:AH100),SUM,
Apr IOP Attend,K101,=SUM(F100:J100),SUM,
Apr IOP Attend,R101,=SUM(M100:Q100),SUM,
Apr IOP Attend,Y101,=SUM(T100:X100),SUM,
Apr IOP Attend,AF101,=SUM(AA100:AE100),SUM,
Apr IOP Attend,AH101,=SUM(AH100),SUM,
Apr IOP Attend,B102,='Staffing April'!K1,,Staffing April
Apr IOP Attend,AJ102,=SUM(E102:AG102),SUM,
Apr IOP Attend,B105,=AJ2,,
Apr IOP Attend,C105,='Daily Census IP 2012'!A2,,Daily Census IP 2012
Apr IOP Attend,B108,=SUM(AJ2*C108),SUM,
Apr IOP Attend,C108,='Daily Census IP 2012'!A51,,Daily Census IP 2012
May IOP Attend,A1,='Jan IOP 2012 Attend'!A1:AJ1,,Jan IOP 2012 Attend
May IOP Attend,AJ2,=SUM(AJ4:AJ116),SUM,
May IOP Attend,AJ3,=B126,,
May IOP Attend,D4,=SUM(A5-A4),SUM,
May IOP Attend,AJ4,=SUM(E4:AI4),SUM,
May IOP Attend,D6,=SUM(A7-A6),SUM,
May IOP Attend,AJ6,=SUM(E6:AI6),SUM,
May IOP Attend,D8,=SUM(A9-A8),SUM,
May IOP Attend,AJ8,=SUM(E8:AI8),SUM,
May IOP Attend,D10,=SUM(A11-A10),SUM,
May IOP Attend,AJ10,=SUM(E10:AI10),SUM,
May IOP Attend,D12,=SUM(A13-A12),SUM,
May IOP Attend,AJ12,=SUM(E12:AI12),SUM,
May IOP Attend,D14,=SUM(A15-A14),SUM,
May IOP Attend,AJ14,=SUM(E14:AI14),SUM,
May IOP Attend,D16,=SUM(A17-A16),SUM,
May IOP Attend,AJ16,=SUM(E16:AI16),SUM,
May IOP Attend,D18,=SUM(A19-A18),SUM,
May IOP Attend,AJ18,=SUM(E18:AI18),SUM,
May IOP Attend,D20,=SUM(A21-A20),SUM,
May IOP Attend,AJ20,=SUM(E20:AI20),SUM,
May IOP Attend,D22,=SUM(A23-A22),SUM,
May IOP Attend,AJ22,=SUM(E22:AI22),SUM,
May IOP Attend,D24,=SUM(A25-A24),SUM,
May IOP Attend,AJ24,=SUM(E24:AI24),SUM,
May IOP Attend,D26,=SUM(A27-A26),SUM,
May IOP Attend,AJ26,=SUM(E26:AI26),SUM,
May IOP Attend,D28,=SUM(A29-A28),SUM,
May IOP Attend,AJ28,=SUM(E28:AI28),SUM,
May IOP Attend,D30,=SUM(A31-A30),SUM,
May IOP Attend,AJ30,=SUM(E30:AI30),SUM,
May IOP Attend,D32,=SUM(A33-A32),SUM,
May IOP Attend,AJ32,=SUM(E32:AI32),SUM,
May IOP Attend,D34,=SUM(A35-A34),SUM,
May IOP Attend,AJ34,=SUM(E34:AI34),SUM,
May IOP Attend,D36,=SUM(A37-A36),SUM,
May IOP Attend,AJ36,=SUM(E36:AI36),SUM,
May IOP Attend,D38,=SUM(A39-A38),SUM,
May IOP Attend,AJ38,=SUM(E38:AI38),SUM,
May IOP Attend,D40,=SUM(A41-A40),SUM,
May IOP Attend,AJ40,=SUM(E40:AI40),SUM,
May IOP Attend,D42,=SUM(A43-A42),SUM,
May IOP Attend,AJ42,=SUM(E42:AI42),SUM,
May IOP Attend,D44,=SUM(A45-A44),SUM,
May IOP Attend,AJ44,=SUM(E44:AI44),SUM,
May IOP Attend,D46,=SUM(A47-A46),SUM,
May IOP Attend,AJ46,=SUM(E46:AI46),SUM,
May IOP Attend,D48,=SUM(A49-A48),SUM,
May IOP Attend,AJ48,=SUM(E48:AI48),SUM,
May IOP Attend,D50,=SUM(A51-A50),SUM,
May IOP Attend,AJ50,=SUM(E50:AI50),SUM,
May IOP Attend,D52,=SUM(A53-A52),SUM,
May IOP Attend,AJ52,=SUM(E52:AI52),SUM,
May IOP Attend,D54,=SUM(A55-A54),SUM,
May IOP Attend,AJ54,=SUM(E54:AI54),SUM,
May IOP Attend,D56,=SUM(A57-A56),SUM,
May IOP Attend,AJ56,=SUM(E56:AI56),SUM,
May IOP Attend,D58,=SUM(A59-A58),SUM,
May IOP Attend,AJ58,=SUM(E58:AI58),SUM,
May IOP Attend,D60,=SUM(A61-A60),SUM,
May IOP Attend,AJ60,=SUM(E60:AI60),SUM,
May IOP Attend,D62,=SUM(A63-A62),SUM,
May IOP Attend,AJ62,=SUM(E62:AI62),SUM,
May IOP Attend,D64,=SUM(A65-A64),SUM,
May IOP Attend,AJ64,=SUM(E64:AI64),SUM,
May IOP Attend,D66,=SUM(A67-A66),SUM,
May IOP Attend,AJ66,=SUM(E66:AI66),SUM,
May IOP Attend,D68,=SUM(A69-A68),SUM,
May IOP Attend,AJ68,=SUM(E68:AI68),SUM,
May IOP Attend,D70,=SUM(A71-A70),SUM,
May IOP Attend,AJ70,=SUM(E70:AI70),SUM,
May IOP Attend,D72,=SUM(A73-A72),SUM,
May IOP Attend,AJ72,=SUM(E72:AI72),SUM,
May IOP Attend,D74,=SUM(A75-A74),SUM,
May IOP Attend,AJ74,=SUM(E74:AI74),SUM,
May IOP Attend,D76,=SUM(A77-A76),SUM,
May IOP Attend,AJ76,=SUM(E76:AI76),SUM,
May IOP Attend,D78,=SUM(A79-A78),SUM,
May IOP Attend,AJ78,=SUM(E78:AI78),SUM,
May IOP Attend,D80,=SUM(A81-A80),SUM,
May IOP Attend,AJ80,=SUM(E80:AI80),SUM,
May IOP Attend,D82,=SUM(A83-A82),SUM,
May IOP Attend,AJ82,=SUM(E82:AI82),SUM,
May IOP Attend,D84,=SUM(A85-A84),SUM,
May IOP Attend,AJ84,=SUM(E84:AI84),SUM,
May IOP Attend,D86,=SUM(A87-A86),SUM,
May IOP Attend,AJ86,=SUM(E86:AI86),SUM,
May IOP Attend,D88,=SUM(A89-A88),SUM,
May IOP Attend,AJ88,=SUM(E88:AI88),SUM,
May IOP Attend,D90,=SUM(A91-A90),SUM,
May IOP Attend,AJ90,=SUM(E90:AI90),SUM,
May IOP Attend,D92,=SUM(A93-A92),SUM,
May IOP Attend,AJ92,=SUM(E92:AI92),SUM,
May IOP Attend,D94,=SUM(A95-A94),SUM,
May IOP Attend,AJ94,=SUM(E94:AI94),SUM,
May IOP Attend,D96,=SUM(A97-A96),SUM,
May IOP Attend,AJ96,=SUM(E96:AI96),SUM,
May IOP Attend,D98,=SUM(A99-A98),SUM,
May IOP Attend,AJ98,=SUM(E98:AI98),SUM,
May IOP Attend,D100,=SUM(A101-A100),SUM,
May IOP Attend,AJ100,=SUM(E100:AI100),SUM,
May IOP Attend,D102,=SUM(A103-A102),SUM,
May IOP Attend,AJ102,=SUM(E102:AI102),SUM,
May IOP Attend,D104,=SUM(A105-A104),SUM,
May IOP Attend,AJ104,=SUM(E104:AI104),SUM,
May IOP Attend,D106,=SUM(A107-A106),SUM,
May IOP Attend,AJ106,=SUM(E106:AI106),SUM,
May IOP Attend,D108,=SUM(A109-A108),SUM,
May IOP Attend,AJ108,=SUM(E108:AI108),SUM,
May IOP Attend,D110,=SUM(A111-A110),SUM,
May IOP Attend,AJ110,=SUM(E110:AI110),SUM,
May IOP Attend,D112,=SUM(A113-A112),SUM,
May IOP Attend,AJ112,=SUM(E112:AI112),SUM,
May IOP Attend,D114,=SUM(A115-A114),SUM,
May IOP Attend,AJ114,=SUM(E114:AI114),SUM,
May IOP Attend,D116,=SUM(A117-A116),SUM,
May IOP Attend,AJ116,=SUM(E116:AI116),SUM,
May IOP Attend,E118,=SUM(E4:E116),SUM,
May IOP Attend,F118,=SUM(F4:F73),SUM,
May IOP Attend,H118,=SUM(H4:H116),SUM,
May IOP Attend,K118,=SUM(K4:K116),SUM,
May IOP Attend,R118,=SUM(R4:R116),SUM,
May IOP Attend,Y118,=SUM(Y4:Y116),SUM,
May IOP Attend,AF118,=SUM(AF4:AF116),SUM,
May IOP Attend,AJ118,=SUM(E118:AI118),SUM,
May IOP Attend,I119,=SUM(E118:H118),SUM,
May IOP Attend,P119,=SUM(K118:O118),SUM,
May IOP Attend,W119,=SUM(R118:V118),SUM,
May IOP Attend,AD119,=SUM(Y118:AC118),SUM,
May IOP Attend,AI119,=SUM(AF118:AI118),SUM,
May IOP Attend,AJ119,=SUM(G119:AI119),SUM,
May IOP Attend,B120,='Staffing May'!K1,,Staffing May
May IOP Attend,AJ120,=SUM(F120:AI120),SUM,
May IOP Attend,B123,=AJ2,,
May IOP Attend,C123,='Daily Census IP 2012'!A2,,Daily Census IP 2012
May IOP Attend,B126,=SUM(AJ2*C126),SUM,
May IOP Attend,C126,='Daily Census IP 2012'!A51,,Daily Census IP 2012
June IOP Attend,A1,='Jan IOP 2012 Attend'!A1:AJ1,,Jan IOP 2012 Attend
June IOP Attend,AI2,=SUM(AI4:AI138),SUM,
June IOP Attend,AI3,=B148,,
June IOP Attend,D4,=SUM(A5-A4),SUM,
June IOP Attend,AI4,=SUM(E4:AH4),SUM,
June IOP Attend,D6,=SUM(A7-A6),SUM,
June IOP Attend,AI6,=SUM(E6:AH6),SUM,
June IOP Attend,D8,=SUM(A9-A8),SUM,
June IOP Attend,AI8,=SUM(E8:AH8),SUM,
June IOP Attend,D10,=SUM(A11-A10),SUM,
June IOP Attend,AI10,=SUM(E10:AH10),SUM,
June IOP Attend,D12,=SUM(A13-A12),SUM,
June IOP Attend,AI12,=SUM(E12:AH12),SUM,
June IOP Attend,D14,=SUM(A15-A14),SUM,
June IOP Attend,AI14,=SUM(E14:AH14),SUM,
June IOP Attend,D16,=SUM(A17-A16),SUM,
June IOP Attend,AI16,=SUM(E16:AH16),SUM,
June IOP Attend,D18,=SUM(A19-A18),SUM,
June IOP Attend,AI18,=SUM(E18:AH18),SUM,
June IOP Attend,D20,=SUM(A21-A20),SUM,
June IOP Attend,AI20,=SUM(E20:AH20),SUM,
June IOP Attend,D22,=SUM(A23-A22),SUM,
June IOP Attend,AI22,=SUM(E22:AH22),SUM,
June IOP Attend,D24,=SUM(A25-A24),SUM,
June IOP Attend,AI24,=SUM(E24:AH24),SUM,
June IOP Attend,D26,=SUM(A27-A26),SUM,
June IOP Attend,AI26,=SUM(E26:AH26),SUM,
June IOP Attend,D28,=SUM(A29-A28),SUM,
June IOP Attend,AI28,=SUM(E28:AH28),SUM,
June IOP Attend,D30,=SUM(A31-A30),SUM,
June IOP Attend,AI30,=SUM(E30:AH30),SUM,
June IOP Attend,D32,=SUM(A33-A32),SUM,
June IOP Attend,AI32,=SUM(E32:AH32),SUM,
June IOP Attend,D34,=SUM(A35-A34),SUM,
June IOP Attend,AI34,=SUM(E34:AH34),SUM,
June IOP Attend,D36,=SUM(A37-A36),SUM,
June IOP Attend,AI36,=SUM(E36:AH36),SUM,
June IOP Attend,D38,=SUM(A39-A38),SUM,
June IOP Attend,AI38,=SUM(E38:AH38),SUM,
June IOP Attend,D40,=SUM(A41-A40),SUM,
June IOP Attend,AI40,=SUM(E40:AH40),SUM,
June IOP Attend,D42,=SUM(A43-A42),SUM,
June IOP Attend,AI42,=SUM(E42:AH42),SUM,
June IOP Attend,D44,=SUM(A45-A44),SUM,
June IOP Attend,AI44,=SUM(E44:AH44),SUM,
June IOP Attend,D46,=SUM(A47-A46),SUM,
June IOP Attend,AI46,=SUM(E46:AH46),SUM,
June IOP Attend,D48,=SUM(A49-A48),SUM,
June IOP Attend,AI48,=SUM(E48:AH48),SUM,
June IOP Attend,D50,=SUM(A51-A50),SUM,
June IOP Attend,AI50,=SUM(E50:AH50),SUM,
June IOP Attend,D52,=SUM(A53-A52),SUM,
June IOP Attend,AI52,=SUM(E52:AH52),SUM,
June IOP Attend,D54,=SUM(A55-A54),SUM,
June IOP Attend,AI54,=SUM(E54:AH54),SUM,
June IOP Attend,D56,=SUM(A57-A56),SUM,
June IOP Attend,AI56,=SUM(E56:AH56),SUM,
June IOP Attend,D58,=SUM(A59-A58),SUM,
June IOP Attend,AI58,=SUM(E58:AH58),SUM,
June IOP Attend,D60,=SUM(A61-A60),SUM,
June IOP Attend,AI60,=SUM(E60:AH60),SUM,
June IOP Attend,D62,=SUM(A63-A62),SUM,
June IOP Attend,AI62,=SUM(E62:AH62),SUM,
June IOP Attend,D64,=SUM(A65-A64),SUM,
June IOP Attend,AI64,=SUM(E64:AH64),SUM,
June IOP Attend,D66,=SUM(A67-A66),SUM,
June IOP Attend,AI66,=SUM(E66:AH66),SUM,
June IOP Attend,D68,=SUM(A69-A68),SUM,
June IOP Attend,AI68,=SUM(E68:AH68),SUM,
June IOP Attend,D70,=SUM(A71-A70),SUM,
June IOP Attend,AI70,=SUM(E70:AH70),SUM,
June IOP Attend,D72,=SUM(A73-A72),SUM,
June IOP Attend,AI72,=SUM(E72:AH72),SUM,
June IOP Attend,D74,=SUM(A75-A74),SUM,
June IOP Attend,AI74,=SUM(E74:AH74),SUM,
June IOP Attend,D76,=SUM(A77-A76),SUM,
June IOP Attend,AI76,=SUM(E76:AH76),SUM,
June IOP Attend,D78,=SUM(A79-A78),SUM,
June IOP Attend,AI78,=SUM(E78:AH78),SUM,
June IOP Attend,D80,=SUM(A81-A80),SUM,
June IOP Attend,AI80,=SUM(E80:AH80),SUM,
June IOP Attend,D82,=SUM(A83-A82),SUM,
June IOP Attend,AI82,=SUM(E82:AH82),SUM,
June IOP Attend,D84,=SUM(A85-A84),SUM,
June IOP Attend,AI84,=SUM(E84:AH84),SUM,
June IOP Attend,D86,=SUM(A87-A86),SUM,
June IOP Attend,AI86,=SUM(E86:AH86),SUM,
June IOP Attend,D88,=SUM(A89-A88),SUM,
June IOP Attend,AI88,=SUM(E88:AH88),SUM,
June IOP Attend,D90,=SUM(A91-A90),SUM,
June IOP Attend,AI90,=SUM(E90:AH90),SUM,
June IOP Attend,D92,=SUM(A93-A92),SUM,
June IOP Attend,AI92,=SUM(E92:AH92),SUM,
June IOP Attend,D94,=SUM(A95-A94),SUM,
June IOP Attend,AI94,=SUM(E94:AH94),SUM,
June IOP Attend,D96,=SUM(A97-A96),SUM,
June IOP Attend,AI96,=SUM(E96:AH96),SUM,
June IOP Attend,D98,=SUM(A99-A98),SUM,
June IOP Attend,AI98,=SUM(E98:AH98),SUM,
June IOP Attend,D100,=SUM(A101-A100),SUM,
June IOP Attend,AI100,=SUM(E100:AH100),SUM,
June IOP Attend,D102,=SUM(A103-A102),SUM,
June IOP Attend,AI102,=SUM(E102:AH102),SUM,
June IOP Attend,D104,=SUM(A105-A104),SUM,
June IOP Attend,AI104,=SUM(E104:AH104),SUM,
June IOP Attend,D106,=SUM(A107-A106),SUM,
June IOP Attend,AI106,=SUM(E106:AH106),SUM,
June IOP Attend,D108,=SUM(A109-A108),SUM,
June IOP Attend,AI108,=SUM(E108:AH108),SUM,
June IOP Attend,D110,=SUM(A111-A110),SUM,
June IOP Attend,AI110,=SUM(E110:AH110),SUM,
June IOP Attend,D112,=SUM(A113-A112),SUM,
June IOP Attend,AI112,=SUM(E112:AH112),SUM,
June IOP Attend,D114,=SUM(A115-A114),SUM,
June IOP Attend,AI114,=SUM(E114:AH114),SUM,
June IOP Attend,D116,=SUM(A117-A116),SUM,
June IOP Attend,AI116,=SUM(E116:AH116),SUM,
June IOP Attend,D118,=SUM(A119-A118),SUM,
June IOP Attend,AI118,=SUM(E118:AH118),SUM,
June IOP Attend,D120,=SUM(A121-A120),SUM,
June IOP Attend,AI120,=SUM(E120:AH120),SUM,
June IOP Attend,D122,=SUM(A123-A122),SUM,
June IOP Attend,AI122,=SUM(E122:AH122),SUM,
June IOP Attend,D124,=SUM(A125-A124),SUM,
June IOP Attend,AI124,=SUM(E124:AH124),SUM,
June IOP Attend,D126,=SUM(A127-A126),SUM,
June IOP Attend,AI126,=SUM(E126:AH126),SUM,
June IOP Attend,D128,=SUM(A129-A128),SUM,
June IOP Attend,AI128,=SUM(E128:AH128),SUM,
June IOP Attend,D130,=SUM(A131-A130),SUM,
June IOP Attend,AI130,=SUM(E130:AH130),SUM,
June IOP Attend,D132,=SUM(A133-A132),SUM,
June IOP Attend,AI132,=SUM(E132:AH132),SUM,
June IOP Attend,D134,=SUM(A135-A134),SUM,
June IOP Attend,AI134,=SUM(E134:AH134),SUM,
June IOP Attend,D136,=SUM(A137-A136),SUM,
June IOP Attend,AI136,=SUM(E136:AH136),SUM,
June IOP Attend,D138,=SUM(A139-A138),SUM,
June IOP Attend,AI138,=SUM(E138:AH138),SUM,
June IOP Attend,E140,=SUM(E4:E138),SUM,
June IOP Attend,H140,=SUM(H4:H138),SUM,
June IOP Attend,O140,=SUM(O4:O138),SUM,
June IOP Attend,V140,=SUM(V4:V138),SUM,
June IOP Attend,AC140,=SUM(AC4:AC138),SUM,
June IOP Attend,AI140,=SUM(E140:AH140),SUM,
June IOP Attend,F141,=SUM(E140),SUM,
June IOP Attend,M141,=SUM(H140:L140),SUM,
June IOP Attend,T141,=SUM(O140:S140),SUM,
June IOP Attend,AA141,=SUM(V140:Z140),SUM,
June IOP Attend,AH141,=SUM(AC140:AG140),SUM,
June IOP Attend,B142,='Staffing June'!K1,,Staffing June
June IOP Attend,B145,=AI2,,
June IOP Attend,C145,='Daily Census IP 2012'!A2,,Daily Census IP 2012
June IOP Attend,B148,=SUM(AI2*C148),SUM,
June IOP Attend,C148,='Daily Census IP 2012'!A51,,Daily Census IP 2012
July IOP Attend,A1,='Jan IOP 2012 Attend'!A1:AJ1,,Jan IOP 2012 Attend
July IOP Attend,AJ2,=SUM(AJ4:AJ73),SUM,
July IOP Attend,AJ3,=B82,,
July IOP Attend,D4,=SUM(A5-A4),SUM,
July IOP Attend,AJ4,=SUM(E4:AI4),SUM,
July IOP Attend,D6,=SUM(A7-A6),SUM,
July IOP Attend,AJ6,=SUM(E6:AI6),SUM,
July IOP Attend,D8,=SUM(A9-A8),SUM,
July IOP Attend,AJ8,=SUM(E8:AI8),SUM,
July IOP Attend,D10,=SUM(A11-A10),SUM,
July IOP Attend,AJ10,=SUM(E10:AI10),SUM,
July IOP Attend,D12,=SUM(A13-A12),SUM,
July IOP Attend,AJ12,=SUM(E12:AI12),SUM,
July IOP Attend,D14,=SUM(A15-A14),SUM,
July IOP Attend,AJ14,=SUM(E14:AI14),SUM,
July IOP Attend,D16,=SUM(A17-A16),SUM,
July IOP Attend,AJ16,=SUM(E16:AI16),SUM,
July IOP Attend,D18,=SUM(A19-A18),SUM,
July IOP Attend,AJ18,=SUM(E18:AI18),SUM,
July IOP Attend,D20,=SUM(A21-A20),SUM,
July IOP Attend,AJ20,=SUM(E20:AI20),SUM,
July IOP Attend,D22,=SUM(A23-A22),SUM,
July IOP Attend,AJ22,=SUM(E22:AI22),SUM,
July IOP Attend,D24,=SUM(A25-A24),SUM,
July IOP Attend,AJ24,=SUM(E24:AI24),SUM,
July IOP Attend,D26,=SUM(A27-A26),SUM,
July IOP Attend,AJ26,=SUM(E26:AI26),SUM,
July IOP Attend,D28,=SUM(A29-A28),SUM,
July IOP Attend,AJ28,=SUM(E28:AI28),SUM,
July IOP Attend,D30,=SUM(A31-A30),SUM,
July IOP Attend,AJ30,=SUM(E30:AI30),SUM,
July IOP Attend,D32,=SUM(A33-A32),SUM,
July IOP Attend,AJ32,=SUM(E32:AI32),SUM,
July IOP Attend,D34,=SUM(A35-A34),SUM,
July IOP Attend,AJ34,=SUM(E34:AI34),SUM,
July IOP Attend,D36,=SUM(A37-A36),SUM,
July IOP Attend,AJ36,=SUM(E36:AI36),SUM,
July IOP Attend,D38,=SUM(A39-A38),SUM,
July IOP Attend,AJ38,=SUM(E38:AI38),SUM,
July IOP Attend,D40,=SUM(A41-A40),SUM,
July IOP Attend,AJ40,=SUM(E40:AI40),SUM,
July IOP Attend,D42,=SUM(A43-A42),SUM,
July IOP Attend,AJ42,=SUM(E42:AI42),SUM,
July IOP Attend,D44,=SUM(A45-A44),SUM,
July IOP Attend,AJ44,=SUM(E44:AI44),SUM,
July IOP Attend,D46,=SUM(A47-A46),SUM,
July IOP Attend,AJ46,=SUM(E46:AI46),SUM,
July IOP Attend,D48,=SUM(A49-A48),SUM,
July IOP Attend,AJ48,=SUM(E48:AI48),SUM,
July IOP Attend,D50,=SUM(A51-A50),SUM,
July IOP Attend,AJ50,=SUM(E50:AI50),SUM,
July IOP Attend,D52,=SUM(A53-A52),SUM,
July IOP Attend,AJ52,=SUM(E52:AI52),SUM,
July IOP Attend,D54,=SUM(A55-A54),SUM,
July IOP Attend,AJ54,=SUM(E54:AI54),SUM,
July IOP Attend,D56,=SUM(A57-A56),SUM,
July IOP Attend,AJ56,=SUM(E56:AI56),SUM,
July IOP Attend,D58,=SUM(A59-A58),SUM,
July IOP Attend,AJ58,=SUM(E58:AI58),SUM,
July IOP Attend,D60,=SUM(A61-A60),SUM,
July IOP Attend,AJ60,=SUM(E60:AI60),SUM,
July IOP Attend,D62,=SUM(A63-A62),SUM,
July IOP Attend,AJ62,=SUM(E62:AI62),SUM,
July IOP Attend,D64,=SUM(A65-A64),SUM,
July IOP Attend,AJ64,=SUM(E64:AI64),SUM,
July IOP Attend,D66,=SUM(A67-A66),SUM,
July IOP Attend,AJ66,=SUM(E66:AI66),SUM,
July IOP Attend,D68,=SUM(A69-A68),SUM,
July IOP Attend,AJ68,=SUM(E68:AI68),SUM,
July IOP Attend,D70,=SUM(A71-A70),SUM,
July IOP Attend,AJ70,=SUM(E70:AI70),SUM,
July IOP Attend,D72,=SUM(A73-A72),SUM,
July IOP Attend,AJ72,=SUM(E72:AI72),SUM,
July IOP Attend,F74,=SUM(F4:F73),SUM,
July IOP Attend,M74,=SUM(M4:M73),SUM,
July IOP Attend,T74,=SUM(T4:T73),SUM,
July IOP Attend,AA74,=SUM(AA4:AA73),SUM,
July IOP Attend,AH74,=SUM(AH4:AH73),SUM,
July IOP Attend,AJ74,=SUM(E74:AI74),SUM,
July IOP Attend,K75,=SUM(E74:J74),SUM,
July IOP Attend,R75,=SUM(M74:Q74),SUM,
July IOP Attend,Y75,=SUM(T74:X74),SUM,
July IOP Attend,AF75,=SUM(AA74:AE74),SUM,
July IOP Attend,AI75,=SUM(AH4:AI73),SUM,
July IOP Attend,B76,='Staffing July'!K1,,Staffing July
July IOP Attend,B79,=AJ2,,
July IOP Attend,C79,='Daily Census IP 2012'!A2,,Daily Census IP 2012
July IOP Attend,B82,=SUM(AJ2*C82),SUM,
July IOP Attend,C82,='Daily Census IP 2012'!A53,,Daily Census IP 2012
August IOP Attend,A1,='Jan IOP 2012 Attend'!A1:AJ1,,Jan IOP 2012 Attend
August IOP Attend,AJ2,=SUM(AJ4:AJ81),SUM,
August IOP Attend,AJ3,=B90,,
August IOP Attend,D4,=SUM(A5-A4),SUM,
August IOP Attend,AJ4,=SUM(E4:AI4),SUM,
August IOP Attend,D6,=SUM(A7-A6),SUM,
August IOP Attend,AJ6,=SUM(E6:AI6),SUM,
August IOP Attend,D8,=SUM(A9-A8),SUM,
August IOP Attend,AJ8,=SUM(E8:AI8),SUM,
August IOP Attend,D10,=SUM(A11-A10),SUM,
August IOP Attend,AJ10,=SUM(E10:AI10),SUM,
August IOP Attend,D12,=SUM(A13-A12),SUM,
August IOP Attend,AJ12,=SUM(E12:AI12),SUM,
August IOP Attend,D14,=SUM(A15-A14),SUM,
August IOP Attend,AJ14,=SUM(E14:AI14),SUM,
August IOP Attend,D16,=SUM(A17-A16),SUM,
August IOP Attend,AJ16,=SUM(E16:AI16),SUM,
August IOP Attend,D18,=SUM(A19-A18),SUM,
August IOP Attend,AJ18,=SUM(E18:AI18),SUM,
August IOP Attend,D20,=SUM(A21-A20),SUM,
August IOP Attend,AJ20,=SUM(E20:AI20),SUM,
August IOP Attend,D22,=SUM(A23-A22),SUM,
August IOP Attend,AJ22,=SUM(E22:AI22),SUM,
August IOP Attend,D24,=SUM(A25-A24),SUM,
August IOP Attend,AJ24,=SUM(E24:AI24),SUM,
August IOP Attend,D26,=SUM(A27-A26),SUM,
August IOP Attend,AJ26,=SUM(E26:AI26),SUM,
August IOP Attend,D28,=SUM(A29-A28),SUM,
August IOP Attend,AJ28,=SUM(E28:AI28),SUM,
August IOP Attend,D30,=SUM(A31-A30),SUM,
August IOP Attend,AJ30,=SUM(E30:AI30),SUM,
August IOP Attend,D32,=SUM(A33-A32),SUM,
August IOP Attend,AJ32,=SUM(E32:AI32),SUM,
August IOP Attend,D34,=SUM(A35-A34),SUM,
August IOP Attend,AJ34,=SUM(E34:AI34),SUM,
August IOP Attend,D36,=SUM(A37-A36),SUM,
August IOP Attend,AJ36,=SUM(E36:AI36),SUM,
August IOP Attend,D38,=SUM(A39-A38),SUM,
August IOP Attend,AJ38,=SUM(E38:AI38),SUM,
August IOP Attend,D40,=SUM(A41-A40),SUM,
August IOP Attend,AJ40,=SUM(E40:AI40),SUM,
August IOP Attend,D42,=SUM(A43-A42),SUM,
August IOP Attend,AJ42,=SUM(E42:AI42),SUM,
August IOP Attend,D44,=SUM(A45-A44),SUM,
August IOP Attend,AJ44,=SUM(E44:AI44),SUM,
August IOP Attend,D46,=SUM(A47-A46),SUM,
August IOP Attend,AJ46,=SUM(E46:AI46),SUM,
August IOP Attend,D48,=SUM(A49-A48),SUM,
August IOP Attend,AJ48,=SUM(E48:AI48),SUM,
August IOP Attend,D50,=SUM(A51-A50),SUM,
August IOP Attend,AJ50,=SUM(E50:AI50),SUM,
August IOP Attend,D52,=SUM(A53-A52),SUM,
August IOP Attend,AJ52,=SUM(E52:AI52),SUM,
August IOP Attend,D54,=SUM(A55-A54),SUM,
August IOP Attend,AJ54,=SUM(E54:AI54),SUM,
August IOP Attend,D56,=SUM(A57-A56),SUM,
August IOP Attend,AJ56,=SUM(E56:AI56),SUM,
August IOP Attend,D58,=SUM(A59-A58),SUM,
August IOP Attend,AJ58,=SUM(E58:AI58),SUM,
August IOP Attend,D60,=SUM(A61-A60),SUM,
August IOP Attend,AJ60,=SUM(E60:AI60),SUM,
August IOP Attend,D62,=SUM(A63-A62),SUM,
August IOP Attend,AJ62,=SUM(E62:AI62),SUM,
August IOP Attend,D64,=SUM(A65-A64),SUM,
August IOP Attend,AJ64,=SUM(E64:AI64),SUM,
August IOP Attend,D66,=SUM(A67-A66),SUM,
August IOP Attend,AJ66,=SUM(E66:AI66),SUM,
August IOP Attend,D68,=SUM(A69-A68),SUM,
August IOP Attend,AJ68,=SUM(E68:AI68),SUM,
August IOP Attend,D70,=SUM(A71-A70),SUM,
August IOP Attend,AJ70,=SUM(E70:AI70),SUM,
August IOP Attend,D72,=SUM(A73-A72),SUM,
August IOP Attend,AJ72,=SUM(E72:AI72),SUM,
August IOP Attend,D74,=SUM(A75-A74),SUM,
August IOP Attend,AJ74,=SUM(E74:AI74),SUM,
August IOP Attend,D76,=SUM(A77-A76),SUM,
August IOP Attend,AJ76,=SUM(E76:AI76),SUM,
August IOP Attend,D78,=SUM(A79-A78),SUM,
August IOP Attend,AJ78,=SUM(E78:AI78),SUM,
August IOP Attend,D80,=SUM(A81-A80),SUM,
August IOP Attend,AJ80,=SUM(E80:AI80),SUM,
August IOP Attend,E82,=SUM(E4:E81),SUM,
August IOP Attend,J82,=SUM(J4:J81),SUM,
August IOP Attend,Q82,=SUM(Q4:Q81),SUM,
August IOP Attend,X82,=SUM(X4:X81),SUM,
August IOP Attend,AE82,=SUM(AE4:AE81),SUM,
August IOP Attend,AJ82,=SUM(E82:AI82),SUM,
August IOP Attend,H83,=SUM(E82:G82),SUM,
August IOP Attend,O83,=SUM(J82:N82),SUM,
August IOP Attend,V83,=SUM(Q82:U82),SUM,
August IOP Attend,AC83,=SUM(X82:AB82),SUM,
August IOP Attend,AI83,=SUM(AE82:AI82),SUM,
August IOP Attend,B84,='Staffing August'!K1,,Staffing August
August IOP Attend,B87,=AJ2,,
August IOP Attend,C87,='Daily Census IP 2012'!A2,,Daily Census IP 2012
August IOP Attend,B90,=SUM(AJ2*C90),SUM,
August IOP Attend,C90,='Daily Census IP 2012'!A53,,Daily Census IP 2012
Sept IOP Attend,A1,='Jan IOP 2012 Attend'!A1:AJ1,,Jan IOP 2012 Attend
Sept IOP Attend,AI2,=SUM(AI4:AI83),SUM,
Sept IOP Attend,AI3,=B92,,
Sept IOP Attend,D4,=SUM(A5-A4),SUM,
Sept IOP Attend,AI4,=SUM(E4:AH4),SUM,
Sept IOP Attend,D6,=SUM(A7-A6),SUM,
Sept IOP Attend,AI6,=SUM(E6:AH6),SUM,
Sept IOP Attend,D8,=SUM(A9-A8),SUM,
Sept IOP Attend,AI8,=SUM(E8:AH8),SUM,
Sept IOP Attend,D10,=SUM(A11-A10),SUM,
Sept IOP Attend,AI10,=SUM(E10:AH10),SUM,
Sept IOP Attend,D12,=SUM(A13-A12),SUM,
Sept IOP Attend,AI12,=SUM(E12:AH12),SUM,
Sept IOP Attend,D14,=SUM(A15-A14),SUM,
Sept IOP Attend,AI14,=SUM(E14:AH14),SUM,
Sept IOP Attend,D16,=SUM(A17-A16),SUM,
Sept IOP Attend,AI16,=SUM(E16:AH16),SUM,
Sept IOP Attend,D18,=SUM(A19-A18),SUM,
Sept IOP Attend,AI18,=SUM(E18:AH18),SUM,
Sept IOP Attend,D20,=SUM(A21-A20),SUM,
Sept IOP Attend,AI20,=SUM(E20:AH20),SUM,
Sept IOP Attend,D22,=SUM(A23-A22),SUM,
Sept IOP Attend,AI22,=SUM(E22:AH22),SUM,
Sept IOP Attend,D24,=SUM(A25-A24),SUM,
Sept IOP Attend,AI24,=SUM(E24:AH24),SUM,
Sept IOP Attend,D26,=SUM(A27-A26),SUM,
Sept IOP Attend,AI26,=SUM(E26:AH26),SUM,
Sept IOP Attend,D28,=SUM(A29-A28),SUM,
Sept IOP Attend,AI28,=SUM(E28:AH28),SUM,
Sept IOP Attend,D30,=SUM(A31-A30),SUM,
Sept IOP Attend,AI30,=SUM(E30:AH30),SUM,
Sept IOP Attend,D32,=SUM(A33-A32),SUM,
Sept IOP Attend,AI32,=SUM(E32:AH32),SUM,
Sept IOP Attend,D34,=SUM(A35-A34),SUM,
Sept IOP Attend,AI34,=SUM(E34:AH34),SUM,
Sept IOP Attend,D36,=SUM(A37-A36),SUM,
Sept IOP Attend,AI36,=SUM(E36:AH36),SUM,
Sept IOP Attend,D38,=SUM(A39-A38),SUM,
Sept IOP Attend,AI38,=SUM(E38:AH38),SUM,
Sept IOP Attend,D40,=SUM(A41-A40),SUM,
Sept IOP Attend,AI40,=SUM(E40:AH40),SUM,
Sept IOP Attend,D42,=SUM(A43-A42),SUM,
Sept IOP Attend,AI42,=SUM(E42:AH42),SUM,
Sept IOP Attend,D44,=SUM(A45-A44),SUM,
Sept IOP Attend,AI44,=SUM(E44:AH44),SUM,
Sept IOP Attend,D46,=SUM(A47-A46),SUM,
Sept IOP Attend,AI46,=SUM(E46:AH46),SUM,
Sept IOP Attend,D48,=SUM(A49-A48),SUM,
Sept IOP Attend,AI48,=SUM(E48:AH48),SUM,
Sept IOP Attend,D50,=SUM(A51-A50),SUM,
Sept IOP Attend,AI50,=SUM(E50:AH50),SUM,
Sept IOP Attend,D52,=SUM(A53-A52),SUM,
Sept IOP Attend,AI52,=SUM(E52:AH52),SUM,
Sept IOP Attend,D54,=SUM(A55-A54),SUM,
Sept IOP Attend,AI54,=SUM(E54:AH54),SUM,
Sept IOP Attend,D56,=SUM(A57-A56),SUM,
Sept IOP Attend,AI56,=SUM(E56:AH56),SUM,
Sept IOP Attend,D58,=SUM(A59-A58),SUM,
Sept IOP Attend,AI58,=SUM(E58:AH58),SUM,
Sept IOP Attend,D60,=SUM(A61-A60),SUM,
Sept IOP Attend,AI60,=SUM(E60:AH60),SUM,
Sept IOP Attend,D62,=SUM(A63-A62),SUM,
Sept IOP Attend,AI62,=SUM(E62:AH62),SUM,
Sept IOP Attend,D64,=SUM(A65-A64),SUM,
Sept IOP Attend,AI64,=SUM(E64:AH64),SUM,
Sept IOP Attend,D66,=SUM(A67-A66),SUM,
Sept IOP Attend,AI66,=SUM(E66:AH66),SUM,
Sept IOP Attend,D68,=SUM(A69-A68),SUM,
Sept IOP Attend,AI68,=SUM(E68:AH68),SUM,
Sept IOP Attend,D70,=SUM(A71-A70),SUM,
Sept IOP Attend,AI70,=SUM(E70:AH70),SUM,
Sept IOP Attend,D72,=SUM(A73-A72),SUM,
Sept IOP Attend,AI72,=SUM(E72:AH72),SUM,
Sept IOP Attend,D74,=SUM(A75-A74),SUM,
Sept IOP Attend,AI74,=SUM(E74:AH74),SUM,
Sept IOP Attend,D76,=SUM(A77-A76),SUM,
Sept IOP Attend,AI76,=SUM(E76:AH76),SUM,
Sept IOP Attend,D78,=SUM(A79-A78),SUM,
Sept IOP Attend,AI78,=SUM(E78:AH78),SUM,
Sept IOP Attend,D80,=SUM(A81-A80),SUM,
Sept IOP Attend,AI80,=SUM(E80:AH80),SUM,
Sept IOP Attend,D82,=SUM(A83-A82),SUM,
Sept IOP Attend,AI82,=SUM(E82:AH82),SUM,
Sept IOP Attend,G84,=SUM(G4:G83),SUM,
Sept IOP Attend,N84,=SUM(N4:N83),SUM,
Sept IOP Attend,U84,=SUM(U4:U83),SUM,
Sept IOP Attend,AB84,=SUM(AB4:AB83),SUM,
Sept IOP Attend,AI84,=SUM(E84:AH84),SUM,
Sept IOP Attend,L85,=SUM(G84:K84),SUM,
Sept IOP Attend,S85,=SUM(N84:R84),SUM,
Sept IOP Attend,Z85,=SUM(U84:Y84),SUM,
Sept IOP Attend,AG85,=SUM(AB84:AF84),SUM,
Sept IOP Attend,AI85,=SUM(E85:AG85),SUM,
Sept IOP Attend,B86,='Staffing September'!K1,,Staffing September
Sept IOP Attend,B89,=AI2,,
Sept IOP Attend,C89,='Daily Census IP 2012'!A2,,Daily Census IP 2012
Sept IOP Attend,B92,=SUM(AI2*C92),SUM,
Sept IOP Attend,C92,='Daily Census IP 2012'!A53,,Daily Census IP 2012
Oct IOP Attend,A1,='Jan IOP 2012 Attend'!A1:AJ1,,Jan IOP 2012 Attend
Oct IOP Attend,AJ2,=SUM(AJ4:AJ81),SUM,
Oct IOP Attend,AJ3,=B90,,
Oct IOP Attend,D4,=SUM(A5-A4),SUM,
Oct IOP Attend,AJ4,=SUM(E4:AI4),SUM,
Oct IOP Attend,D6,=SUM(A7-A6),SUM,
Oct IOP Attend,AJ6,=SUM(E6:AI6),SUM,
Oct IOP Attend,D8,=SUM(A9-A8),SUM,
Oct IOP Attend,AJ8,=SUM(E8:AI8),SUM,
Oct IOP Attend,D10,=SUM(A11-A10),SUM,
Oct IOP Attend,AJ10,=SUM(E10:AI10),SUM,
Oct IOP Attend,D12,=SUM(A13-A12),SUM,
Oct IOP Attend,AJ12,=SUM(E12:AI12),SUM,
Oct IOP Attend,D14,=SUM(A15-A14),SUM,
Oct IOP Attend,AJ14,=SUM(E14:AI14),SUM,
Oct IOP Attend,D16,=SUM(A17-A16),SUM,
Oct IOP Attend,AJ16,=SUM(E16:AI16),SUM,
Oct IOP Attend,D18,=SUM(A19-A18),SUM,
Oct IOP Attend,AJ18,=SUM(E18:AI18),SUM,
Oct IOP Attend,D20,=SUM(A21-A20),SUM,
Oct IOP Attend,AJ20,=SUM(E20:AI20),SUM,
Oct IOP Attend,D22,=SUM(A23-A22),SUM,
Oct IOP Attend,AJ22,=SUM(E22:AI22),SUM,
Oct IOP Attend,D24,=SUM(A25-A24),SUM,
Oct IOP Attend,AJ24,=SUM(E24:AI24),SUM,
Oct IOP Attend,D26,=SUM(A27-A26),SUM,
Oct IOP Attend,AJ26,=SUM(E26:AI26),SUM,
Oct IOP Attend,D28,=SUM(A29-A28),SUM,
Oct IOP Attend,AJ28,=SUM(E28:AI28),SUM,
Oct IOP Attend,D30,=SUM(A31-A30),SUM,
Oct IOP Attend,AJ30,=SUM(E30:AI30),SUM,
Oct IOP Attend,D32,=SUM(A33-A32),SUM,
Oct IOP Attend,AJ32,=SUM(E32:AI32),SUM,
Oct IOP Attend,D34,=SUM(A35-A34),SUM,
Oct IOP Attend,AJ34,=SUM(E34:AI34),SUM,
Oct IOP Attend,D36,=SUM(A37-A36),SUM,
Oct IOP Attend,AJ36,=SUM(E36:AI36),SUM,
Oct IOP Attend,D38,=SUM(A39-A38),SUM,
Oct IOP Attend,AJ38,=SUM(E38:AI38),SUM,
Oct IOP Attend,D40,=SUM(A41-A40),SUM,
Oct IOP Attend,AJ40,=SUM(E40:AI40),SUM,
Oct IOP Attend,D42,=SUM(A43-A42),SUM,
Oct IOP Attend,AJ42,=SUM(E42:AI42),SUM,
Oct IOP Attend,D44,=SUM(A45-A44),SUM,
Oct IOP Attend,AJ44,=SUM(E44:AI44),SUM,
Oct IOP Attend,D46,=SUM(A47-A46),SUM,
Oct IOP Attend,AJ46,=SUM(E46:AI46),SUM,
Oct IOP Attend,D48,=SUM(A49-A48),SUM,
Oct IOP Attend,AJ48,=SUM(E48:AI48),SUM,
Oct IOP Attend,D50,=SUM(A51-A50),SUM,
Oct IOP Attend,AJ50,=SUM(E50:AI50),SUM,
Oct IOP Attend,D52,=SUM(A53-A52),SUM,
Oct IOP Attend,AJ52,=SUM(E52:AI52),SUM,
Oct IOP Attend,D54,=SUM(A55-A54),SUM,
Oct IOP Attend,AJ54,=SUM(E54:AI54),SUM,
Oct IOP Attend,D56,=SUM(A57-A56),SUM,
Oct IOP Attend,AJ56,=SUM(E56:AI56),SUM,
Oct IOP Attend,D58,=SUM(A59-A58),SUM,
Oct IOP Attend,AJ58,=SUM(E58:AI58),SUM,
Oct IOP Attend,D60,=SUM(A61-A60),SUM,
Oct IOP Attend,AJ60,=SUM(E60:AI60),SUM,
Oct IOP Attend,D62,=SUM(A63-A62),SUM,
Oct IOP Attend,AJ62,=SUM(E62:AI62),SUM,
Oct IOP Attend,D64,=SUM(A65-A64),SUM,
Oct IOP Attend,AJ64,=SUM(E64:AI64),SUM,
Oct IOP Attend,D66,=SUM(A67-A66),SUM,
Oct IOP Attend,AJ66,=SUM(E66:AI66),SUM,
Oct IOP Attend,D68,=SUM(A69-A68),SUM,
Oct IOP Attend,AJ68,=SUM(E68:AI68),SUM,
Oct IOP Attend,D70,=SUM(A71-A70),SUM,
Oct IOP Attend,AJ70,=SUM(E70:AI70),SUM,
Oct IOP Attend,D72,=SUM(A73-A72),SUM,
Oct IOP Attend,AJ72,=SUM(E72:AI72),SUM,
Oct IOP Attend,D74,=SUM(A75-A74),SUM,
Oct IOP Attend,AJ74,=SUM(E74:AI74),SUM,
Oct IOP Attend,D76,=SUM(A77-A76),SUM,
Oct IOP Attend,AJ76,=SUM(E76:AI76),SUM,
Oct IOP Attend,D78,=SUM(A79-A78),SUM,
Oct IOP Attend,AJ78,=SUM(E78:AI78),SUM,
Oct IOP Attend,D80,=SUM(A81-A80),SUM,
Oct IOP Attend,AJ80,=SUM(E80:AI80),SUM,
Oct IOP Attend,E82,=SUM(E4:E81),SUM,
Oct IOP Attend,L82,=SUM(L4:L81),SUM,
Oct IOP Attend,S82,=SUM(S4:S81),SUM,
Oct IOP Attend,Z82,=SUM(Z4:Z81),SUM,
Oct IOP Attend,AG82,=SUM(AG4:AG81),SUM,
Oct IOP Attend,AJ82,=SUM(E82:AI82),SUM,
Oct IOP Attend,J83,=SUM(E82:I82),SUM,
Oct IOP Attend,Q83,=SUM(L82:P82),SUM,
Oct IOP Attend,X83,=SUM(S82:W82),SUM,
Oct IOP Attend,AE83,=SUM(Z82:AD82),SUM,
Oct IOP Attend,AI83,=SUM(AG4:AI81),SUM,
Oct IOP Attend,B84,='Staffing October'!K1,,Staffing October
Oct IOP Attend,B87,=AJ2,,
Oct IOP Attend,C87,='Daily Census IP 2012'!A2,,Daily Census IP 2012
Oct IOP Attend,B90,=SUM(AJ2*C90),SUM,
Oct IOP Attend,C90,='Daily Census IP 2012'!A53,,Daily Census IP 2012
Nov IOP Attend,A1,='Jan IOP 2012 Attend'!A1:AJ1,,Jan IOP 2012 Attend
Nov IOP Attend,AJ2,=SUM(AJ4:AJ103),SUM,
Nov IOP Attend,AJ3,=B112,,
Nov IOP Attend,D4,=SUM(A5-A4),SUM,
Nov IOP Attend,AJ4,=SUM(E4:AH4),SUM,
Nov IOP Attend,D6,=SUM(A7-A6),SUM,
Nov IOP Attend,AJ6,=SUM(E6:AH6),SUM,
Nov IOP Attend,D8,=SUM(A9-A8),SUM,
Nov IOP Attend,AJ8,=SUM(E8:AH8),SUM,
Nov IOP Attend,D10,=SUM(A11-A10),SUM,
Nov IOP Attend,AJ10,=SUM(E10:AH10),SUM,
Nov IOP Attend,D12,=SUM(A13-A12),SUM,
Nov IOP Attend,AJ12,=SUM(E12:AH12),SUM,
Nov IOP Attend,D14,=SUM(A15-A14),SUM,
Nov IOP Attend,AJ14,=SUM(E14:AH14),SUM,
Nov IOP Attend,D16,=SUM(A17-A16),SUM,
Nov IOP Attend,AJ16,=SUM(E16:AH16),SUM,
Nov IOP Attend,D18,=SUM(A19-A18),SUM,
Nov IOP Attend,AJ18,=SUM(E18:AH18),SUM,
Nov IOP Attend,D20,=SUM(A21-A20),SUM,
Nov IOP Attend,AJ20,=SUM(E20:AH20),SUM,
Nov IOP Attend,D22,=SUM(A23-A22),SUM,
Nov IOP Attend,AJ22,=SUM(E22:AH22),SUM,
Nov IOP Attend,D24,=SUM(A25-A24),SUM,
Nov IOP Attend,AJ24,=SUM(E24:AH24),SUM,
Nov IOP Attend,D26,=SUM(A27-A26),SUM,
Nov IOP Attend,AJ26,=SUM(E26:AH26),SUM,
Nov IOP Attend,D28,=SUM(A29-A28),SUM,
Nov IOP Attend,AJ28,=SUM(E28:AH28),SUM,
Nov IOP Attend,D30,=SUM(A31-A30),SUM,
Nov IOP Attend,AJ30,=SUM(E30:AH30),SUM,
Nov IOP Attend,D32,=SUM(A33-A32),SUM,
Nov IOP Attend,AJ32,=SUM(E32:AH32),SUM,
Nov IOP Attend,D34,=SUM(A35-A34),SUM,
Nov IOP Attend,AJ34,=SUM(E34:AH34),SUM,
Nov IOP Attend,D36,=SUM(A37-A36),SUM,
Nov IOP Attend,AJ36,=SUM(E36:AH36),SUM,
Nov IOP Attend,D38,=SUM(A39-A38),SUM,
Nov IOP Attend,AJ38,=SUM(E38:AH38),SUM,
Nov IOP Attend,D40,=SUM(A41-A40),SUM,
Nov IOP Attend,AJ40,=SUM(E40:AH40),SUM,
Nov IOP Attend,D42,=SUM(A43-A42),SUM,
Nov IOP Attend,AJ42,=SUM(E42:AH42),SUM,
Nov IOP Attend,D44,=SUM(A45-A44),SUM,
Nov IOP Attend,AJ44,=SUM(E44:AH44),SUM,
Nov IOP Attend,D46,=SUM(A47-A46),SUM,
Nov IOP Attend,AJ46,=SUM(E46:AH46),SUM,
Nov IOP Attend,D48,=SUM(A49-A48),SUM,
Nov IOP Attend,AJ48,=SUM(E48:AH48),SUM,
Nov IOP Attend,D50,=SUM(A51-A50),SUM,
Nov IOP Attend,AJ50,=SUM(E50:AH50),SUM,
Nov IOP Attend,D52,=SUM(A53-A52),SUM,
Nov IOP Attend,AJ52,=SUM(E52:AH52),SUM,
Nov IOP Attend,D54,=SUM(A55-A54),SUM,
Nov IOP Attend,AJ54,=SUM(E54:AH54),SUM,
Nov IOP Attend,D56,=SUM(A57-A56),SUM,
Nov IOP Attend,AJ56,=SUM(E56:AH56),SUM,
Nov IOP Attend,D58,=SUM(A59-A58),SUM,
Nov IOP Attend,AJ58,=SUM(E58:AH58),SUM,
Nov IOP Attend,D60,=SUM(A61-A60),SUM,
Nov IOP Attend,AJ60,=SUM(E60:AH60),SUM,
Nov IOP Attend,D62,=SUM(A63-A62),SUM,
Nov IOP Attend,AJ62,=SUM(E62:AH62),SUM,
Nov IOP Attend,D64,=SUM(A65-A64),SUM,
Nov IOP Attend,AJ64,=SUM(E64:AH64),SUM,
Nov IOP Attend,D66,=SUM(A67-A66),SUM,
Nov IOP Attend,AJ66,=SUM(E66:AH66),SUM,
Nov IOP Attend,D68,=SUM(A69-A68),SUM,
Nov IOP Attend,AJ68,=SUM(E68:AH68),SUM,
Nov IOP Attend,D70,=SUM(A71-A70),SUM,
Nov IOP Attend,AJ70,=SUM(E70:AH70),SUM,
Nov IOP Attend,D72,=SUM(A73-A72),SUM,
Nov IOP Attend,AJ72,=SUM(E72:AH72),SUM,
Nov IOP Attend,D74,=SUM(A75-A74),SUM,
Nov IOP Attend,AJ74,=SUM(E74:AH74),SUM,
Nov IOP Attend,D76,=SUM(A77-A76),SUM,
Nov IOP Attend,AJ76,=SUM(E76:AH76),SUM,
Nov IOP Attend,D78,=SUM(A79-A78),SUM,
Nov IOP Attend,AJ78,=SUM(E78:AH78),SUM,
Nov IOP Attend,D80,=SUM(A81-A80),SUM,
Nov IOP Attend,AJ80,=SUM(E80:AH80),SUM,
Nov IOP Attend,D82,=SUM(A83-A82),SUM,
Nov IOP Attend,AJ82,=SUM(E82:AH82),SUM,
Nov IOP Attend,D84,=SUM(A85-A84),SUM,
Nov IOP Attend,AJ84,=SUM(E84:AH84),SUM,
Nov IOP Attend,D86,=SUM(A87-A86),SUM,
Nov IOP Attend,AJ86,=SUM(E86:AH86),SUM,
Nov IOP Attend,D88,=SUM(A89-A88),SUM,
Nov IOP Attend,AJ88,=SUM(E88:AH88),SUM,
Nov IOP Attend,D90,=SUM(A91-A90),SUM,
Nov IOP Attend,AJ90,=SUM(E90:AH90),SUM,
Nov IOP Attend,D92,=SUM(A93-A92),SUM,
Nov IOP Attend,AJ92,=SUM(E92:AH92),SUM,
Nov IOP Attend,D94,=SUM(A95-A94),SUM,
Nov IOP Attend,AJ94,=SUM(E94:AH94),SUM,
Nov IOP Attend,D96,=SUM(A97-A96),SUM,
Nov IOP Attend,AJ96,=SUM(E96:AH96),SUM,
Nov IOP Attend,D98,=SUM(A99-A98),SUM,
Nov IOP Attend,AJ98,=SUM(E98:AH98),SUM,
Nov IOP Attend,D100,=SUM(A101-A100),SUM,
Nov IOP Attend,AJ100,=SUM(E100:AH100),SUM,
Nov IOP Attend,D102,=SUM(A103-A102),SUM,
Nov IOP Attend,AJ102,=SUM(E102:AH102),SUM,
Nov IOP Attend,E104,=SUM(E4:E103),SUM,
Nov IOP Attend,I104,=SUM(I4:I103),SUM,
Nov IOP Attend,P104,=SUM(P4:P103),SUM,
Nov IOP Attend,W104,=SUM(W4:W103),SUM,
Nov IOP Attend,AD104,=SUM(AD4:AD103),SUM,
Nov IOP Attend,G105,=SUM(E104:F104),SUM,
Nov IOP Attend,N105,=SUM(I104:M104),SUM,
Nov IOP Attend,U105,=SUM(P104:T104),SUM,
Nov IOP Attend,AB105,=SUM(W104:AA104),SUM,
Nov IOP Attend,AH105,=SUM(AD104:AH104),SUM,
Nov IOP Attend,AJ105,=SUM(G105:AH105),SUM,
Nov IOP Attend,B106,='Staffing November'!K1,,Staffing November
Nov IOP Attend,AJ106,=SUM(E106:AH106),SUM,
Nov IOP Attend,B109,=AJ2,,
Nov IOP Attend,C109,='Daily Census IP 2012'!A2,,Daily Census IP 2012
Nov IOP Attend,B112,=SUM(AJ2*C112),SUM,
Nov IOP Attend,C112,='Daily Census IP 2012'!A53,,Daily Census IP 2012
Dec IOP Attend,A1,='Jan IOP 2012 Attend'!A1:AJ1,,Jan IOP 2012 Attend
Dec IOP Attend,AJ2,=SUM(AJ4:AJ102),SUM,
Dec IOP Attend,AJ3,=B112,,
Dec IOP Attend,D4,=SUM(A5-A4),SUM,
Dec IOP Attend,AJ4,=SUM(E4:AI4),SUM,
Dec IOP Attend,D6,=SUM(A7-A6),SUM,
Dec IOP Attend,AJ6,=SUM(E6:AI6),SUM,
Dec IOP Attend,D8,=SUM(A9-A8),SUM,
Dec IOP Attend,AJ8,=SUM(E8:AI8),SUM,
Dec IOP Attend,D10,=SUM(A11-A10),SUM,
Dec IOP Attend,AJ10,=SUM(E10:AI10),SUM,
Dec IOP Attend,D12,=SUM(A13-A12),SUM,
Dec IOP Attend,AJ12,=SUM(E12:AI12),SUM,
Dec IOP Attend,D14,=SUM(A15-A14),SUM,
Dec IOP Attend,AJ14,=SUM(E14:AI14),SUM,
Dec IOP Attend,D16,=SUM(A17-A16),SUM,
Dec IOP Attend,AJ16,=SUM(E16:AI16),SUM,
Dec IOP Attend,D18,=SUM(A19-A18),SUM,
Dec IOP Attend,AJ18,=SUM(E18:AI18),SUM,
Dec IOP Attend,D20,=SUM(A21-A20),SUM,
Dec IOP Attend,AJ20,=SUM(E20:AI20),SUM,
Dec IOP Attend,D22,=SUM(A23-A22),SUM,
Dec IOP Attend,AJ22,=SUM(E22:AI22),SUM,
Dec IOP Attend,D24,=SUM(A25-A24),SUM,
Dec IOP Attend,AJ24,=SUM(E24:AI24),SUM,
Dec IOP Attend,D26,=SUM(A27-A26),SUM,
Dec IOP Attend,AJ26,=SUM(E26:AI26),SUM,
Dec IOP Attend,D28,=SUM(A29-A28),SUM,
Dec IOP Attend,AJ28,=SUM(E28:AI28),SUM,
Dec IOP Attend,D30,=SUM(A31-A30),SUM,
Dec IOP Attend,AJ30,=SUM(E30:AI30),SUM,
Dec IOP Attend,D32,=SUM(A33-A32),SUM,
Dec IOP Attend,AJ32,=SUM(E32:AI32),SUM,
Dec IOP Attend,D34,=SUM(A35-A34),SUM,
Dec IOP Attend,AJ34,=SUM(E34:AI34),SUM,
Dec IOP Attend,D36,=SUM(A37-A36),SUM,
Dec IOP Attend,AJ36,=SUM(E36:AI36),SUM,
Dec IOP Attend,D38,=SUM(A39-A38),SUM,
Dec IOP Attend,AJ38,=SUM(E38:AI38),SUM,
Dec IOP Attend,D40,=SUM(A41-A40),SUM,
Dec IOP Attend,AJ40,=SUM(E40:AI40),SUM,
Dec IOP Attend,D42,=SUM(A43-A42),SUM,
Dec IOP Attend,AJ42,=SUM(E42:AI42),SUM,
Dec IOP Attend,D44,=SUM(A45-A44),SUM,
Dec IOP Attend,AJ44,=SUM(E44:AI44),SUM,
Dec IOP Attend,D46,=SUM(A47-A46),SUM,
Dec IOP Attend,AJ46,=SUM(E46:AI46),SUM,
Dec IOP Attend,D48,=SUM(A49-A48),SUM,
Dec IOP Attend,AJ48,=SUM(E48:AI48),SUM,
Dec IOP Attend,D50,=SUM(A51-A50),SUM,
Dec IOP Attend,AJ50,=SUM(E50:AI50),SUM,
Dec IOP Attend,D52,=SUM(A53-A52),SUM,
Dec IOP Attend,AJ52,=SUM(E52:AI52),SUM,
Dec IOP Attend,D54,=SUM(A55-A54),SUM,
Dec IOP Attend,AJ54,=SUM(E54:AI54),SUM,
Dec IOP Attend,D56,=SUM(A57-A56),SUM,
Dec IOP Attend,AJ56,=SUM(E56:AI56),SUM,
Dec IOP Attend,D58,=SUM(A59-A58),SUM,
Dec IOP Attend,AJ58,=SUM(E58:AI58),SUM,
Dec IOP Attend,D60,=SUM(A61-A60),SUM,
Dec IOP Attend,AJ60,=SUM(E60:AI60),SUM,
Dec IOP Attend,D62,=SUM(A63-A62),SUM,
Dec IOP Attend,AJ62,=SUM(E62:AI62),SUM,
Dec IOP Attend,D64,=SUM(A65-A64),SUM,
Dec IOP Attend,AJ64,=SUM(E64:AI64),SUM,
Dec IOP Attend,D66,=SUM(A67-A66),SUM,
Dec IOP Attend,AJ66,=SUM(E66:AI66),SUM,
Dec IOP Attend,D68,=SUM(A69-A68),SUM,
Dec IOP Attend,AJ68,=SUM(E68:AI68),SUM,
Dec IOP Attend,D70,=SUM(A71-A70),SUM,
Dec IOP Attend,AJ70,=SUM(E70:AI70),SUM,
Dec IOP Attend,D72,=SUM(A73-A72),SUM,
Dec IOP Attend,AJ72,=SUM(E72:AI72),SUM,
Dec IOP Attend,D74,=SUM(A75-A74),SUM,
Dec IOP Attend,AJ74,=SUM(E74:AI74),SUM,
Dec IOP Attend,D76,=SUM(A77-A76),SUM,
Dec IOP Attend,AJ76,=SUM(E76:AI76),SUM,
Dec IOP Attend,D78,=SUM(A79-A78),SUM,
Dec IOP Attend,AJ78,=SUM(E78:AI78),SUM,
Dec IOP Attend,D80,=SUM(A81-A80),SUM,
Dec IOP Attend,AJ80,=SUM(E80:AI80),SUM,
Dec IOP Attend,D82,=SUM(A83-A82),SUM,
Dec IOP Attend,AJ82,=SUM(E82:AI82),SUM,
Dec IOP Attend,D84,=SUM(A85-A84),SUM,
Dec IOP Attend,AJ84,=SUM(E84:AI84),SUM,
Dec IOP Attend,D86,=SUM(A87-A86),SUM,
Dec IOP Attend,AJ86,=SUM(E86:AI86),SUM,
Dec IOP Attend,D88,=SUM(A89-A88),SUM,
Dec IOP Attend,AJ88,=SUM(E88:AI88),SUM,
Dec IOP Attend,D90,=SUM(A91-A90),SUM,
Dec IOP Attend,AJ90,=SUM(E90:AI90),SUM,
Dec IOP Attend,D92,=SUM(A93-A92),SUM,
Dec IOP Attend,AJ92,=SUM(E92:AI92),SUM,
Dec IOP Attend,D94,=SUM(A95-A94),SUM,
Dec IOP Attend,AJ94,=SUM(E94:AI94),SUM,
Dec IOP Attend,D96,=SUM(A97-A96),SUM,
Dec IOP Attend,AJ96,=SUM(E96:AI96),SUM,
Dec IOP Attend,D98,=SUM(A99-A98),SUM,
Dec IOP Attend,AJ98,=SUM(E98:AI98),SUM,
Dec IOP Attend,D100,=SUM(A101-A100),SUM,
Dec IOP Attend,AJ100,=SUM(E100:AI100),SUM,
Dec IOP Attend,D102,=SUM(A103-A102),SUM,
Dec IOP Attend,AJ102,=SUM(E102:AI102),SUM,
Dec IOP Attend,G104,=SUM(G4:G102),SUM,
Dec IOP Attend,N104,=SUM(N4:N102),SUM,
Dec IOP Attend,U104,=SUM(U4:U102),SUM,
Dec IOP Attend,AB104,=SUM(AB4:AB102),SUM,
Dec IOP Attend,AI104,=SUM(AI4:AI102),SUM,
Dec IOP Attend,AJ104,=SUM(E104:AI104),SUM,
Dec IOP Attend,L105,=SUM(G104:K104),SUM,
Dec IOP Attend,S105,=SUM(N104:R104),SUM,
Dec IOP Attend,Z105,=SUM(U104:Y104),SUM,
Dec IOP Attend,AG105,=SUM(AB104:AF104),SUM,
Dec IOP Attend,AI105,=AI104,,
Dec IOP Attend,B106,='Staffing December'!K1,,Staffing December
Dec IOP Attend,B109,=AJ2,,
Dec IOP Attend,C109,='Daily Census IP 2012'!A2,,Daily Census IP 2012
Dec IOP Attend,B112,=SUM(AJ2*C112),SUM,
Dec IOP Attend,C112,='Daily Census IP 2012'!A53,,Daily Census IP 2012
